taxon,Display,Species,Genus,Family,Order,Class,Phylum,conf_score,source,beta_pooled,ci_lb,ci_ub,mean_RA,score_pool,score_comb,score_indiv
ACGGAAGGTCCAGGCGTTATCCGGATTTATTGGGTTTAAAGGGAGCGCAGGCGGCGGCGTAAGTCAGTTGTGAAATCGTGCGGCTTAACCGTGCAATTGCAGTTGATACTGCGTCGCTTGAGTGCACACAGGGATGTTGGAATTCATGGTGTAGCGGTGAAATGCTTAGATATCATGAAGAACTCCGATCGCGAAGGCATATGTCCGGAGTGCAACTGACGCTGAGGCTCG,Alloprevotella,NA,Alloprevotella,Prevotellaceae,Bacteroidales,Bacteroidia,Bacteroidota,10,Meta; Combined; Per-dataset,-1.31634448925544,-1.75165399242184,-0.881034986089046,6.01330109550918e-4,5,2.5,2.5
ACGGAAGGTCCGGGCGTTATCCGGATTTATTGGGTTTAAAGGGAGCGTAGGCCGGAGATTAAGCGTGTTGTGAAATGTAGAGGCTCAACCTCTGCACTGCAGCGCGAACTGGTCTTCTTGAGTACGCACAACGTGGGCGGAATTCGTGGTGTAGCGGTGAAATGCTTAGATATCACGAAGAACTCCGATTGCGAAGGCAGCTCACGGGAGCGCAACTGACGCTGAAGCTCG,Prevotella_9,NA,Prevotella_9,Prevotellaceae,Bacteroidales,Bacteroidia,Bacteroidota,8.75,Meta; Combined; Per-dataset,-0.819724982507926,-1.33155629895386,-0.307893666061989,0.0024364299747912984,5,2.5,1.25
ACGTAGGGAGCGAGCGTTGTCCGGAATTACTGGGTGTAAAGGGAGCGTAGGCGGGATCGCAAGTCAGATGTGAAAACTATGGGCTTAACCCATAAACTGCATTTGAAACTGTGGTTCTTGAGTGAAGTAGAGGTAAGCGGAATTCCTAGTGTAGCGGTGAAATGCGTAGATATTAGGAGGAACATCAGTGGCGAAGGCGGCTTACTGGGCTTTAACTGACGCTGAGGCTCG,bicirculans,bicirculans,Ruminococcus,Ruminococcaceae,Oscillospirales,Clostridia,Firmicutes,8.75,Meta; Combined; Per-dataset,-0.985699655664343,-1.39389473385555,-0.57750457747314,5.431017641011911e-4,5,2.5,1.25
ACGTAGGGGGCAAGCGTTATCCGGATTTACTGGGTGTAAAGGGAGCGTAGACGGCAAGGCAAGTCTGATGTGAAAACCCAGGGCTTAACCCTGGGACTGCATTGGAAACTGTCTGGCTCGAGTGCCGGAGAGGTAAGCGGAATTCCTAGTGTAGCGGTGAAATGCGTAGATATTAGGAAGAACACCAGTGGCGAAGGCGGCTTACTGGACGGTAACTGACGTTGAGGCTCG,saccharivorans,saccharivorans,Fusicatenibacter,Lachnospiraceae,Lachnospirales,Clostridia,Firmicutes,8.75,Meta; Combined; Per-dataset,-0.8084094776531772,-1.20647587848857,-0.410343076817788,0.0028077490499800553,5,2.5,1.25
ACGTAGGGGGCAAGCGTTATCCGGATTTACTGGGTGTAAAGGGAGCGTAGACGGCGAGGCAAGTCTGATGTGAAAACCCGGGGCTCAACCCCGTGACTGCATTGGAAACTGTTTTGCTTGAGTGCCGGAGAGGTAAGCGGAATTCCTAGTGTAGCGGTGAAATGCGTAGATATTAGGAGGAACACCAGTGGCGAAGGCGGCTTACTGGACGGCAACTGACGTTGAGGCTCG,CAG-56,NA,CAG-56,Lachnospiraceae,Lachnospirales,Clostridia,Firmicutes,8.75,Meta; Combined; Per-dataset,-0.855661215542449,-1.28157857777707,-0.429743853307827,9.035370364021485e-4,5,2.5,1.25
ACGTAGGGTGCAAGCGTTGTCCGGAATTACTGGGTGTAAAGGGAGCGCAGGCGGGAAGACAAGTTGGAAGTGAAAACCATGGGCTCAACCCATGAATTGCTTTCAAAACTGTTTTTCTTGAGTAGTGCAGAGGTAGATGGAATTCCCGGTGTAGCGGTGGAATGCGTAGATATCGGGAGGAACACCAGTGGCGAAGGCGGTCTACTGGGCACCAACTGACGCTGAGGCTCG,Subdoligranulum,NA,Subdoligranulum,Ruminococcaceae,Oscillospirales,Clostridia,Firmicutes,8.75,Meta; Combined; Per-dataset,-0.987360879947799,-1.34424583456565,-0.63047592532995,0.007556261551569544,5,2.5,1.25
ACGTAGGTGGCAAGCGTTATCCGGAATTACTGGGTGTAAAGGGAGCGCAGGCGGGATAGCAAGTCAGCTGTGAAAACTATGGGCTCAACCCATAAACTGCAGTTGAAACTGTTATTCTTGAGTGGAGTAGAGGCAAGCGGAATTCCGAGTGTAGCGGTGAAATGCGTAGATATTCGGAGGAACACCAGTGGCGAAGGCGGCTTGCTGGGCTCTAACTGACGCTGAGGCTCG,[Eubacterium] coprostanoligenes group,NA,NA,[Eubacterium] coprostanoligenes group,Oscillospirales,Clostridia,Firmicutes,8.75,Meta; Combined; Per-dataset,-1.13026579630028,-1.54295412079112,-0.717577471809432,8.364202519273855e-4,5,2.5,1.25
ACGTAGGTGGCAAGCGTTGTCCGGAATTATTGGGCGTAAAGCGCGCGCAGGCGGATTGGTCAGTCTGTCTTAAAAGTTCGGGGCTTAACCCCGTGATGGGATGGAAACTGCCAATCTAGAGTATCGGAGAGGAAAGTGGAATTCCTAGTGTAGCGGTGAAATGCGTAGATATTAGGAAGAACACCAGTGGCGAAGGCGACTTTCTGGACGAAAACTGACGCTGAGGCGCG,Veillonella,NA,Veillonella,Veillonellaceae,Veillonellales-Selenomonadales,Negativicutes,Firmicutes,8.75,Meta; Combined; Per-dataset,1.32699446054257,0.884173686145932,1.7698152349392,0.0012238836347330448,5,2.5,1.25
ACGTATGGTGCAAGCGTTATCCGGATTTACTGGGTGTAAAGGGAGCGTAGACGGATGGGCAAGTCTGATGTGAAAACCCGGGGCTCAACCCCGGGACTGCATTGGAAACTGTTCATCTAGAGTGCTGGAGAGGTAAGTGGAATTCCTAGTGTAGCGGTGAAATGCGTAGATATTAGGAGGAACACCAGTGGCGAAGGCGGCTTACTGGACAGTAACTGACGTTGAGGCTCG,[Ruminococcus] torques group,NA,[Ruminococcus] torques group,Lachnospiraceae,Lachnospirales,Clostridia,Firmicutes,8.75,Meta; Combined; Per-dataset,0.791424331339814,0.414290482620046,1.16855818005958,8.951927875215023e-4,5,2.5,1.25
ACGTATGGTGCAAGCGTTATCCGGATTTACTGGGTGTAAAGGGTGAGTAGGCGGTCATGCAAGTCATATGTGAAATGTCAGGGCTTAACCTTGGCGCTGCATAAGAAACTGTATGACTAGAGTGCAGGAGAGGTAAGCGGAATTCCTAGTGTAGCGGTGAAATGCGTAGATATTAGGAAGAACACCGGTGGCGAAGGCGGCTTACTGGACTGTTACTGACGCTGAGTCACG,Tyzzerella,NA,Tyzzerella,Lachnospiraceae,Lachnospirales,Clostridia,Firmicutes,8.75,Meta; Combined; Per-dataset,-1.24996763145954,-2.14265239284243,-0.357282870076646,1.632570433169913e-4,5,2.5,1.25
ACGTATGGTGCAAGCGTTATCCGGATTTACTGGGTGTAAAGGGTGCGTAGGTGGCAAGGCAAGTCTGAAGTGAAAATCCGGGGCTCAACCCCGGAACTGCTTTGGAAACTGTTTAGCTAGAGTACAGGAGAGGTAAGTGGAATTCCTAGTGTAGCGGTGAAATGCGTAGATATTAGGAGGAACACCAGTGGCGAAGGCGACTTACTGGACTGCTACTGACACTGAGGCACG,eutactus,eutactus,Coprococcus,Lachnospiraceae,Lachnospirales,Clostridia,Firmicutes,8.75,Meta; Combined; Per-dataset,-0.718194281668403,-1.03364543471457,-0.402743128622239,4.885920513047956e-4,5,2.5,1.25
ACGGAGGATCCGAGCGTTATCCGGATTTATTGGGTTTAAAGGGAGCGTAGGTGGACTGGTAAGTCAGTTGTGAAAGTTTGCGGCTCAACCGTAAAATTGCAGTTGATACTGTCAGTCTTGAGTACAGTAGAGGTGGGCGGAATTCGTGGTGTAGCGGTGAAATGCTTAGATATCACGAAGAACTCCGATTGCGAAGGCAGCTCACTGGACTGCAACTGACACTGATGCTCG,Bacteroides,NA,Bacteroides,Bacteroidaceae,Bacteroidales,Bacteroidia,Bacteroidota,7.5,Meta; Combined,0.61029044742469,0.270626960674465,0.949953934174914,0.00438163764591325,5,2.5,0
ACGGAGGGTGCAAGCGTTAATCGGAATTACTGGGCGTAAAGCGCACGCAGGCGGTCTGTCAAGTCGGATGTGAAATCCCCGGGCTCAACCTGGGAACTGCATTCGAAACTGGCAGGCTAGAGTCTTGTAGAGGGGGGTAGAATTCCAGGTGTAGCGGTGAAATGCGTAGAGATCTGGAGGAATACCGGTGGCGAAGGCGGCCCCCTGGACAAAGACTGACGCTCAGGTGCG,Klebsiella,NA,Klebsiella,Enterobacteriaceae,Enterobacterales,Gammaproteobacteria,Proteobacteria,7.5,Meta; Combined,-0.927409610095563,-1.33149908373653,-0.523320136454599,0.03960878896106664,5,2.5,0
ACGTAGGATGCAAGCGTTATCCGGATTTACTGGGTGTAAAGGGAGCGCAGGCGGGACTGCAAGTTGGATGTGAAATACCGTGGCTTAACCACGGAACTGCATCCAAAACTGTAGTTCTTGAGTGAAGTAGAGGCAAGCGGAATTCCGAGTGTAGCGGTGAAATGCGTAGATATTCGGAGGAACACCAGTGGCGAAGGCGGCTTGCTGGGCTTTAACTGACGCTGAGGCTCG,[Eubacterium] coprostanoligenes group,NA,NA,[Eubacterium] coprostanoligenes group,Oscillospirales,Clostridia,Firmicutes,7.5,Meta; Combined,0.513647664722053,0.139209674631575,0.888085654812531,0.0036540554228638587,5,2.5,0
ACGTAGGGAGCAAGCGTTGTCCGGATTTACTGGGTGTAAAGGGTGCGTAGGCGGCTTTGCAAGTCAGATGTGAAATCTATGGGCTCAACCCATAAACTGCATTTGAAACTGTAGAGCTTGAGTGAAGTAGAGGCAGGCGGAATTCCCCGTGTAGCGGTGAAATGCGTAGAGATGGGGAGGAACACCAGTGGCGAAGGCGGCCTGCTGGGCTTTAACTGACGCTGAGGCACG,bromii,bromii,Ruminococcus,Ruminococcaceae,Oscillospirales,Clostridia,Firmicutes,7.5,Meta; Combined,-0.693826233168656,-1.1226569280126,-0.264995538324711,0.008980679254510293,5,2.5,0
ACGTAGGGTGCAAGCGTTATCCGGAATTATTGGGCGTAAAGGGCTCGTAGGCGGTTCGTCGCGTCCGGTGTGAAAGTCCATCGCTTAACGGTGGATCCGCGCCGGGTACGGGCGGGCTTGAGTGCGGTAGGGGAGACTGGAATTCCCGGTGTAACGGTGGAATGTGTAGATATCGGGAAGAACACCAATGGCGAAGGCAGGTCTCTGGGCCGTCACTGACGCTGAGGAGCG,Bifidobacterium,NA,Bifidobacterium,Bifidobacteriaceae,Bifidobacteriales,Actinobacteria,Actinobacteriota,7.5,Meta; Combined,-0.86975668070537,-1.70108870764291,-0.038424653767836,0.07681089700856863,5,2.5,0
ACGTAGGGTGCAAGCGTTGTCCGGAATTACTGGGTGTAAAGGGAGCGCAGGCGGACCGGCAAGTTGGAAGTGAAAACTATGGGCTCAACCCATAAATTGCTTTCAAAACTGCTGGCCTTGAGTAGTGCAGAGGTAGGTGGAATTCCCGGTGTAGCGGTGGAATGCGTAGATATCGGGAGGAACACCAGTGGCGAAGGCGACCTACTGGGCACCAACTGACGCTGAGGCTCG,Subdoligranulum,NA,Subdoligranulum,Ruminococcaceae,Oscillospirales,Clostridia,Firmicutes,7.5,Meta; Combined,-0.763336326985864,-1.10320226318894,-0.423470390782786,0.015268524277864213,5,2.5,0
ACGGAGGATCCAAGCGTTATCCGGATTTATTGGGTTTAAAGGGTGCGTAGGCGGTTTAGTAAGTCAGCGGTGAAATTTTGGTGCTTAACACCAAACGTGCCGTTGATACTGCTGGGCTAGAGAGTAGTTGCGGTAGGCGGAATGTATGGTGTAGCGGTGAAATGCTTAGAGATCATACAGAACACCGATTGCGAAGGCAGCTTACCAAACTATATCTGACGTTGAGGCACG,obesi,obesi,Alistipes,Rikenellaceae,Bacteroidales,Bacteroidia,Bacteroidota,6.25,Meta; Per-dataset,-0.576261805515695,-1.11105290511736,-0.0414707059140297,4.8732227430121905e-4,5,0,1.25
ACGGAGGATGCGAGCGTTATCCGGATTTATTGGGTTTAAAGGGTGCGTAGGCGGCACGCCAAGTCAGCGGTGAAATTTCCGGGCTCAACCCGGAGTGTGCCGTTGAAACTGGCGAGCTAGAGTACACAAGAGGCAGGCGGAATGCGTGGTGTAGCGGTGAAATGCATAGATATCACGCAGAACCCCGATTGCGAAGGCAGCCTGCTAGGGTGAAACAGACGCTGAGGCACG,intestinihominis,intestinihominis,Barnesiella,Barnesiellaceae,Bacteroidales,Bacteroidia,Bacteroidota,6.25,Meta; Per-dataset,0.843854275761886,0.538981515822857,1.14872703570091,1.1627529418465714e-4,5,0,1.25
ACGGAGGATGCGAGCGTTATCCGGATTTATTGGGTTTAAAGGGTGCGTAGGCGGCACGCCAAGTCAGCGGTGAAATTTTCGGGCTCAACCCGGACTGTGCCGTTGAAACTGGCGAGCTAGAGTGCACAAGAGGCAGGCGGAATGCGTGGTGTAGCGGTGAAATGCATAGATATCACGCAGAACCCCGATTGCGAAGGCAGCCTGCTAGGGTGCGACAGACGCTGAGGCACG,Barnesiella,NA,Barnesiella,Barnesiellaceae,Bacteroidales,Bacteroidia,Bacteroidota,6.25,Meta; Per-dataset,-0.830268533614033,-1.15747111338442,-0.503065953843643,2.4243670932573208e-4,5,0,1.25
ACGTAGGGGGCAAGCGTTATCCGGATTTACTGGGTGTAAAGGGAGCGCAGGCGGCATGATAAGTCTGATGTGAAAACCCAAGGCTCAACCATGGGACTGCATTGGAAACTGTCGTGCTGGAGTGTCGGAGAGGTAAGCGGAATTCCTAGTGTAGCGGTGAAATGCGTAGATATTAGGAGGAACACCAGTGGCGAAGGCGGCTTACTGGACGATGACTGACGCTGAGGCTCG,Lachnospiraceae,NA,NA,Lachnospiraceae,Lachnospirales,Clostridia,Firmicutes,6.25,Meta; Per-dataset,-0.528165833526222,-0.895584657742152,-0.160747009310293,5.031037884885282e-4,5,0,1.25
ACGTAGGTGGCAAGCGTTGTCCGGATTTATTGGGCGTAAAGGGAACGCAGGCGGTCTTTTAAGTCTGATGTGAAAGCCTTCGGCTTAACCGAAGTAGTGCATTGGAAACTGGAAGACTTGAGTGCAGAAGAGGAGAGTGGAACTCCATGTGTAGCGGTGAAATGCGTAGATATATGGAAGAACACCAGTGGCGAAAGCGGCTCTCTGGTCTGTAACTGACGCTGAGGTTCG,Ligilactobacillus,NA,Ligilactobacillus,Lactobacillaceae,Lactobacillales,Bacilli,Firmicutes,6.25,Meta; Per-dataset,-0.592278687417309,-1.10922242556683,-0.0753349492677896,0.0030363996089812417,5,0,1.25
ACGTAGGTGGCGAGCGTTATCCGGATTTACTGGGTGTAAAGGGCGCGTAGGCGGGAATGCAAGTCAGATGTGAAATCCAAGGGCTCAACCCTTGAACTGCATTTGAAACTGTATTTCTTGAGTGTCGGAGAGGTTGACGGAATTCCTAGTGTAGCGGTGAAATGCGTAGATATTAGGAGGAACACCAGTGGCGAAGGCGGTCAACTGGACGATAACTGACGCTGAGGCGCG,NK4A214 group,NA,NK4A214 group,Oscillospiraceae,Oscillospirales,Clostridia,Firmicutes,6.25,Meta; Per-dataset,-0.593325278617444,-0.943401633136704,-0.243248924098183,8.918369482977641e-4,5,0,1.25
ACGTAGGGCGCGAGCGTTGTCCGGAATTATTGGGCGTAAAGGGCTTGTAGGCGGTTGGTCGCGTCTGCCGTGAAATCCTCTGGCTTAACTGGGGGCGTGCGGTGGGTACGGGCTGACTTGAGTGCGGTAGGGGAGACTGGAACTCCTGGTGTAGCGGTGGAATGCGCAGATATCAGGAAGAACACCGGTGGCGAAGGCGGGTCTCTGGGCCGTTACTGACGCTGAGGAGCG,odontolyticus,odontolyticus,Actinomyces,Actinomycetaceae,Actinomycetales,Actinobacteria,Actinobacteriota,5,Meta,-0.398190502868015,-0.670806372891382,-0.125574632844648,0.0014079106018942533,5,0,0
ACGTAGGGGGCAAGCGTTATCCGGATTTACTGGGTGTAAAGGGAGCGTAGACGGAATGGCAAGTCTGATGTGAAAGGCCGGGGCTCAACCCCGGGACTGCATTGGAAACTGTCAATCTAGAGTACCGGAGGGGTAAGTGGAATTCCTAGTGTAGCGGTGAAATGCGTAGATATTAGGAGGAACACCAGTGGCGAAGGCGGCTTACTGGACGGTAACTGACGTTGAGGCTCG,[Ruminococcus] gauvreauii group,NA,[Ruminococcus] gauvreauii group,Lachnospiraceae,Lachnospirales,Clostridia,Firmicutes,5,Meta,-0.355581767457623,-0.65503871587407,-0.0561248190411756,8.019548761160206e-4,5,0,0
ACGTAGGGGGCAAGCGTTATCCGGATTTACTGGGTGTAAAGGGAGCGTAGACGGATGGACAAGTCTGATGTGAAAGGCTGGGGCTCAACCCCGGGACTGCATTGGAAACTGCCCGTCTTGAGTGCCGGAGAGGTAAGCGGAATTCCTAGTGTAGCGGTGAAATGCGTAGATATTAGGAGGAACACCAGTGGCGAAGGCGGCTTACTGGACGGTAACTGACGTTGAGGCTCG,massiliensis,massiliensis,Blautia,Lachnospiraceae,Lachnospirales,Clostridia,Firmicutes,5,Meta,-0.667272951555067,-1.04693474707285,-0.287611156037283,0.013541264759570446,5,0,0
ACGTAGGGGGCAAGCGTTATCCGGATTTACTGGGTGTAAAGGGAGCGTAGACGGATTAGCAAGTCTGATGTGAAAGGCAGGGGCTCAACCCCTGGACTGCATTGGAAACTGCCAGTCTTGAGTGCCGGAGAGGTAAGCGGAATTCCTAGTGTAGCGGTGAAATGCGTAGATATTAGGAGGAACACCAGTGGCGAAGGCGGCTTACTGGACGGCAACTGACGTTGAGGCTCG,Blautia,NA,Blautia,Lachnospiraceae,Lachnospirales,Clostridia,Firmicutes,5,Meta,-0.34345653601979,-0.623236139747394,-0.0636769322921861,0.002514974752298251,5,0,0
ACGTAGGGGGCAAGCGTTATCCGGATTTACTGGGTGTAAAGGGAGCGTAGACGGCACGGCAAGCCAGATGTGAAAGCCCGGGGCTCAACCCCGGGACTGCATTTGGAACTGCTGAGCTAGAGTGTCGGAGAGGCAAGTGGAATTCCTAGTGTAGCGGTGAAATGCGTAGATATTAGGAGGAACACCAGTGGCGAAGGCGGCTTGCTGGACGATGACTGACGTTGAGGCTCG,longicatena,longicatena,Dorea,Lachnospiraceae,Lachnospirales,Clostridia,Firmicutes,5,Meta,-0.529508270608445,-0.849681020801309,-0.209335520415581,0.01097005702568523,5,0,0
ACGTAGGGGGCAAGCGTTATCCGGATTTACTGGGTGTAAAGGGAGCGTAGACGGTGTGGCAAGTCTGATGTGAAAGGCATGGGCTCAACCTGTGGACTGCATTGGAAACTGTCATACTTGAGTGCCGGAGGGGTAAGCGGAATTCCTAGTGTAGCGGTGAAATGCGTAGATATTAGGAGGAACACCAGTGGCGAAGGCGGCTTACTGGACGGTAACTGACGTTGAGGCTCG,Blautia,NA,Blautia,Lachnospiraceae,Lachnospirales,Clostridia,Firmicutes,5,Meta,-0.688915186642029,-1.03242178628887,-0.345408586995189,0.0204566517177634,5,0,0
ACGTAGGGGGCTAGCGTTATCCGGAATTACTGGGCGTAAAGGGTGCGTAGGTGGTTTCTTAAGTCAGAGGTGAAAGGCTACGGCTCAACCGTAGTAAGCCTTTGAAACTGGGAAACTTGAGTGCAGGAGAGGAGAGTGGAATTCCTAGTGTAGCGGTGAAATGCGTAGATATTAGGAGGAACACCAGTTGCGAAGGCGGCTCTCTGGACTGTAACTGACACTGAGGCACG,Romboutsia,NA,Romboutsia,Peptostreptococcaceae,Peptostreptococcales-Tissierellales,Clostridia,Firmicutes,5,Meta,-0.696650843697022,-1.1922912709802,-0.20101041641384,0.012933767161716441,5,0,0
ACGTAGGGTGCAAGCGTTGTCCGGAATTACTGGGTGTAAAGGGAGCGCAGGCGGATTGGCAAGTTGGGAGTGAAATCTATGGGCTCAACCCATAAATTGCTTTCAAAACTGTCAGTCTTGAGTGGTGTAGAGGTAGGCGGAATTCCCGGTGTAGCGGTGGAATGCGTAGATATCGGGAGGAACACCAGTGGCGAAGGCGGCCTACTGGGCACTAACTGACGCTGAGGCTCG,UBA1819,NA,UBA1819,Ruminococcaceae,Oscillospirales,Clostridia,Firmicutes,5,Meta,-0.379623140799421,-0.73122737004233,-0.028018911556512,6.342536132865112e-4,5,0,0
ACGTAGGTCACAAGCGTTGTCCGGAATTACTGGGTGTAAAGGGAGCGCAGGCGGGAGAACAAGTTGGAAGTGAAATCCATGGGCTCAACCCATGAACTGCTTTCAAAACTGTTTTTCTTGAGTAGTGCAGAGGTAGGCGGAATTCCCGGTGTAGCGGTGGAATGCGTAGATATCGGGAGGAACACCAGTGGCGAAGGCGGCCTACTGGGCACCAACTGACGCTGAGGCTCG,prausnitzii,prausnitzii,Faecalibacterium,Ruminococcaceae,Oscillospirales,Clostridia,Firmicutes,5,Meta,-0.503176079827259,-0.931188917448272,-0.0751632422062464,0.007400260376844419,5,0,0
ACGTAGGTCACAAGCGTTGTCCGGAATTACTGGGTGTAAAGGGAGCGCAGGCGGGCGATCAAGTTGGAAGTGAAATCCATGGGCTCAACCCATGAACTGCTTTCAAAACTGGTCGTCTTGAGTAGTGCAGAGGTAGGCGGAATTCCCGGTGTAGCGGTGGAATGCGTAGATATCGGGAGGAACACCAGTGGCGAAGGCGGCCTACTGGGCACCAACTGACGCTGAGGCTCG,Faecalibacterium,NA,Faecalibacterium,Ruminococcaceae,Oscillospirales,Clostridia,Firmicutes,5,Meta,-0.361991069248321,-0.711821457342091,-0.0121606811545515,6.205581613193636e-4,5,0,0
ACGTATGGTGCAAGCGTTATCCGGATTTACTGGGTGTAAAGGGAGCGCAGGCGGTGCGGCAAGTCTGATGTGAAAGCCCGGGGCTCAACCCCGGTACTGCATTGGAAACTGTCGTACTAGAGTGTCGGAGGGGTAAGTGGAATTCCTAGTGTAGCGGTGAAATGCGTAGATATTAGGAGGAACACCAGTGGCGAAGGCGGCTTACTGGACGATAACTGACGCTGAGGCTCG,Agathobacter,NA,Agathobacter,Lachnospiraceae,Lachnospirales,Clostridia,Firmicutes,5,Meta,-0.528097154539123,-0.96099548421199,-0.095198824866256,0.004338283831076849,5,0,0
ACGTATGGTGCAAGCGTTATCCGGATTTACTGGGTGTAAAGGGAGCGTAGGTGGCAAGGCAAGCCAGAAGTGAAAACCCGGGGCTCAACCGCGGGATTGCTTTTGGAACTGTCATGCTAGAGTGCAGGAGGGGTGAGCGGAATTCCTAGTGTAGCGGTGAAATGCGTAGATATTAGGAGGAACACCGGAGGCGAAGGCGGCTCACTGGACTGTAACTGACACTGAGGCTCG,Lachnospiraceae ND3007 group,NA,Lachnospiraceae ND3007 group,Lachnospiraceae,Lachnospirales,Clostridia,Firmicutes,5,Meta,-0.407860500557126,-0.80569170906885,-0.0100292920454015,6.697166710292577e-4,5,0,0
