ASV	mlp	xgboost	svm	lr	rf	Taxonomy
ACGGAGGGTGCAAGCGTTAATCGGAATTACTGGGCGTAAAGCGCACGCAGGCGGTTTGTTAAGTCAGATGTGAAATCCCCGGGCTCAACCTGGGA	0.01638895939176415	0.005223649	0.029494365452603765	0.11319659533624929	0.015559838389173623	Bacteria; Pseudomonadota; Gammaproteobacteria; Enterobacterales; Enterobacteriaceae
ACGTAGGGTGCAAGCGTTATCCGGAATTATTGGGCGTAAAGGGCTCGTAGGCGGTTCGTCGCGTCCGGTGTGAAAGTCCATCGCTTAACGGTGG	0.015569511422175943	0.008267367	0.020131074832729565	0.0331189470673712	0.018011022266535705	Bacteria; Actinomycetota; Actinomycetes; Actinomycetales; Bifidobacteriaceae; Bifidobacterium
ACGTAGGTCACAAGCGTTGTCCGGAATTACTGGGTGTAAAGGGAGCGCAGGCGGGAGAACAAGTTGGAAGTGAAATCCATGGGCTCAACCCATGA	0.00437038917113712	0.0025926847	0.0032771517169559576	0.06319814950564448	0.013698830017314393	Bacteria; Bacillota; Clostridia; Oscillospirales; Ruminococcaceae; Faecalibacterium
ACGTAGGGGGCAAGCGTTATCCGGATTTACTGGGTGTAAAGGGAGCGTAGACGGTGTGGCAAGTCTGATGTGAAAGGCATGGGCTCAACCTGTGG	0.010379674281450625	0.0072604935	0.0028089871859622545	0.04087119584845577	0.025326876201155906	Bacteria; Bacillota; Clostridia; Lachnospirales; Lachnospiraceae; Blautia_A
ACGTAGGGGGCAAGCGTTATCCGGATTTACTGGGTGTAAAGGGAGCGTAGACGGCATGGCAAGCCAGATGTGAAAGCCCGGGGCTCAACCCCGGG	0.011745420897430973	0.0024468158	0.008895126088880491	0.04953802592671565	0.01279238905642992	Bacteria; Bacillota; Clostridia; Lachnospirales; Lachnospiraceae; Dorea_A
ACGTAGGGTGCAAGCGTTGTCCGGAATTACTGGGTGTAAAGGGAGCGCAGGCGGGAAGACAAGTTGGAAGTGAAAACCATGGGCTCAACCCATGA	0.009287076988666352	0.019375063	0.004213480778943382	0.034189032865491936	0.013208530759496385	Bacteria; Bacillota; Clostridia; Oscillospirales; Ruminococcaceae; Gemmiger; qucibialis
ACGTAGGGGGCAAGCGTTATCCGGAATTATTGGGCGTAAAGAGTACGTAGGTGGTTTTCTAAGCACGGGGTTTAAGGCAATGGCTTAACCATTGT	0.0046435384943331924	0.058331706	0.004681645309937091	0.0008252190166870119	0.005867068233135573	Bacteria; Bacillota; Clostridia; Peptostreptococcales; Anaerovoracaceae; Lentihominibacter; faecis
ACGTAGGGAGCGAGCGTTGTCCGGAATTACTGGGTGTAAAGGGAGCGTAGGCGGGATCGCAAGTCAGATGTGAAAACTATGGGCTTAACCCATAA	0.0046435384943331924	0.047601786	0.004681645309937091	0.006449867630408343	0.005530890845851017	Bacteria; Bacillota; Clostridia; Oscillospirales; Ruminococcaceae; Hominimerdicola; aceti
ACGTAGGTGGCAAGCGTTGTCCGGATTTATTGGGCGTAAAGCGAGCGCAGGCGGTTCCTTAAGTCTGATGTGAAAGCCCCCGGCTCAACCGGGGA	0.0046435384943331924	0.04881446	0.004681645309937091	0.0006407431977003432	0.006082167562771201	Bacteria; Bacillota; Bacilli; Lactobacillales; Aerococcaceae
ACGTAGGTGGCGAGCGTTATCCGGAATTATTGGGCGTAAAGAGGGAGCAGGCGGCACTAAGGGTCTGTGGTGAAAGATCGAAGCTTAACTTCGGT	0.004097239847941049	0.026828988	0.0051498098409308	0.017806758023263296	0.010107422969623628	Bacteria; Bacillota; Bacilli; Erysipelotrichales; Coprobacillaceae; Faecalibacillus
ACGTAGGGGGCAAGCGTTATCCGGATTTACTGGGTGTAAAGGGAGCGTAGACGGCATAGCAAGTCTGGAGTGAAAGCCCGGGGCTCAACCCCGGT	0.0046435384943331924	0.04141038	0.004681645309937091	0.0031521215342099696	0.010018315169749294	Bacteria; Bacillota; Clostridia; Lachnospirales; Lachnospiraceae
ACGGAGGGTGCAAGCGTTAATCGGAATTACTGGGCGTAAAGCGCACGCAGGCGGTCTGTCAAGTCGGATGTGAAATCCCCGGGCTCAACCTGGGA	0.012838018190215251	0.019477516	0.0	0.022740611173942535	0.0066607544272715416	Bacteria; Pseudomonadota; Gammaproteobacteria; Enterobacterales; Enterobacteriaceae; Enterobacter
ACAGAGGTCTCAAGCGTTGTTCGGAATCACTGGGCGTAAAGCGTGCGTAGGCGGTTTCGTAAGTCGTGTGTGAAAGGCGGGGGCTCAACCCCCGG	0.0046435384943331924	0.027618947	0.004681645309937091	0.02001559828566107	0.004179515685283078	Bacteria; Verrucomicrobiota; Verrucomicrobiia; Verrucomicrobiales; Akkermansiaceae; Akkermansia
ACGTATGGTGCAAGCGTTATCCGGATTTACTGGGTGTAAAGGGAGCGCAGGCGGTGCGGCAAGTCTGATGTGAAAGCCCGGGGCTCAACCCCGGT	0.00437038917113712	0.020731416	0.0037453162479496728	0.020669291617801844	0.009182418455736821	Bacteria; Bacillota; Clostridia; Lachnospirales; Lachnospiraceae; Agathobacter
ACGTAGGGGGCGAGCGTTATCCGGATTCATTGGGCGTAAAGCGCGCGTAGGCGGCCCGGCAGGCCGGGGGTCGAAGCGGGGGGCTCAACCCCCC	0.008194479695882079	0.01749796	0.009363290619874181	0.014294825051995185	0.006421037729851225	Bacteria; Actinomycetota; Coriobacteriia; Coriobacteriales; Coriobacteriaceae; Collinsella
ACGGAGGATCCGAGCGTTATCCGGATTTATTGGGTTTAAAGGGAGCGTAGATGGATGTTTAAGTCAGTTGTGAAAGTTTGCGGCTCAACCGTAAA	0.005189837140725328	0.0033197955	0.004681645309937091	0.028834123753708994	0.01242806730702342	Bacteria; Bacteroidota; Bacteroidia; Bacteroidales; Bacteroidaceae
ACGTAGGGTGCAAGCGTTAATCGGAATTACTGGGCGTAAAGCGTGCGCAGGCGGTTCTGTAAGACAGATGTGAAATCCCCGGGCTCAACCTGGGA	0.0046435384943331924	0.041174784	0.004681645309937091	0.0008280648873442217	0.0019959396763337815	Bacteria; Pseudomonadota; Gammaproteobacteria; Burkholderiales; Burkholderiaceae
ACGTAGGGAGCAAGCGTTGTCCGGATTTACTGGGTGTAAAGGGTGCGTAGGCGGCTTTGCAAGTCAGATGTGAAATCTATGGGCTCAACCCATAA	0.005736135787117461	0.0073991516	0.0051498098409308	0.024723220990006737	0.009626083209730947	Bacteria; Bacillota; Clostridia; Oscillospirales; Acutalibacteraceae; Ruminococcoides
ACGTAGGTGGCAAGCGTTGTCCGGAATTATTGGGCGTAAAGCGCGCGCAGGCGGATTGGTCAGTCTGTCTTAAAAGTTCGGGGCTTAACCCCGT	0.006555583756705666	0.016672758	0.004681645309937091	0.009600949407300337	0.010565196557672367	Bacteria; Bacillota; Negativicutes; Veillonellales; Veillonellaceae; Veillonella
ACGTAGGTCACAAGCGTTGTCCGGAATTACTGGGTGTAAAGGGAGCGCAGGCGGGAAGACAAGTTGGAAGTGAAATCTATGGGCTCAACCCATAA	0.003824090524744973	0.008364384	0.0028089871859622545	0.020548562869123196	0.01246633961889332	Bacteria; Bacillota; Clostridia; Oscillospirales; Ruminococcaceae; Faecalibacterium
ACGTAGGGCGCAAGCGTTATCCGGATTTATTGGGCGTAAAGGGCTCGTAGGCGGCTCGTCGCGTCCGGTGTGAAAGTCCATCGCTTAACGGTGGA	0.008194479695882079	0.00488037	0.008895126088880472	0.017785951707391983	0.0077414699634316166	Bacteria; Actinomycetota; Actinomycetes; Actinomycetales; Bifidobacteriaceae
ACAGAGGTCTCAAGCGTTGTTCGGAATCACTGGGCGTAAAGCGTGCGTAGGCTGTTTCGTAAGTCGTGTGTGAAAGGCGCGGGCTCAACCCGCGG	0.006009285110313533	0.0062308568	0.008895126088880491	0.015062185402250317	0.011072313370768926	Bacteria; Verrucomicrobiota; Verrucomicrobiia; Verrucomicrobiales; Akkermansiaceae; Akkermansia
ACGGAGGATCCGAGCGTTATCCGGATTTATTGGGTTTAAAGGGAGCGTAGGTGGATTGTTAAGTCAGTTGTGAAAGTTTGCGGCTCAACCGTAAA	0.0046435384943331924	0.0076468154	0.009363290619874181	0.016308942622612177	0.00897541786995047	Bacteria; Bacteroidota; Bacteroidia; Bacteroidales; Bacteroidaceae; Bacteroides
ACGTAGGTCCCGAGCGTTGTCCGGATTTATTGGGCGTAAAGCGAGCGCAGGCGGTTTGATAAGTCTGAAGTTAAAGGCTGTGGCTCAACCATAG	0.006282434433509597	0.004588923	0.0051498098409308	0.012617407014911678	0.015960498879654592	Bacteria; Bacillota; Bacilli; Lactobacillales; Streptococcaceae; Streptococcus
ACGTAGGTGGCGAGCGTTGTCCGGATTTACTGGGCGTAAAGGGAGCGTAGGCGGATTTTTAAGTGAGATGTGAAATACTCGGGCTTAACCTGAGT	0.00491668781752926	0.006244216	0.004681645309937091	0.01720707237671306	0.010270398008849387	Bacteria; Bacillota; Clostridia; Clostridiales; Clostridiaceae; Clostridium; lentum
ACGTAGGGGGCAAGCGTTATCCGGATTTACTGGGTGTAAAGGGAGCGTAGACGGTTTTGCAAGTCTGAAGTGAAAGCCCGGGGCTTAACCCCGGG	0.0046435384943331924	0.029159872	0.004681645309937091	0.00031459126754284814	0.004377907897389443	Bacteria; Bacillota; Clostridia; Lachnospirales; Lachnospiraceae; Acetatifactor
ACGTAGGGGGCAAGCGTTATCCGGAATTACTGGGTGTAAAGGGTGCGTAGGTGGTATGGCAAGTCAGAAGTGAAAACCCAGGGCTTAACTCTGGG	0.0	0.0025051	0.004681645309937091	0.02177116920680629	0.011553674398588384	Bacteria; Bacillota; Clostridia; Lachnospirales; Lachnospiraceae; Anaerostipes
ACGTAGGGCGCGAGCGTTGTCCGGAATTATTGGGCGTAAAGGGCTTGTAGGCGGTTGGTCGCGTCTGCCGTGAAATCCTCTGGCTTAACTGGGGG	0.0046435384943331924	0.021851068	0.004681645309937091	0.00043783954531669147	0.008599130701944404	Bacteria; Actinomycetota; Actinomycetes; Actinomycetales; Actinomycetaceae; Pauljensenia
ACGTAGGGGGCAAGCGTTATCCGGATTTACTGGGTGTAAAGGGAGCGTAGACGGACTGGCAAGTCTGATGTGAAAGGCGGGGGCTCAACCCCTGG	0.006555583756705669	0.00513853	0.004213480778943382	0.017720366721457565	0.005996297872089674	Bacteria; Bacillota; Clostridia; Lachnospirales; Lachnospiraceae; Blautia_A
ACGTAGGGGGCTAGCGTTATCCGGAATTACTGGGCGTAAAGGGTGCGTAGGTGGTTTCTTAAGTCAGAGGTGAAAGGCTACGGCTCAACCGTAG	0.005736135787117465	0.0065060244	0.004213480778943382	0.008774830663934407	0.013835669487104966	Bacteria; Bacillota; Clostridia; Peptostreptococcales; Peptostreptococcaceae; Romboutsia_E
ACGTAGGGGGCAAGCGTTATCCGGATTTACTGGGTGTAAAGGGAGCGTAGACGGCGAAGCAAGTCTGAAGTGAAAACCCAGGGCTCAACCCTGGG	0.0046435384943331924	0.012385131	0.004681645309937091	0.002252069728235912	0.014812432646165784	Bacteria; Bacillota; Clostridia; Lachnospirales; Lachnospiraceae; Enterocloster
ACGGAGGATCCGAGCGTTATCCGGATTTATTGGGTTTAAAGGGAGCGTAGATGGGTTGTTAAGTCAGTTGTGAAAGTTTGCGGCTCAACCGTAAA	0.0046435384943331924	0.022687158	0.004681645309937091	0.002903916565305855	0.0024976046730147746	Bacteria; Bacteroidota; Bacteroidia; Bacteroidales; Bacteroidaceae
ACGTATGGAGCAAGCGTTATCCGGATTTACTGGGTGTAAAGGGAGCGTAGGCGGTCCTGCAAGTCTGATGTGAAAGGCCGGGGCTCAACCCCGGG	0.0046435384943331924	0.024032768	0.004681645309937091	0.0005845708929816272	0.003249023843979335	Bacteria; Bacillota; Clostridia; Lachnospirales; Lachnospiraceae; Eubacterium_I; ramulus
ACGTAGGGGGCAAGCGTTATCCGGATTTACTGGGTGTAAAGGGAGCGTAGACGGAAGAGCAAGTCTGATGTGAAAGGCTGGGGCTTAACCCCAGG	0.0046435384943331924	0.017280895	0.004681645309937091	0.0032379663235376976	0.006321442156626632	Bacteria; Bacillota; Clostridia; Lachnospirales; Lachnospiraceae; Blautia
ACGTATGGTGCAAGCGTTATCCGGATTTACTGGGTGTAAAGGGTGAGTAGGCGGTCATGCAAGTCATATGTGAAATGTCAGGGCTTAACCTTGGC	0.0046435384943331924	0.022232244	0.004681645309937091	0.0007697238999615691	0.0030203986322358237	Bacteria; Bacillota; Clostridia; Lachnospirales; CAG-274; CAG-274
ACGGAGGATCCAAGCGTTATCCGGATTTATTGGGTTTAAAGGGTGCGTAGGCGGTTTGATAAGTTAGAGGTGAAATACCGGGGCTCAACTCCGGA	0.0046435384943331924	0.022405526	0.004681645309937091	0.0003087967641052015	0.0027797487205549814	Bacteria; Bacteroidota; Bacteroidia; Bacteroidales; Rikenellaceae; Alistipes; finegoldii
ACGGAGGGTGCGAGCGTTAATCGGAATAACTGGGCGTAAAGGGCACGCAGGCGGTGACTTAAGTGAGGTGTGAAAGCCCCGGGCTTAACCTGGGA	0.00491668781752926	0.00832442	0.004681645309937091	0.0008926570653502235	0.01587066767117981	Bacteria; Pseudomonadota; Gammaproteobacteria; Enterobacterales; Pasteurellaceae; Haemophilus_D
ACGGAGGATCCGAGCGTTATCCGGATTTATTGGGTTTAAAGGGAGCGTAGGTGGACTGGTAAGTCAGTTGTGAAAGTTTGCGGCTCAACCGTAAA	0.004643538494333185	0.004386205	0.004681645309937091	0.011356836126399799	0.009317144296568955	Bacteria; Bacteroidota; Bacteroidia; Bacteroidales; Bacteroidaceae; Bacteroides
ACGTAGGGGGCAAGCGTTATCCGGATTTACTGGGTGTAAAGGGAGCGTAGACGGCAAGGCAAGTCTGATGTGAAAACCCAGGGCTTAACCCTGGG	0.0046435384943331924	0.0030691104	0.004681645309937091	0.010191708355697715	0.011768742700823542	Bacteria; Bacillota; Clostridia; Lachnospirales; Lachnospiraceae; Fusicatenibacter
ACGTAGGGAGCAAGCGTTGTCCGGATTTACTGGGTGTAAAGGGTGCGTAGGCGGCTAGGCAAGTCAGACGTGAAAACCATGGGCTCAACCTGTGG	0.0046435384943331924	0.009366754	0.004681645309937091	0.0009896991665203957	0.01463906607165224	Bacteria; Bacillota; Clostridia; Oscillospirales; Acutalibacteraceae; UMGS1071; sp900542375
ACGTATGGTGCAAGCGTTATCCGGATTTACTGGGTGTAAAGGGAGCGCAGGCGGAAGGCTAAGTCTGATGTGAAAGCCCGGGGCTCAACCCCGGT	0.0046435384943331924	0.010061963	0.004681645309937091	0.006018017567885516	0.008515098995967746	Bacteria; Bacillota; Clostridia; Lachnospirales; Lachnospiraceae; Roseburia
ACGTAGGGAGCGAGCGTTGTCCGGATTTACTGGGTGTAAAGGGTGCGTAGGCGGCCGAGCAAGTCAGTTGTGAAAACTATGGGCTTAACCCATAA	0.0046435384943331924	0.020003252	0.004681645309937091	3.4736412333107024e-05	0.0030396621716726295	Bacteria; Bacillota; Clostridia; Oscillospirales; Acutalibacteraceae; Pseudoruminococcus; massiliensis
ACGTAGGGGGCGAGCGTTATCCGGATTCATTGGGCGTAAAGCGCGCGTAGGCGGCCCGTCAAGCGGAACCTCTAACCCGAGGGCTCAACCCCCGG	0.0046435384943331924	0.018148802	0.004681645309937091	0.0004188207849759277	0.003779066608874335	Bacteria; Actinomycetota; Coriobacteriia; Coriobacteriales; Eggerthellaceae; Gordonibacter
ACGTAGGGGGCAAGCGTTATCCGGATTTACTGGGTGTAAAGGGAGCGTAGACGGAGCAGCAAGTCTGATGTGAAAGGCGGGGGCTCAACCCCCGG	0.0046435384943331924	0.016192041	0.004681645309937091	0.0023804345936466105	0.003675350329031272	Bacteria; Bacillota; Clostridia; Lachnospirales; Lachnospiraceae; Blautia_A
ACGGAGGATCCGAGCGTTATCCGGATTTATTGGGTTTAAAGGGAGCGTAGGCGGACGCTTAAGTCAGTTGTGAAAGTTTGCGGCTCAACCGTAAA	0.004643538494333189	0.006625518	0.004681645309937091	0.0010968803131699437	0.0136785792951595	Bacteria; Bacteroidota; Bacteroidia; Bacteroidales; Bacteroidaceae; Bacteroides
ACGTAGGGGGCAAGCGTTATCCGGATTTACTGGGTGTAAAGGGAGCGTAGACGGCAAGGCAAGTCTGAAGTGAAAGCCCGGTGCTTAACGCCGGG	0.0046435384943331924	0.015658254	0.004681645309937091	0.0012002398874350925	0.004177808850110912	Bacteria; Bacillota; Clostridia; Lachnospirales; Lachnospiraceae; Gallintestinimicrobium; propionicum
ACGTAGGTGGCAAGCGTTGTCCGGAATTATTGGGCGTAAAGCGCGCGCAGGCGGATCAGTCAGTCTGTCTTAAAAGTTCGGGGCTTAACCCCGT	0.0046435384943331924	0.0033057025	0.0051498098409308	0.009864039976923986	0.007055887315707506	Bacteria; Bacillota; Negativicutes; Veillonellales; Veillonellaceae; Veillonella
ACGTAGGGAGCAAGCGTTGTCCGGATTTACTGGGTGTAAAGGGTGCGTAGGCGGATTGGCAAGTCAGAAGTGAAATCCATGGGCTTAACCCATGA	0.0046435384943331924	0.010541061	0.004681645309937091	0.0047202827791532325	0.005161891708190406	Bacteria; Bacillota; Clostridia; Oscillospirales; Acutalibacteraceae; Hominenteromicrobium
ACGTAGGTGGCGAGCGTTGTCCGGATTTACTGGGCGTAAAGGGAGCGTAGGCGGACTTTTAAGTGAGATGTGAAATACCCGGGCTCAACTTGGGT	0.0046435384943331924	0.0071741994	0.004681645309937091	0.002254128885237997	0.01074838893669174	Bacteria; Bacillota; Clostridia; Clostridiales; Clostridiaceae; Clostridium
ACGGAGGATCCGAGCGTTATCCGGATTTATTGGGTTTAAAGGGAGCGTAGGTGGACAGTTAAGTCAGTTGTGAAAGTTTGCGGCTCAACCGTAAA	0.0046435384943331924	0.0107918875	0.004681645309937091	0.0020167872340321005	0.007256709111678415	Bacteria; Bacteroidota; Bacteroidia; Bacteroidales; Bacteroidaceae; Bacteroides
ACGTATGGAGCAAGCGTTATCCGGATTTACTGGGTGTAAAGGGTGCGTAGGTGGCAGTGCAAGTCAGATGTGAAAGGCCGGGGCTCAACCCCGGA	0.00491668781752926	0.0020248832	0.004681645309937091	0.007780696816359985	0.009522146221789167	Bacteria; Bacillota; Clostridia; Lachnospirales; Lachnospiraceae; Anaerobutyricum
ACGTAGGTGGCAAGCGTTGTCCGGAATTATTGGGCGTAAAGCGCGCGCAGGCGGATCAGTTAGTCTGTCTTAAAAGTTCGGGGCTTAACCCCGTG	0.0046435384943331924	0.0065326532	0.004681645309937091	0.005516837302585598	0.007376883773303504	Bacteria; Bacillota; Negativicutes; Veillonellales; Veillonellaceae; Veillonella
ACGTAGGGGGCAAGCGTTATCCGGATTTACTGGGTGTAAAGGGAGCGTAGACGGATTAGCAAGTCTGATGTGAAAGGCAGGGGCTCAACCCCTGG	0.0046435384943331924	0.012912209	0.004681645309937091	0.0035653664894654625	0.0021438144152434984	Bacteria; Bacillota; Clostridia; Lachnospirales; Lachnospiraceae; Blautia_A
ACGTAGGGGGCAAGCGTTATCCGGATTTACTGGGTGTAAAGGGAGCGTAGACGGCTTTGCAAGTCTGACGTGAAACTCCGGGGCTCAACTCCGGA	0.0046435384943331924	0.013853306	0.004681645309937091	0.0012585661114167125	0.002920598098521846	Bacteria; Bacillota; Clostridia; Lachnospirales; Lachnospiraceae; Limivivens; faecihominis
ACGTATGGAGCAAGCGTTATCCGGATTTACTGGGTGTAAAGGGAGTGTAGGTGGCCAGGCAAGTCAGAAGTGAAAGCCCGGGGCTCAACCCCGGG	0.0046435384943331924	0.010586817	0.004681645309937091	0.0013279975217283914	0.006007281303237778	Bacteria; Bacillota; Clostridia; Lachnospirales; Lachnospiraceae; Lachnospira
ACGTAGGGGGCAAGCGTTATCCGGATTTACTGGGTGTAAAGGGAGCGTAGACGGCGGAGCAAGTCTGAAGTGAAAGCCCGGGGCTCAACCCCGGG	0.0046435384943331924	0.015160142	0.004681645309937091	0.0006355831429699822	0.0019754019485966213	Bacteria; Bacillota; Clostridia; Lachnospirales; Lachnospiraceae
ACGTAGGTGACAAGCGTTGTCCGGATTTACTGGGTGTAAAGGGCGCGTAGGCGGACTGTCAAGTCAGTCGTGAAATACCGGGGCTTAACCCCGG	0.0046435384943331924	0.0039203083	0.004681645309937091	0.005720221142287836	0.008058625697754914	Bacteria; Bacillota; Clostridia; UBA1381; UBA1381; Hominilimicola; fabiformis
ACGTAGGTCACAAGCGTTGTCCGGAATTACTGGGTGTAAAGGGAGCGCAGGCGGGAAGACAAGTTGGAAGTGAAATCCATGGGCTCAACCCATGA	0.0046435384943331924	0.0	0.004681645309937091	0.012802493235033602	0.00427941341545764	Bacteria; Bacillota; Clostridia; Oscillospirales; Ruminococcaceae; Faecalibacterium
ACGTAGGGGGCTAGCGTTATCCGGATTTACTGGGCGTAAAGGGTGCGTAGGCGGTCTTTCAAGTCAGGAGTGAAAGGCTACGGCTCAACCGTAGT	0.0046435384943331924	0.01302698	0.004681645309937091	0.001504837277278589	0.0024000246278290524	Bacteria; Bacillota; Clostridia; Peptostreptococcales; Peptostreptococcaceae; Clostridioides
ACGTATGGTGCAAGCGTTATCCGGATTTACTGGGTGTAAAGGGAGCGTAGACGGATAGGCAAGTCTGGAGTGAAAACCCAGGGCTCAACCCTGGG	0.0046435384943331924	0.0052766884	0.004681645309937091	0.003594419610567604	0.007855162999235051	Bacteria; Bacillota; Clostridia; Lachnospirales; Lachnospiraceae; Sellimonas; intestinalis
ACGTAGGTGGCAAGCGTTGTCCGGAATTATTGGGCGTAAAGCGCGCGCAGGCGGCTTCCCAAGTCCCTCTTAAAAGTGCGGGGCTTAACCCCGTG	0.0046435384943331924	0.001617438	0.004681645309937091	0.008163587593740482	0.0069293870237288535	Bacteria; Bacillota; Negativicutes; Veillonellales; Dialisteraceae; Dialister; invisus
ACGTAGGGTGCGAGCGTTAATCGGAATTACTGGGCGTAAAGGGTGCGCAGGCGGTTGAGTAAGACAGATGTGAAATCCCCGAGCTTAACTCGGGA	0.0046435384943331924	0.011190545	0.004681645309937091	0.00147094428770254	0.0037184772160995232	Bacteria; Pseudomonadota; Gammaproteobacteria; Burkholderiales; Burkholderiaceae; Parasutterella
ACGTATGGTGCAAGCGTTATCCGGATTTACTGGGTGTAAAGGGAGCGTAGACGGATGGGCAAGTCTGATGTGAAAACCCGGGGCTCAACCCCGGG	0.00491668781752926	0.0	0.004681645309937091	0.008904718511147948	0.00637242161620538	Bacteria; Bacillota; Clostridia; Lachnospirales; Lachnospiraceae; Mediterraneibacter; torques
ACGTATGGTGCAAGCGTTATCCGGATTTACTGGGTGTAAAGGGAGCGTAGACGGCTGTGTAAGTCTGAAGTGAAAGCCCGGGGCTCAACCCCGGG	0.0046435384943331924	0.0062097916	0.004681645309937091	0.0037327991849927483	0.005492349244263573	Bacteria; Bacillota; Clostridia; Lachnospirales; Lachnospiraceae; Bariatricus
ACGTAGGTGGCAAGCGTTATCCGGAATCATTGGGCGTAAAGGGTGCGTAGGTGGCGTACTAAGTCTGTAGTAAAAGGCAATGGCTCAACCATTGT	0.00437038917113712	0.0057176645	0.004681645309937091	0.0024654151701684135	0.007395112850888753	Bacteria; Bacillota; Bacilli; Erysipelotrichales; Erysipelotrichaceae; Clostridium_AQ
ACGTAGGTGGCAAGCGTTGTCCGGATTTATTGGGCGTAAAGCGAGCGCAGGCGGTTTCTTAAGTCTGATGTGAAAGCCCCCGGCTCAACCGGGGA	0.0046435384943331924	0.0052363034	0.004681645309937091	0.0014337556472689503	0.008289099026516245	Bacteria; Bacillota; Bacilli; Lactobacillales; Enterococcaceae; Enterococcus
ACGTATGGTGCAAGCGTTATCCGGATTTACTGGGTGTAAAGGGAGCGTAGACGGAGTGGCAAGTCTGATGTGAAAACCCGGGGCTCAACCCCGGG	0.00491668781752926	0.005651975	0.004681645309937091	0.0036658417481718504	0.005339080961101959	Bacteria; Bacillota; Clostridia; Lachnospirales; Lachnospiraceae; Mediterraneibacter
ACGTAGGGGGCAAGCGTTATCCGGATTTACTGGGTGTAAAGGGAGCGTAGACGGCTGTGCAAGTCTGAAGTGAAAGGCATGGGCTCAACCTGTGG	0.00437038917113712	0.005369811	0.004681645309937091	0.0010549413416976819	0.008630481978769464	Bacteria; Bacillota; Clostridia; Lachnospirales; Lachnospiraceae
ACGGAGGATCCGAGCGTTATCCGGATTTATTGGGTTTAAAGGGAGCGTAGGCGGATTGTTAAGTCAGTTGTGAAAGTTTGCGGCTCAACCGTAAA	0.0046435384943331924	0.002349184	0.004681645309937091	0.005269168337577511	0.0070746642734894555	Bacteria; Bacteroidota; Bacteroidia; Bacteroidales; Bacteroidaceae; Bacteroides; caccae
ACGTAGGTGGCGAGCGTTATCCGGAATTATTGGGCGTAAAGAGGGAGCAGGCGGCGGCAGAGGTCTGTGGTGAAAGACTGAAGCTTAACTTCAGT	0.0046435384943331924	0.01037165	0.004681645309937091	0.0012664088318253182	0.0029936467458985647	Bacteria; Bacillota; Bacilli; Erysipelotrichales; Coprobacillaceae; Thomasclavelia; spiroformis
ACGTAGGGGGCTAGCGTTATCCGGATTTACTGGGCGTAAAGGGTGCGTAGGCGGTCTTTTAAGTCAGGAGTGAAAGGCTACGGCTCAACCGTAG	0.001912045262372477	0.0037045972	0.004681645309937091	0.002789365890587262	0.01027406139406084	Bacteria; Bacillota; Clostridia; Peptostreptococcales; Peptostreptococcaceae; Clostridioides
ACGTAGGTGGCAAGCGTTGTCCGGATTTACTGGGTGTAAAGGGCGTGCAGCCGGGCCGGCAAGTCAGATGTGAAATCTGGAGGCTTAACCTCCAA	0.0046435384943331924	0.003700953	0.004681645309937091	0.0030414413559890783	0.007069780256110592	Bacteria; Bacillota; Clostridia; Oscillospirales; Oscillospiraceae; Oscillibacter; welbionis
ACGTATGGTGCAAGCGTTATCCGGATTTACTGGGTGTAAAGGGAGCGTAGACGGTTGTGTAAGTCTGATGTGAAAGCCCGGGGCTCAACCCCGGG	0.0046435384943331924	0.003828473	0.004681645309937091	0.0012843289243123768	0.008481626285096747	Bacteria; Bacillota; Clostridia; Lachnospirales; Lachnospiraceae; Faecalimonas; phoceensis
ACGTAGGTGGCAAGCGTTATCCGGAATCATTGGGCGTAAAGGGTGCGTAGGTGGCACGATAAGTCTGAAGTAAAAGGCAACAGCTCAACTGTTGT	0.0054629864639213965	0.0	0.004681645309937091	0.0049082155662346265	0.007571085739146724	Bacteria; Bacillota; Bacilli; Erysipelotrichales; Erysipelotrichaceae; Longicatena; caecimuris
ACGTAGGGTGCAAGCGTTGTCCGGAATTACTGGGTGTAAAGGGAGCGCAGGCGGACCGGCAAGTTGGAAGTGAAAACTATGGGCTCAACCCATAA	0.0046435384943331924	0.0	0.004681645309937091	0.006388383257333557	0.006901874334919037	Bacteria; Bacillota; Clostridia; Oscillospirales; Ruminococcaceae; Gemmiger
ACGTAGGTCCCGAGCGTTGTCCGGATTTATTGGGCGTAAAGCGAGCGCAGGTGGTTTATTAAGTCTGGTGTAAAAGGCAGTGGCTCAACCATTGT	0.0054629864639213965	0.0	0.004681645309937091	0.006290351732455825	0.006070453071972093	Bacteria; Bacillota; Bacilli; Lactobacillales; Streptococcaceae; Lactococcus
ACGTAGGGTGCAAGCGTTGTCCGGAATTACTGGGTGTAAAGGGAGCGCAGGCGGATTGGCAAGTTGGGAGTGAAATCTATGGGCTCAACCCATAA	0.0046435384943331924	0.0049391743	0.004681645309937091	0.0004056813528557954	0.007728060843789996	Bacteria; Bacillota; Clostridia; Oscillospirales; Ruminococcaceae; Ruthenibacterium; lactatiformans
ACGTAGGGAGCGAGCGTTATCCGGATTCATTGGGCGTAAAGAGCGCGTAGGCGGCCTCTCAAGCGGGATCTCTAATCCGAGGGCTCAACCCCCGG	0.0046435384943331924	0.003483057	0.004681645309937091	0.00016519862611479806	0.00860079461018094	Bacteria; Actinomycetota; Coriobacteriia; Coriobacteriales; Eggerthellaceae; Eggerthella; lenta
ACGTAGGGAGCAAGCGTTGTCCGGATTTACTGGGTGTAAAGGGTGCGTAGGCGGAACTGCAAGTCAGTGGTGAAATCTGAGGGCTCAACCCTCAA	0.0046435384943331924	0.010562909	0.004681645309937091	8.452573066815922e-05	0.0012876906803056328	Bacteria; Bacillota; Clostridia; Oscillospirales; Acutalibacteraceae; Hydrogeniiclostridium; mannosilyticum
ACGTAGGTGGCAAGCGTTATCCGGATTTACTGGGTGTAAAGGGCGTGTAGGCGGGATTGCAAGTCAGATGTGAAAACTGGGGGCTCAACCTCCAG	0.0046435384943331924	0.0039127828	0.004681645309937091	0.0005325519556437253	0.007411132275409374	Bacteria; Bacillota; Clostridia; Oscillospirales; Oscillospiraceae; Flavonifractor; plautii
ACGGAGGATCCGAGCGTTATCCGGATTTATTGGGTTTAAAGGGTGCGTAGGCGGCCTTTTAAGTCAGCGGTGAAAGTCTGTGGCTCAACCATAGA	0.007375031726293874	0.0	0.004681645309937091	0.0017976287217615849	0.0070307346115908555	Bacteria; Bacteroidota; Bacteroidia; Bacteroidales; Tannerellaceae; Parabacteroides
ACGTAGGGGGCTAGCGTTATCCGGATTTACTGGGCGTAAAGGGTGCGTAGGTGGTTTCTTAAGTCAGGAGTGAAAGGCTACGGCTCAACCGTAGT	0.0046435384943331924	0.0041359537	0.004681645309937091	0.002174534308395229	0.00516054673210813	Bacteria; Bacillota; Clostridia; Peptostreptococcales; Peptostreptococcaceae; Terrisporobacter
ACGTAGGGGGCAAGCGTTATCCGGATTTACTGGGTGTAAAGGGAGCGTAGACGGATGGACAAGTCTGATGTGAAAGGCTGGGGCTCAACCCCGGG	0.0046435384943331924	0.0052865897	0.0023408226549685453	0.0006966879017287779	0.007454815548097879	Bacteria; Bacillota; Clostridia; Lachnospirales; Lachnospiraceae; Blautia_A
ACGTAGGTGGCAAGCGTTATCCGGAATTATTGGGCGTAAAGAGGGAGCAGGCGGCAGCAAGGGTCTGTGGTGAAAGCCTGAAGCTTAACTTCAGT	0.0046435384943331924	0.0029772082	0.004681645309937091	0.0010306692482770425	0.007016239551905328	Bacteria; Bacillota; Bacilli; Erysipelotrichales; Coprobacillaceae; Thomasclavelia; ramosa
ACGTATGGTGCAAGCGTTATCCGGATTTACTGGGTGTAAAGGGAGCGTAGGTGGCAAGGCAAGCCAGAAGTGAAAACCCGGGGCTCAACCGCGGG	0.0046435384943331924	0.00083232526	0.004681645309937091	0.003945274446453207	0.005785089598796379	Bacteria; Bacillota; Clostridia; Lachnospirales; Lachnospiraceae; Anthropogastromicrobium; aceti
ACGTAGGGGGCAAGCGTTATCCGGATTTACTGGGTGTAAAGGGAGCGTAGACGGCGCAGCAAGTCTGATGTGAAAGGCAGGGGCTTAACCCCTGG	0.002458343908764621	0.00052823103	0.004681645309937091	0.005015936623139914	0.007145716490914583	Bacteria; Bacillota; Clostridia; Lachnospirales; Lachnospiraceae; Blautia_A
ACGTAGGGGGCAAGCGTTATCCGGATTTACTGGGTGTAAAGGGAGCGTAGACGGCACGGCAAGCCAGATGTGAAAGCCCGGGGCTCAACCCCGGG	0.0046435384943331924	0.0015514409	0.004681645309937091	0.001274006318981214	0.007288758049291997	Bacteria; Bacillota; Clostridia; Lachnospirales; Lachnospiraceae; Dorea_A
ACGTAGGTGGCAAGCGTTGTCCGGAATTACTGGGTGTAAAGGGAGTGTAGGCGGGATATCAAGTCAGAAGTGAAAATTACGGGCTCAACTCGTAA	0.0046435384943331924	0.0	0.004681645309937091	0.002667118830478322	0.007324283919114166	Bacteria; Bacillota; Clostridia; Oscillospirales; Ruminococcaceae; Ruminiclostridium_E; siraeum
ACGGAGGATGCGAGCGTTATCCGGATTTATTGGGTTTAAAGGGTGCGTAGGTGGTGATTTAAGTCAGCGGTGAAAGTTTGTGGCTCAACCATAAA	0.00437038917113712	0.0052627586	0.004681645309937091	0.00181856341264385	0.003066693113211896	Bacteria; Bacteroidota; Bacteroidia; Bacteroidales; Tannerellaceae; Parabacteroides; merdae
ACGTAGGTCCCGAGCGTTATCCGGATTTATTGGGCGTAAAGCGAGCGCAGGCGGTTAGATAAGTCTGAAGTTAAAGGCTGTGGCTTAACCATAGT	0.0046435384943331924	0.0005165141	0.004681645309937091	0.0010168419036098815	0.008143222834122374	Bacteria; Bacillota; Bacilli; Lactobacillales; Streptococcaceae; Streptococcus
ACGTAGGGGGCAAGCGTTGTCCGGAATAATTGGGCGTAAAGGGCGCGTAGGCGGCTCGGTAAGTCTGGAGTGAAAGTCCTGCTTTTAAGGTGGGA	0.0046435384943331924	0.0	0.004681645309937091	0.00549122387217202	0.004106130533773563	Bacteria; Bacillota; Clostridia; Christensenellales; Aristaeellaceae; UBA11524; sp000437595
ACGTAGGGAGCAAGCGTTGTCCGGATTTACTGGGTGTAAAGGGTGCGTAGGCGGCTTTGCAAGTCAGATGTGAAATCTATGGGCTCAACCCATAG	0.004916687817529253	0.0	0.004681645309937091	0.0074333290107874315	0.0016950987918224534	Bacteria; Bacillota; Clostridia; Oscillospirales; Acutalibacteraceae; Ruminococcoides
ACGGAGGATTCAAGCGTTATCCGGATTTATTGGGTTTAAAGGGTGCGTAGGCGGTTTGATAAGTTAGAGGTGAAATCCCGGGGCTTAACTCCGGA	0.00437038917113712	0.0	0.004681645309937091	0.0040954550691331	0.005272989875477071	Bacteria; Bacteroidota; Bacteroidia; Bacteroidales; Rikenellaceae; Alistipes; onderdonkii
ACGGAGGATTCAAGCGTTATCCGGATTTATTGGGTTTAAAGGGTGCGTAGGCGGTTTGATAAGTTAGAGGTGAAATTTCGGGGCTCAACCCTGAA	0.0046435384943331924	0.0	0.004681645309937091	0.004411431269150494	0.004669328552294828	Bacteria; Bacteroidota; Bacteroidia; Bacteroidales; Rikenellaceae; Alistipes; putredinis
ACGGAAGGTCCGGGCGTTATCCGGATTTATTGGGTTTAAAGGGAGCGTAGGCCGGAGATTAAGCGTGTTGTGAAATGTAGACGCTCAACGTCTGC	0.0046435384943331924	0.0	0.004681645309937091	0.007326728918700678	0.0015886889503673978	Bacteria; Bacteroidota; Bacteroidia; Bacteroidales; Bacteroidaceae; Prevotella
ACGTAGGTGGCGAGCGTTATCCGGAATTATTGGGCGTAAAGAGCGCGCAGGTGGTTGATTAAGTCTGATGTGAAAGCCCACGGCTTAACCGTGGA	0.0046435384943331924	0.0	0.004681645309937091	0.0022642807661568593	0.006631553736107194	Bacteria; Bacillota; Bacilli; MOL361; Turicibacteraceae; Turicibacter
ACGTATGGTGCAAGCGTTATCCGGATTTACTGGGTGTAAAGGGAGCGCAGGCGGTACGGCAAGTCTGATGTGAAAGCCCGGGGCTCAACCCCGGT	0.0021851945855685456	0.006471917	0.004681645309937091	0.00103331593903249	0.0035431387516531893	Bacteria; Bacillota; Clostridia; Lachnospirales; Lachnospiraceae; Roseburia
ACGTATGGAGCAAGCGTTATCCGGATTTACTGGGTGTAAAGGGAGTGTAGGTGGCCATGCAAGTCAGAAGTGAAAATCCGGGGCTCAACCCCGGA	0.005189837140725328	0.0	0.004681645309937091	0.0015189323818153777	0.006278295843172351	Bacteria; Bacillota; Clostridia; Lachnospirales; Lachnospiraceae; Lachnospira
ACGTAGGGGGCAAGCGTTATCCGGATTTACTGGGTGTAAAGGGAGCGTAGACGGAGCAGCAAGTCTGATGTGAAAACCCGGGGCTCAACCCCGGG	0.00491668781752926	0.0015119463	0.004681645309937091	0.00209300491610649	0.0044434702103376515	Bacteria; Bacillota; Clostridia; Lachnospirales; Lachnospiraceae
ACGGAGGATGCGAGCGTTATCCGGATTTATTGGGTTTAAAGGGTGCGTAGGCGGCACGCCAAGTCAGCGGTGAAATTTTCGGGCTCAACCCGGAC	0.0046435384943331924	0.0036073513	0.004681645309937091	0.0011581250324911706	0.003440940001140482	Bacteria; Bacteroidota; Bacteroidia; Bacteroidales; Barnesiellaceae; Barnesiella; intestinihominis
ACGTAGGGAGCAAGCGTTATCCGGATTTACTGGGTGTAAAGGGCGCGCAGGCGGGCCGGTAAGTTGGAAGTGAAATCTATGGGCTTAACCCATAA	0.0046435384943331924	0.0033015474	0.004681645309937091	0.0011816372492186426	0.0036759276298747403	Bacteria; Bacillota; Clostridia; Oscillospirales; Butyricicoccaceae; Agathobaculum; butyriciproducens
ACGTAGGTGGCAAGCGTTATCCGGAATTATTGGGCGTAAAGAGGGAGCAGGCGGCAGCAAGGGTCTGTGGTGAAAGACTGAAGCTTAACTTCAGT	0.0046435384943331924	0.0	0.004681645309937091	0.002261377618186769	0.00587310485622518	Bacteria; Bacillota; Bacilli; Erysipelotrichales; Coprobacillaceae; Thomasclavelia
ACGGAAGGTCCGGGCGTTATCCGGATTTATTGGGTTTAAAGGGAGCGTAGGCCGGAGATTAAGCGTGTTGTGAAATGTAGATGCTCAACATCTGA	0.00437038917113712	0.0	0.004681645309937091	0.0070155281296934435	0.001305979468504535	Bacteria; Bacteroidota; Bacteroidia; Bacteroidales; Bacteroidaceae; Prevotella
ACGTAGGTGGCAAGCGTTGTCCGGAATTATTGGGCGTAAAGCGCGCGCAGGCGGCTTCCTAAGTCCATCTTAAAAGTGCGGGGCTTAACCCCGTG	0.005189837140725325	0.0	0.004681645309937091	0.003966260058908679	0.0034366281695646646	Bacteria; Bacillota; Negativicutes; Veillonellales; Dialisteraceae; Dialister; sp900538805
ACGTAGGGGGCAAGCGTTATCCGGATTTACTGGGTGTAAAGGGAGCGTAGACGGAATGGCAAGTCTGATGTGAAAGGCCGGGGCTCAACCCCGGG	0.0046435384943331924	0.0010139758	0.004681645309937091	0.00346885974159428	0.0031511291128474223	Bacteria; Bacillota; Clostridia; Lachnospirales; Lachnospiraceae; Oliverpabstia
ACGTAGGGGGCAAGCGTTATCCGGATTTACTGGGTGTAAAGGGAGCGTAGACGGCACAGCAAGTCTGAAGTGAAATCCCCGGGCTCAACCCGGGA	0.0046435384943331924	0.0	0.004681645309937091	0.001182366699658464	0.006446996407358511	Bacteria; Bacillota; Clostridia; Lachnospirales; Lachnospiraceae
ACGTAGGGAGCGAGCGTTATCCGGATTTACTGGGTGTAAAGGGCGTGTAGGCGGGGAAGCAAGTCAGATGTGAAAACCAGTGGCTCAACCACTGG	0.0046435384943331924	0.00030334704	0.004681645309937091	0.00018638737698251708	0.006807853541122118	Bacteria; Bacillota; Clostridia; Oscillospirales; Oscillospiraceae; Evtepia; gabavorous
ACGTAGGGGGCAAGCGTTATCCGGATTTACTGGGTGTAAAGGGAGCGTAGACGGCGATGCAAGCCAGATGTGAAAGCCCGGGGCTCAACCCCGGG	0.0046435384943331924	0.0	0.004681645309937091	0.001729403808892354	0.005181766531686031	Bacteria; Bacillota; Clostridia; Lachnospirales; Lachnospiraceae
ACGTAGGTGGCAAGCGTTGTCCGGAATTATTGGGCGTAAAGGGCGCGCAGGCGGCTTCTTAAGTCTGTCTTAAAAGTGCGGGGCTTAACCCCGT	0.00491668781752926	0.0	0.004681645309937091	0.0014942268763800354	0.005120337925477546	Bacteria; Bacillota; Negativicutes; Veillonellales; Megasphaeraceae
ACCGGCAGCTCTAGTGGTAGCAGTTTTTATTGGGCCTAAAGCGTCCGTAGCCGGTTTAATAAGTCTCTGGTGAAATCCTGCAGCTTAACTGTGGG	0.005189837140725328	0.0	0.004681645309937091	0.005284178184905672	0.0009835131030007025	Archaea; Methanobacteriota; Methanobacteria; Methanobacteriales; Methanobacteriaceae; Methanocatella
ACGTAGGGGGCAAGCGTTATCCGGATTTACTGGGTGTAAAGGGAGCGCAGACGGCGATGCAAGTCTGGAGTGAAAGCCCGGGGCTCAACCCCGGG	0.0046435384943331924	0.0	0.004681645309937091	0.0008266199820972047	0.005888801891188262	Bacteria; Bacillota; Clostridia; Lachnospirales; Lachnospiraceae
ACGTAGGGGGCAAGCGTTATCCGGAATTACTGGGTGTAAAGGGTGCGTAGGTGGCATGGTAAGTCAGAAGTGAAAGCCCGGGGCTTAACCCCGGG	0.0046435384943331924	0.0	0.004681645309937091	0.0009868147746784081	0.005668871080765516	Bacteria; Bacillota; Clostridia; Lachnospirales; Lachnospiraceae; Anaerostipes
ACGTAGGGGGCAAGCGTTATCCGGATTTACTGGGTGTAAAGGGAGCGCAGGCGGTGCGGCAAGTCTGATGTGAAAGCCCGGGGCTCAACCCCGGG	0.004097239847941049	0.0	0.004681645309937091	0.004904946652130188	0.002275536231510318	Bacteria; Bacillota; Clostridia; Lachnospirales; Lachnospiraceae
ACGTAGGGGGCAAGCGTTATCCGGATTTACTGGGTGTAAAGGGAGCGTAGACGGTTAAGCAAGTCTGAAGTGAAAGCCCGGGGCTCAACCCCGGT	0.0046435384943331924	0.0	0.004681645309937091	0.00045857672882237505	0.0059031640398752375	Bacteria; Bacillota; Clostridia; Lachnospirales; Lachnospiraceae
ACGGAGGATCCGAGCGTTATCCGGATTTATTGGGTTTAAAGGGAGCGTAGGCGGACTATTAAGTCAGCTGTGAAAGTTTGCGGCTCAACCGTAAA	0.0046435384943331924	0.0	0.004681645309937091	0.002521242370010367	0.0037159327337441535	Bacteria; Bacteroidota; Bacteroidia; Bacteroidales; Bacteroidaceae; Bacteroides
ACGTAGGTGGCAAGCGTTGTCCGGAATTATTGGGCGTAAAGCGCGCGCAGGCGGATAGGTCAGTCTGTCTTAAAAGTTCGGGGCTTAACCCCGT	0.004097239847941049	0.0	0.004681645309937091	0.00047813268279458154	0.0061636671619751835	Bacteria; Bacillota; Negativicutes; Veillonellales; Veillonellaceae; Veillonella
ACGTAGGTGGCAAGCGTTGTCCGGATTTACTGGGCGTAAAGGGAGCGTAGGCGGACTTTTAAGTGAGATGTGAAATACCCGGGCTCAACTTGGGT	0.0046435384943331924	0.0	0.004681645309937091	0.0020615574714951527	0.003869078184318807	Bacteria; Bacillota; Clostridia; Clostridiales; Clostridiaceae; Clostridium
ACGTAGGGTGCAAGCATTATCCGGAGTGACTGGGCGTAAAGAGTTGCGTAGGCGGTTTAATAAGTGAATAGTGAAACCTGGTGGCTCAACCATACA	0.0046435384943331924	0.0	0.004681645309937091	0.0002498382500874236	0.005656403976381269	Bacteria; Patescibacteriota; Saccharimonadia; Saccharimonadales; Nanosynbacteraceae; Nanosynbacter
ACGTAGGTGGCAAGCGTTGTCCGGAATTATTGGGCGTAAAGCGCGCGCAGGTGGTTTAATAAGTCTGATGTGAAAGCCCACGGCTCAACCGTGGA	0.0046435384943331924	0.0	0.004681645309937091	0.0001744736343252118	0.005649226181114501	Bacteria; Bacillota; Bacilli; Staphylococcales; Gemellaceae; Gemella
ACGTAGGGGGCGAGCGTTATCCGGATTCATTGGGCGTAAAGCGCGCGTAGGCGGCCGCCTAAGCGGAACCTCTAATCCCGGGGCTCAACCTCGGG	0.0046435384943331924	0.0	0.004681645309937091	0.0040196830356178485	0.0017299652484341708	Bacteria; Actinomycetota; Coriobacteriia; Coriobacteriales; Eggerthellaceae; Adlercreutzia
ACGTAGGTGGCAAGCGTTGTCCGGATTTACTGGGTGTAAAGGGCGTGTAGCCGGGAAGGCAAGTCAGATGTGAAATCCACGGGCTTAACTCGTGA	0.0046435384943331924	0.0	0.004681645309937091	0.0026762420064401454	0.0028362660133376062	Bacteria; Bacillota; Clostridia; Oscillospirales; Oscillospiraceae; Vescimonas; cirricatena
ACGTAGGGGGCAAGCGTTATCCGGATTTACTGGGTGTAAAGGGAGCGTAGACGGTAAAGCAAGTCTGAAGTGAAAGCCCGCGGCTCAACTGCGGG	0.0046435384943331924	0.0	0.004681645309937091	0.0004096616173390825	0.004770531144137435	Bacteria; Bacillota; Clostridia; Lachnospirales; Lachnospiraceae; Otoolea; symbiosa
ACGTAGGTGGCAAGCGTTGTCCGGAATTATTGGGCGTAAAGCGCATGTAGGCGGTTTGGTAAGTCGGTCGTGAAAATGCGGTGCTTAACGCCGTA	0.00437038917113712	0.0	0.004681645309937091	0.004176201664572916	0.001249881853569508	Bacteria; Bacillota; Negativicutes; Acidaminococcales; Acidaminococcaceae; Succiniclasticum; sp900544275
ACGTAGGGGGCAAGCGTTATCCGGATTTACTGGGTGTAAAGGGAGCGCAGACGGCACTGCAAGTCTGAAGTGAAAGCCCGGGGCTCAACCCCGGG	0.0046435384943331924	0.0	0.004681645309937091	0.0016712569696399815	0.003407320703615509	Bacteria; Bacillota; Clostridia; Lachnospirales; Lachnospiraceae; Enterocloster; sp000431375
ACGGAGGATCCGAGCGTTATCCGGATTTATTGGGTTTAAAGGGTGCGTAGGCGGTTTGATAAGTTAGAGGTGAAAGCTCGATGCTCAACATCGAA	0.0046435384943331924	0.0	0.004681645309937091	0.0004567701281756936	0.0044892744086381265	Bacteria; Bacteroidota; Bacteroidia; Bacteroidales; Rikenellaceae; Alistipes_A; hominis
ACGTATGGTGCAAGCGTTATCCGGATTTACTGGGTGTAAAGGGTGCGTAGGTGGTATGGCAAGTCAGAAGTGAAAGGCTGGGGCTCAACCCCGGG	0.0046435384943331924	0.0	0.004681645309937091	0.0010649535052690239	0.0037494726009298404	Bacteria; Bacillota; Clostridia; Lachnospirales; Lachnospiraceae; Wujia
ACGTAGGGGGCAAGCGTTATCCGGAATTATTGGGCGTAAAGAGTACGTAGGTGGTTACCTAAGCACGAGGTATAAGGCAATGGCTTAACCATTGT	0.0046435384943331924	0.0	0.004681645309937091	0.0006319040902023397	0.004181876450234798	Bacteria; Bacillota; Clostridia; Peptostreptococcales; Anaerovoracaceae; Lentihominibacter
ACGTAGGGGGCAAGCGTTATCCGGATTTACTGGGTGTAAAGGGAGCGTAGACGGCGAGGCAAGTCTGATGTGAAAACCCGGGGCTCAACCCCGTG	0.0046435384943331924	0.0	0.004681645309937091	0.002416463673443406	0.0023841379123873646	Bacteria; Bacillota; Clostridia; Lachnospirales; Lachnospiraceae; Hominisplanchenecus
ACGTAGGGGGCGAGCGTTGTCCGGAATGATTGGGCGTAAAGGGCGCGTAGGCGGCCTGCTAAGTCTGGAGTGAAAGTCCTGCTTTCAAGGTGGGA	0.0046435384943331924	0.0	0.004681645309937091	0.0015447185560093601	0.0032552784465622706	Bacteria; Bacillota; Clostridia; Christensenellales; Aristaeellaceae; Ventricola; sp900542445
ACGTAGGGAGCGAGCGTTGTCCGGATTTACTGGGTGTAAAGGGTGCGTAGGCGGCGAGGCAAGTCAGGCGTGAAATCTATGGGCTTAACCCATAA	0.0046435384943331924	0.0	0.004681645309937091	0.000735339243116885	0.003943881231905758	Bacteria; Bacillota; Clostridia; Oscillospirales; Acutalibacteraceae; Clostridium_A; leptum
ACGTAGGGAGCGAGCGTTGTCCGGAATTACTGGGCGTAAAGGGTGCGTAGGCGGCTGTGTAAGTCAGATGTGAAATACCGGGGCTTAACCTCGGG	0.0046435384943331924	0.0	0.004681645309937091	0.0018140155630573993	0.0028565635190745454	Bacteria; Bacillota; Clostridia
ACGTAGGTCACAAGCGTTGTCCGGAATTACTGGGTGTAAAGGGAGCGCAGGCGGGCGATCAAGTTGGAAGTGAAATCCATGGGCTCAACCCATGA	0.0046435384943331924	0.0	0.004681645309937091	0.0013581077962650883	0.0032343939267241457	Bacteria; Bacillota; Clostridia; Oscillospirales; Ruminococcaceae; Faecalibacterium
ACGGAGGGTGCAAGCGTTAATCGGAATCACTGGGCGTAAAGCGCACGTAGGCGGCTTGGTAAGTCAGGGGTGAAATCCCACAGCCCAACTGTGGA	0.0046435384943331924	0.0012807008	0.004681645309937091	0.00019911051270234053	0.003086133723278633	Bacteria; Desulfobacterota_I; Desulfovibrionia; Desulfovibrionales; Desulfovibrionaceae; Bilophila
ACGTAGGGGGCAAGCGTTATCCGGATTTACTGGGTGTAAAGGGAGCGTAGACGGCGACGCAAGTCTGAAGTGAAATACCCGGGCTCAACCTGGGA	0.0046435384943331924	0.0	0.004681645309937091	0.0012205953347487171	0.0032928242863307757	Bacteria; Bacillota; Clostridia; Lachnospirales; Lachnospiraceae; Pilosibacter
ACGTATGGTGCAAGCGTTATCCGGATTTACTGGGTGTAAAGGGTGCGTAGGTGGCAAGGCAAGTCTGAAGTGAAAATCCGGGGCTCAACCCCGGA	0.0046435384943331924	0.0	0.004681645309937091	0.0008550386474511226	0.0036277720226205574	Bacteria; Bacillota; Clostridia; Lachnospirales; Lachnospiraceae; Coprococcus
ACGTATGGGGCAAGCGTTATCCGGATTTACTGGGTGTAAAGGGAGCGTAGGCGGCATGGCAAGTCAGAAGTGAAAGCCTGGGGCTCAACCCCGGA	0.0046435384943331924	0.0	0.004681645309937091	0.0013203933045517337	0.0031155272664804513	Bacteria; Bacillota; Clostridia; Lachnospirales; Lachnospiraceae; Eubacterium_G
ACGTAGGATCCGAGCGTTATCCGGAGTGACTGGGCGTAAAGAGTTGCGTAGGTGGTTCGATAAGCGAATAGTGAAATCTGGTGGCTCAACCATTCAG	0.0046435384943331924	0.0	0.004681645309937091	0.0015574460720577284	0.002864575152544043	Bacteria; Patescibacteriota; Saccharimonadia; Saccharimonadales; Nanogingivalaceae; Nanogingivalis
ACGTATGGTGCAAGCGTTATCCGGATTTACTGGGTGTAAAGGGAGCGCAGGCGGTACGGCAAGTCTGATGTGAAATCCCGGGGCTCAACCCCGGT	0.00491668781752926	0.0	0.004681645309937091	0.002456997194805341	0.0016909336190346466	Bacteria; Bacillota; Clostridia; Lachnospirales; Lachnospiraceae; Roseburia; hominis
ACGTAGGTGGCAAGCGTTGTCCGGATTTACTGGGTGTAAAGGGCGTGTAGCCGGGAAGGCAAGTCAGATGTGAAATCCACGGGCTCAACTCGTGA	0.0046435384943331924	0.0	0.004681645309937091	0.0011961129008463756	0.0031814312844755275	Bacteria; Bacillota; Clostridia; Oscillospirales; Oscillospiraceae; Vescimonas; coprocola
ACGGAGGATCCGAGCGTTATCCGGATTTATTGGGTTTAAAGGGAGCGTAGGCGGGTTGTTAAGTCAGTTGTGAAAGTTTGCGGCTCAACCGTAAA	0.0046435384943331924	0.0	0.004681645309937091	0.0034741927591356294	0.0007935938608186101	Bacteria; Bacteroidota; Bacteroidia; Bacteroidales; Bacteroidaceae; Bacteroides
ACGTAGGTGGCGAGCGTTATCCGGATTTACTGGGTGTAAAGGGCGCGTAGGCGGGAATGCAAGTCAGATGTGAAATCCAAGGGCTCAACCCTTGA	0.0046435384943331924	0.0	0.004681645309937091	0.0018740895556815331	0.0022473523715880626	Bacteria; Bacillota; Clostridia; Oscillospirales; Oscillospiraceae; CAG-103
ACGGAGGATCCAAGCGTTATCCGGATTTATTGGGTTTAAAGGGTGCGTAGGCGGCAGATTAAGTTAGAGGTGAAATTCCGAGGCTCAACCTTGGC	0.0046435384943331924	0.0	0.004681645309937091	0.00188747590113155	0.0022322275594045355	Bacteria; Bacteroidota; Bacteroidia; Bacteroidales; Rikenellaceae; Tidjanibacter; inops
ACGGAGGATCCAAGCGTTATCCGGATTTATTGGGTTTAAAGGGTGCGTAGGCGGTTTAGTAAGTCAGCGGTGAAATTTTGGTGCTTAACACCAAA	0.0046435384943331924	0.0	0.004681645309937091	0.0010057738202981982	0.0026222148705296352	Bacteria; Bacteroidota; Bacteroidia; Bacteroidales; Rikenellaceae; Alistipes; communis
ACGTATGGAGCAAGCGTTATCCGGATTTACTGGGTGTAAAGGGAGTGTAGGTGGCATCACAAGTCAGAAGTGAAAGCCCGGGGCTCAACCCCGGG	0.0046435384943331924	0.0	0.004681645309937091	0.000608886597677868	0.002925239543353775	Bacteria; Bacillota; Clostridia; Lachnospirales; Lachnospiraceae; Lachnospira; sp000437735
ACGTATGGGGCGAGCGTTATCCGGATTCATTGGGCGTAAAGCGCGCGTAGGCGGAGCGCTAAGCGGGACCTCTAACCCGAGGGCTCAACCCCCGG	0.004643538494333189	0.0	0.004681645309937091	0.002576065456937753	0.0008152122498741186	Bacteria; Actinomycetota; Coriobacteriia; Coriobacteriales; Eggerthellaceae; Senegalimassilia
ACGTAGGTGGCAAGCGTTGTCCGGATTTACTGGGTGTAAAGGGCGTGTAGGCGGAGAAGCAAGTCAGAAGTGAAATCCATGGGCTTAACCCATGA	0.0046435384943331924	0.0	0.004681645309937091	0.0012352959683916366	0.002155679118271278	Bacteria; Bacillota; Clostridia; Oscillospirales; Oscillospiraceae; CAG-170
ACGTAGGGGGCAAGCGTTATCCGGATTTACTGGGTGTAAAGGGAGCGTAGGCGGCCATGCAAGTCAGAAGTGAAAGCCCGGGGCTCAACCCCGGG	0.0046435384943331924	0.0	0.004681645309937091	0.0004466570799512984	0.0029304058996399906	Bacteria; Bacillota; Clostridia; Lachnospirales; Lachnospiraceae; Frisingicoccus; caecimuris
ACGTAGGTGGCGAGCGTTATCCGGAATCATTGGGCGTAAAGAGGGAGCAGGCGGCAATAGAGGTCTGCGGTGAAAGCCTGAAGCTAAACTTCAGT	0.0046435384943331924	0.0	0.004681645309937091	0.0002290816636626115	0.003147867387833218	Bacteria; Bacillota; Bacilli; Erysipelotrichales; Coprobacillaceae; Coprobacillus; cateniformis
ACGTAGGTGGCGAGCGTTGTCCGGAATTATTGGGCGTAAAGAGCATGTAGGCGGTTTTTTAAGTCTGGAGTGAAAATGCGGGGCTCAACCCCGTA	0.0046435384943331924	0.0	0.004681645309937091	0.002663657940057802	0.0006477642569929316	Bacteria; Bacillota; Negativicutes; Acidaminococcales; Acidaminococcaceae; Phascolarctobacterium_A
ACGTAGGGGGCGAGCGTTGTCCGGAATTACTGGGCGTAAAGGGTGCGTAGGCGGTTTGGTAAGTTGGATGTGAAATACCCGGGCTTAACTTGGGG	0.0046435384943331924	0.0	0.004681645309937091	0.002540335448327396	0.0006769357462760672	Bacteria; Bacillota; Clostridia; Christensenellales; CAG-138; PeH17
ACGTAGGGGGCAAGCGTTATCCGGATTTACTGGGTGTAAAGGGAGCGTAGACGGCATGGCAAGCCAGATGTGAAAACCCAGGGCTCAACCTTGGG	0.0046435384943331924	0.0	0.004681645309937091	0.00138405236181471	0.0017759887884653705	Bacteria; Bacillota; Clostridia; Lachnospirales; Lachnospiraceae; Eisenbergiella; tayi
ACGTAGGGGGCAAGCGTTATCCGGATTTACTGGGTGTAAAGGGAGCGTAGACGGTGTGACAAGTCTGATGTGAAAGGCATGGGCTCAACCTGTGG	0.0046435384943331924	0.0	0.004681645309937091	0.0017402747528783085	0.0013893220816097386	Bacteria; Bacillota; Clostridia; Lachnospirales; Lachnospiraceae; Blautia_A
ACGTAGGTGGCAAGCGTTGTCCGGATTTACTGGGCGTAAAGGGAGCGTAGGCGGATTTTTAAGTGGGATGTGAAATACCCGGGCTCAACCTGGGT	0.0046435384943331924	0.0	0.004681645309937091	0.0011706212636685236	0.0019489613842016645	Bacteria; Bacillota; Clostridia; Clostridiales; Clostridiaceae; Clostridium
ACGTAGGTGGCAAGCGTTGTCCGGAATTACTGGGTGTAAAGGGAGCGCAGGCGGGTGATCAAGTCAGCTGTGAAAACTACGGGCTTAACCCGTAG	0.0046435384943331924	0.0	0.004681645309937091	0.00021621905026531133	0.0028702797863709426	Bacteria; Bacillota; Clostridia; Oscillospirales; Acutalibacteraceae; CAG-217; sp000436335
ACAGAGGTCTCAAGCGTTGTTCGGAATCACTGGGCGTAAAGCGTGCGTAGGCTGTTTCGTAAGTCGTGTGTGAAAGGCAGGGGCTCAACCCCTGG	0.005736135787117465	0.0	0.004681645309937091	9.51021665861548e-05	0.0015913639140870293	Bacteria; Verrucomicrobiota; Verrucomicrobiia; Verrucomicrobiales; Akkermansiaceae; Akkermansia
ACGTAGGTGGCAAGCGTTGTCCGGATTTACTGGGTGTAAAGGGCGTGCAGCCGGGCATGCAAGTCAGATGTGAAATCTCAGGGCTTAACCCTGAA	0.0046435384943331924	0.0	0.004681645309937091	0.0008372459866599625	0.0018743368098971776	Bacteria; Bacillota; Clostridia; Oscillospirales; Oscillospiraceae; Oscillibacter
ACGTAGGGGGCAAGCGTTATCCGGATTTACTGGGTGTAAAGGGAGCGTAGGCGGCGGAGCAAGTCAGAAGTGAAAGCCCGGGGCTCAACCCCGGG	0.0046435384943331924	0.0	0.004681645309937091	0.0002825676453731273	0.0024011409344112523	Bacteria; Bacillota; Clostridia; Lachnospirales; Lachnospiraceae; Coprococcus_A
ACGTAGGTGGCAAGCGTTGTCCGGAATTACTGGGTGTAAAGGGAGCGTAGGCGGGATGCCAAGTCAGCTGTGAAAACTATGGGCTTAACCCGTAG	0.0046435384943331924	0.0	0.004681645309937091	0.0021542329698876574	0.000513767753653347	Bacteria; Bacillota; Clostridia; Oscillospirales; Acutalibacteraceae; Eubacterium_R; sp000436835
ACGTAGGGGGCAAGCGTTATCCGGATTTACTGGGTGTAAAGGGAGCGTAGACGGTATGGCAAGTCTGATGTGAAAGGCCAGGGCTCAACCCTGGG	0.0046435384943331924	0.0	0.004681645309937091	0.00023840604302018963	0.002414633789769339	Bacteria; Bacillota; Clostridia; Lachnospirales; Lachnospiraceae; Claveliimonas; ammoniilytica
ACGTATGGTGCAAGCGTTATCCGGATTTACTGGGTGTAAAGGGAGCGTAGACGGAGAGGCAAGTCTGATGTGAAAACCCGGGGCTCAACCCCGGG	0.0046435384943331924	0.0	0.004681645309937091	8.019893522391396e-05	0.002571725028958539	Bacteria; Bacillota; Clostridia; Lachnospirales; Lachnospiraceae
ACGTAGGGAGCGAGCGTTGTCCGGAATTACTGGGTGTAAAGGGAGCGTAGGCGGGACGGCAAGTCAGATGTGAAAACTATGGGCTCAACCCATAG	0.0046435384943331924	0.0	0.004681645309937091	0.0008601452070817577	0.0017886228926461843	Bacteria; Bacillota; Clostridia; Oscillospirales; Ruminococcaceae; Ruminococcus_C; sp000980705
ACGTAGGTGGCAAGCGTTGTCCGGATTTACTGGGTGTAAAGGGCGTGCAGCCGGGTCTGCAAGTCAGATGTGAAATCCATGGGCTCAACCCATGA	0.0046435384943331924	0.0	0.004681645309937091	0.0014242808490308736	0.0011949494345648048	Bacteria; Bacillota; Clostridia; Oscillospirales; Oscillospiraceae; Hominicoprocola
ACGTAGGGGGCAAGCGTTATCCGGATTTACTGGGTGTAAAGGGAGCGTAGACGGCATAACAAGTCTGATGTGAAAGGCTGGGGCTTAACCCCGGG	0.0046435384943331924	0.0	0.004681645309937091	0.0011001562937433037	0.0014645981556311173	Bacteria; Bacillota; Clostridia; Lachnospirales; Lachnospiraceae; Blautia_A; ammoniilytica
ACGTAGGGGGCAAGCGTTATCCGGATTTACTGGGTGTAAAGGGAGCGTAGACGGCGACGCAAGTCTGGAGTGAAAGCCCGGGGCCCAACCCCGGG	0.0046435384943331924	0.0	0.004681645309937091	2.863939928031981e-06	0.0025547711139702806	Bacteria; Bacillota; Clostridia; Lachnospirales; Lachnospiraceae; Acetatifactor
ACGTAGGATGCAAGCGTTATCCGGATTTACTGGGTGTAAAGGGAGCGCAGGCGGGACTGCAAGTTGGATGTGAAATACCGTGGCTTAACCACGGA	0.004097239847941049	0.0	0.004681645309937091	0.0008909546161699055	0.002181767852640539	Bacteria; Bacillota; Clostridia; Oscillospirales; Acutalibacteraceae; Fimenecus; sp000432435
ACGTAGGTGGCAAGCGTTGTCCGGATTTACTGGGTGTAAAGGGCGTGTAGGCGGGTAGACAAGTCAGATGTGAAATACCGGGGCTCAACTCCGGG	0.0046435384943331924	0.0	0.004681645309937091	0.0009146381481439956	0.001599171933893741	Bacteria; Bacillota; Clostridia; Monoglobales; Monoglobaceae; Monoglobus; pectinilyticus
ACGTAGGGGGCAAGCGTTATCCGGATTTACTGGGTGTAAAGGGAGCGTAGACGGCATGGCAAGTCTGAAGTGAAAGCCCGGGGCTCAACCCCGGG	0.0046435384943331924	0.0	0.004681645309937091	0.00043277997743588516	0.0020219937002352232	Bacteria; Bacillota; Clostridia; Lachnospirales; Lachnospiraceae
ACGTAGGGGGCAAGCGTTATCCGGATTTACTGGGTGTAAAGGGAGCGTAGACGGCATGACAAGCCAGATGTGAAAACCCAGGGCTCAACCCTGGG	0.0046435384943331924	0.0	0.004681645309937091	0.0007430771930800205	0.001527775557522479	Bacteria; Bacillota; Clostridia; Lachnospirales; Lachnospiraceae; Eisenbergiella; porci
ACGTAGGTGGCAAGCGTTGTCCGGATTTACTGGGTGTAAAGGGCGTGTAGGCGGAGATGCAAGTCAGATGTGAAATCCTCGGGCTTAACCCGGGA	0.0046435384943331924	0.0	0.004681645309937091	0.00016743512743422692	0.0020153595462384867	Bacteria; Bacillota; Clostridia; Oscillospirales; Oscillospiraceae; Faecousia
ACGTAGGGGGCAAGCGTTGTCCGGAATTATTGGGCGTAAAGAGTACGTAGGCGGTTTGCTAAGCGCAAGGTGAAAGGCAGTGGCTTAACCATTGT	0.0046435384943331924	0.0	0.004681645309937091	0.00025688852137959074	0.001875174257837033	Bacteria; Bacillota; Clostridia; Peptostreptococcales; Anaerovoracaceae; Alangreenwoodia; sp905206455
ACGTAGGTGGCAAGCGTTGTCCGGATTTACTGGGTGTAAAGGGCGTGTAGCCGGGAGGGCAAGTCAGATGTGAAATCCACGGGCTCAACTCGTGA	0.0046435384943331924	0.0	0.004681645309937091	0.001601657997075435	0.000497370664782086	Bacteria; Bacillota; Clostridia; Oscillospirales; Oscillospiraceae; Vescimonas
ACGTAGGGAGCAAGCGTTGTCCGGATTCACTGGGCGTAAAGAGCACGTAGGCGGTTAATTAAGTCAGGTGTGAAAGTTTTCGGCTCAACCGGAAA	0.0046435384943331924	0.0	0.004681645309937091	7.535022126864135e-05	0.0020211329922004244	Bacteria; Bacillota; Clostridia; Eubacteriales; Anaerofustaceae; Anaerofustis
ACGTAGGGGGCAAGCGTTATCCGGATTTACTGGGTGTAAAGGGAGCGTAGACGGCATTGCAAGCCAGATGTGAAAGCCCGGGGCTCAACCCCGGG	0.0046435384943331924	0.0	0.004681645309937091	3.9750117686270584e-05	0.002048328768838306	Bacteria; Bacillota; Clostridia; Lachnospirales; Lachnospiraceae; Dorea_D; hominis
ACGGAGGATGCAAGCGTTATCCGGATTTATTGGGTTTAAAGGGTGCGTAGGCGGCACGCCAAGTCAGCGGTGAAATTTCCGGGCTCAACCCGGAC	0.0046435384943331924	0.0	0.004681645309937091	0.0013042578892627995	0.0007255373941943882	Bacteria; Bacteroidota; Bacteroidia; Bacteroidales; Barnesiellaceae; Barnesiella; intestinihominis
ACGTAGGGTGCAAGCGTTGTCCGGAATTACTGGGTGTAAAGGGAGCGCAGGCGGACCGGCAAGTTGGAAGTGAAATCCATGGGCTCAACCCGTGA	0.0046435384943331924	0.0	0.004681645309937091	0.0011376023013477336	0.0008572943273821126	Bacteria; Bacillota; Clostridia; Oscillospirales; Ruminococcaceae; Gemmiger; sp900539695
ACGTAGGGGGCAAGCGTTATCCGGATTTACTGGGTGTAAAGGGAGCGTAGACGGTAAAGCAAGTCTGAAGTGAAAGCCCGGGGCTCAACCCCGGG	0.0046435384943331924	0.0	0.004681645309937091	0.0001192891693825294	0.0018564921104931517	Bacteria; Bacillota; Clostridia; Lachnospirales; Lachnospiraceae; Otoolea; fessa
ACGGAGGATGCGAGCGTTATCCGGATTTATTGGGTTTAAAGGGTGCGTAGGCGGTTTATTAAGTTAGTGGTTAAATATTTGAGCTAAACTCAAT	0.0046435384943331924	0.0	0.004681645309937091	0.00030512101305580947	0.001665772026594666	Bacteria; Bacteroidota; Bacteroidia; Bacteroidales; Marinifilaceae; Odoribacter
ACGTAGGGAGCGAGCGTTGTCCGGAATTACTGGGTGTAAAGGGAGCGTAGGCGGGATGGCAAGTCAGATGTGAAAACTATGGGCTCAACCCATAG	0.0046435384943331924	0.0	0.004681645309937091	0.00010055133572583409	0.0018678497677957755	Bacteria; Bacillota; Clostridia; Oscillospirales; Ruminococcaceae; Ruminococcus_C
ACGTAGGTGGCAAGCGTTGTCCGGATTTACTGGGTGTAAAGGGCGTGCAGCCGGGAATGCAAGTCAGATGTGAAATCCATGGGCTTAACCCATGA	0.0046435384943331924	0.00044216253	0.004681645309937091	0.00030311665556130926	0.0012081899551138833	Bacteria; Bacillota; Clostridia; Oscillospirales; Oscillospiraceae; Hominicoprocola; sp900317525
ACGTAGGGGGCAAGCGTTATCCGGATTTACTGGGTGTAAAGGGAGCGTAGACGGCGAGACAAGTCTGAAGTGAAAGCCCGGGGCTCAACCCCGGG	0.0046435384943331924	0.0	0.004681645309937091	0.0004686493371318553	0.0014617683653699103	Bacteria; Bacillota; Clostridia; Lachnospirales; Lachnospiraceae; Brotaphodocola
ACGTAGGGGGCAAGCGTTGTCCGGAATGATTGGGCGTAAAGGGCGTGTAGGCGGCTAAGTAAGTCTGGAGTGAAAGTCCTGCTTTTAAGGTGGGA	0.0046435384943331924	0.0	0.004681645309937091	0.0009942181992018575	0.0008928383702705552	Bacteria; Bacillota; Clostridia; Christensenellales; Aristaeellaceae
ACGTAGGGGGCAAGCGTTATCCGGATTTACTGGGTGTAAAGGGTGCGTAGGTGGCAAGGCAAGTCAGATGTGAAAGCCCGGGGCTCAACCCCGGT	0.0046435384943331924	0.0	0.004681645309937091	0.0003839395689184792	0.001470179788844115	Bacteria; Bacillota; Clostridia; Lachnospirales; Lachnospiraceae; Eubacterium_F
ACGTAGGGGGCAAGCGTTATCCGGAATTACTGGGTGTAAAGGGTGAGTAGGCGGCATGGCAAGTAAGATGTGAAAGCCCGAGGCTTAACCTCGGG	0.0046435384943331924	0.0	0.004681645309937091	0.00035320531454386637	0.0014912293157190544	Bacteria; Bacillota; Clostridia; Lachnospirales; Anaerotignaceae; Metalachnospira; sp900546215
ACGTAGGGAGCGAGCGTTGTCCGGAATTACTGGGTGTAAAGGGAGCGTAGGCGGGATCTTAAGTCAGGTGTGAAAACTATGGGCTCAACCCATAG	0.0046435384943331924	0.0	0.004681645309937091	0.0002014508292753738	0.001629967665558868	Bacteria; Bacillota; Clostridia; Oscillospirales; Ruminococcaceae; Huintestinicola; butyrica
ACGTAGGTGGCAAGCGTTATCCGGAATTACTGGGTGTAAAGGGAGCGCAGGCGGGATAGCAAGTCAGCTGTGAAAACTATGGGCTCAACCCATAA	0.0046435384943331924	0.0	0.004681645309937091	0.000739084717052677	0.0010384514429329361	Bacteria; Bacillota; Clostridia; Oscillospirales; Acutalibacteraceae; CAG-177
ACGTAGGATCCGAGCGTTATCCGGAGTGACTGGGCGTAAAGAGTTGCGTAGGTGGTTTAATAAGCGAATAGTGAAATCTGGTGGCTCAACCATTCAG	0.0046435384943331924	0.0	0.004681645309937091	4.30522861816777e-05	0.0017170565413857496	Bacteria; Patescibacteriota; Saccharimonadia; Saccharimonadales; Nanogingivalaceae; Nanogingivalis; gingivitcus
ACGTAGGGGGCGAGCGTTATCCGGAATTACTGGGTGTAAAGGGTGCGTAGGCGGCACCGTAAGTCTGTTGTGAAAGGCGATGGCTTAACCATCGA	0.0046435384943331924	0.0	0.004681645309937091	0.000570001707268512	0.0011347269042020314	Bacteria; Bacillota; Clostridia; Lachnospirales; Bianqueaceae; Bianquea; renquensis
ACGTAGGGGGCAAGCGTTATCCGGATTTACTGGGTGTAAAGGGAGCGCAGGCGGCATGATAAGTCTGATGTGAAAACCCAAGGCTCAACCATGGG	0.0046435384943331924	0.0	0.004681645309937091	0.00028858926930965277	0.0013493979404115453	Bacteria; Bacillota; Clostridia; Lachnospirales; Lachnospiraceae; Maccoya; intestinihominis
ACGTAGGGGGCAAGCGTTATCCGGATTTACTGGGTGTAAAGGGAGCGTAGACGGCTTTGCAAGTCTGATGTGAAAGGCGGGGGCTCAACCCCTGG	0.0046435384943331924	0.0	0.004681645309937091	0.0005762577676694072	0.0010464209086460052	Bacteria; Bacillota; Clostridia; Lachnospirales; Lachnospiraceae
ACGGAGGATCCGAGCGTTATCCGGATTTATTGGGTTTAAAGGGTGCGTAGGCTGTTTTTTAAGTTAGAGGTGAAAGCTCGACGCTCAACGTCGAA	0.0046435384943331924	0.0	0.004681645309937091	0.0003750410959032136	0.0012171266374703229	Bacteria; Bacteroidota; Bacteroidia; Bacteroidales; Rikenellaceae; Alistipes_A; ihumii
ACGTAGGTGGCGAGCGTTATCCGGAATGATTGGGCGTAAAGGGTGCGTAGGTGGCAGATCAAGTCTGGAGTAAAAGGTATGGGCTCAACCCGTAC	0.0046435384943331924	0.0	0.004681645309937091	0.0006434693457235516	0.000848816297179183	Bacteria; Bacillota; Bacilli; Erysipelotrichales; Erysipelotrichaceae; Holdemanella
ACGTAGGGGGCGAGCGTTGTCCGGAATGACTGGGCGTAAAGGGCGTGTAGGCGGCCGACTAAGTCTGATGTGAAATACCCGCTTTTAAGGTGGGT	0.0046435384943331924	0.0	0.004681645309937091	0.0002279988240117873	0.0010239603807942839	Bacteria; Bacillota
ACGTAGGGGGCAAGCGTTATCCGGATTTACTGGGTGTAAAGGGAGCGTAGACGGCTCTGCAAGTCTGGAGTGAAAACCCGGGGCTCAACCCTGGG	0.0046435384943331924	0.0	0.004681645309937091	0.0001340802192690974	0.0011166454023449775	Bacteria; Bacillota; Clostridia; Lachnospirales; Lachnospiraceae
ACGTAGGGAGCGAGCGTTGTCCGGAATTACTGGGCGTAAAGGGTGCGTAGGCGGTCTGAAAAGTCGGATGTGAAATCCCCGTGCTTAACATGGGA	0.0046435384943331924	0.0	0.004681645309937091	6.570781926232778e-05	0.0011771518922335921	Bacteria; Bacillota; Clostridia; Christensenellales
ACGTAGGGAGCAAGCGTTATCCGGATTTACTGGGTGTAAAGGGCGCGCAGGCGGGCCGGCAAGTTGGGAGTGAAATCCCGGGGCTTAACCCCGGA	0.0046435384943331924	0.0	0.004681645309937091	9.454173373698017e-05	0.0011042789523694253	Bacteria; Bacillota; Clostridia; Oscillospirales; Butyricicoccaceae; Agathobaculum
ACGTAGGTGGCAAGCGTTATCCGGATTTACTGGGTGTAAAGGGCGTGTAGGCGGGATCGCAAGTCAGATGTGAAAACTGGAGGCTCAACCTCCAG	0.0046435384943331924	0.0	0.004681645309937091	2.2596474585587678e-05	0.0011596378009128016	Bacteria; Bacillota; Clostridia; Oscillospirales; Oscillospiraceae; Lawsonibacter
ACGTAGGGGGCAAGCGTTATCCGGATTTACTGGGTGTAAAGGGAGCGTAGACGGTTTAGCAAGTCTGAAGTGAAAGCCCGGGGCTCAACCCCGGT	0.0046435384943331924	0.0	0.004681645309937091	4.5197249390247385e-06	0.001082482603447328	Bacteria; Bacillota; Clostridia; Lachnospirales; Lachnospiraceae; Hungatella
ACGTATGGAGCAAGCGTTATCCGGATTTATTGGGCGTAAAGCGCGCGTAGGCGGCTTGTTAAGCAAGGTCTTAAATCTTGGGGCTCAACCTCAAG	0.0046435384943331924	0.0	0.004681645309937091	0.000132285200722689	0.000935022194096999	Bacteria; Actinomycetota; Coriobacteriia; Coriobacteriales; Eggerthellaceae; Anaerotardibacter
ACGTAGGTGGCAAGCGTTATCCGGATTTACTGGGTGTAAAGGGCGTGTAGGCGGGAAGGCAAGTCAGATGTGAAAACTATGGGCTCAACCCATAG	0.0046435384943331924	0.0	0.004681645309937091	7.389809187752194e-05	0.0008831669377208585	Bacteria; Bacillota; Clostridia; Oscillospirales; Oscillospiraceae; Intestinimonas
ACGTAGGGGGCGAGCGTTGTCCGGAATTACTGGGCGTAAAGGGAGCGTAGGCGGTCGATTAAGTTAGATGTGAAACCCCCGGGCTTAACTTGGGG	0.0046435384943331924	0.0	0.004681645309937091	0.00044356834212037135	0.0004948626488380536	Bacteria; Bacillota; Clostridia; Christensenellales; CAG-138; SFEL01; sp004557245
ACGTAGGTGGCAAGCGTTGTCCGGATTTACTGGGTGTAAAGGGCGTGCAGCCGGGCTGGCAAGTCAGGCGTGAAATCCCAGGGCTCAACCCTGGA	0.0046435384943331924	0.0	0.004681645309937091	2.0671107866392943e-06	0.0008922796907443775	Bacteria; Bacillota; Clostridia; Oscillospirales; Oscillospiraceae; Oscillibacter; faecalis
ACGTAGGGAGCGAGCGTTATCCGGATTCATTGGGCGTAAAGCGCGCGTAGGCGGCCCGTCAAGCGGGGTTTCAAATCCAGGGGCTCAACCTCTGG	0.0046435384943331924	0.0	0.004681645309937091	0.0002287794337118434	0.0006543822268812849	Bacteria; Actinomycetota; Coriobacteriia; Coriobacteriales; Eggerthellaceae; Anaerotardibacter
ACGGAGGACCCGAGCGTTATCCGGATTTATTGGGTTTAAAGGGTGCGTAGGCGGATTAGTAAGTTAGAGGTGAAAGCTCGATGCTCAACATCGAA	0.0046435384943331924	0.0	0.004681645309937091	0.0001651801767265686	0.00020445851428015655	Bacteria; Bacteroidota; Bacteroidia; Bacteroidales; Rikenellaceae; Alistipes_A; indistinctus
