"","Kingdom","Phylum","Class","Order","Family","Genus","Species"
"ACGTAGGGTGCAAGCGTTATCCGGAATTATTGGGCGTAAAGGGCTCGTAGGCGGTTCGTCGCGTCCGGTGTGAAAGTCCATCGCTTAACGGTGG","Bacteria","Actinomycetota","Actinomycetes","Actinomycetales","Bifidobacteriaceae","Bifidobacterium",NA
"ACGGAGGGTGCAAGCGTTAATCGGAATTACTGGGCGTAAAGCGCACGCAGGCGGTTTGTTAAGTCAGATGTGAAATCCCCGGGCTCAACCTGGGA","Bacteria","Pseudomonadota","Gammaproteobacteria","Enterobacterales","Enterobacteriaceae",NA,NA
"ACGTAGGGGGCAAGCGTTATCCGGATTTACTGGGTGTAAAGGGAGCGTAGACGGTGTGGCAAGTCTGATGTGAAAGGCATGGGCTCAACCTGTGG","Bacteria","Bacillota","Clostridia","Lachnospirales","Lachnospiraceae","Blautia_A",NA
"ACGTAGGGGGCAAGCGTTATCCGGATTTACTGGGTGTAAAGGGAGCGTAGACGGCATGGCAAGCCAGATGTGAAAGCCCGGGGCTCAACCCCGGG","Bacteria","Bacillota","Clostridia","Lachnospirales","Lachnospiraceae","Dorea_A",NA
"ACGTAGGGGGCGAGCGTTATCCGGATTCATTGGGCGTAAAGCGCGCGTAGGCGGCCCGGCAGGCCGGGGGTCGAAGCGGGGGGCTCAACCCCCC","Bacteria","Actinomycetota","Coriobacteriia","Coriobacteriales","Coriobacteriaceae","Collinsella",NA
"ACGTAGGTGGCAAGCGTTGTCCGGAATTATTGGGCGTAAAGCGCGCGCAGGCGGATTGGTCAGTCTGTCTTAAAAGTTCGGGGCTTAACCCCGT","Bacteria","Bacillota","Negativicutes","Veillonellales","Veillonellaceae","Veillonella",NA
"ACGGAGGATCCGAGCGTTATCCGGATTTATTGGGTTTAAAGGGAGCGTAGATGGATGTTTAAGTCAGTTGTGAAAGTTTGCGGCTCAACCGTAAA","Bacteria","Bacteroidota","Bacteroidia","Bacteroidales","Bacteroidaceae",NA,NA
"ACGTAGGTCCCGAGCGTTGTCCGGATTTATTGGGCGTAAAGCGAGCGCAGGCGGTTTGATAAGTCTGAAGTTAAAGGCTGTGGCTCAACCATAG","Bacteria","Bacillota","Bacilli","Lactobacillales","Streptococcaceae","Streptococcus",NA
"ACGTAGGGGGCAAGCGTTATCCGGAATTACTGGGTGTAAAGGGTGCGTAGGTGGTATGGCAAGTCAGAAGTGAAAACCCAGGGCTTAACTCTGGG","Bacteria","Bacillota","Clostridia","Lachnospirales","Lachnospiraceae","Anaerostipes",NA
"ACGTAGGTGGCAAGCGTTGTCCGGAATTATTGGGCGTAAAGCGCGCGCAGGCGGATAGGTCAGTCTGTCTTAAAAGTTCGGGGCTTAACCCCGT","Bacteria","Bacillota","Negativicutes","Veillonellales","Veillonellaceae","Veillonella",NA
"ACGGAGGGTGCAAGCGTTAATCGGAATTACTGGGCGTAAAGCGCACGCAGGCGGTCTGTCAAGTCGGATGTGAAATCCCCGGGCTCAACCTGGGA","Bacteria","Pseudomonadota","Gammaproteobacteria","Enterobacterales","Enterobacteriaceae","Enterobacter",NA
"ACGTAGGTCACAAGCGTTGTCCGGAATTACTGGGTGTAAAGGGAGCGCAGGCGGGAGAACAAGTTGGAAGTGAAATCCATGGGCTCAACCCATGA","Bacteria","Bacillota","Clostridia","Oscillospirales","Ruminococcaceae","Faecalibacterium",NA
"ACGTAGGTGGCAAGCGTTGTCCGGAATTATTGGGCGTAAAGCGCGCGCAGGCGGATCAGTCAGTCTGTCTTAAAAGTTCGGGGCTTAACCCCGT","Bacteria","Bacillota","Negativicutes","Veillonellales","Veillonellaceae","Veillonella",NA
"ACGGAGGATCCGAGCGTTATCCGGATTTATTGGGTTTAAAGGGAGCGTAGGTGGATTGTTAAGTCAGTTGTGAAAGTTTGCGGCTCAACCGTAAA","Bacteria","Bacteroidota","Bacteroidia","Bacteroidales","Bacteroidaceae","Bacteroides",NA
"ACGTAGGTCACAAGCGTTGTCCGGAATTACTGGGTGTAAAGGGAGCGCAGGCGGGAAGACAAGTTGGAAGTGAAATCTATGGGCTCAACCCATAA","Bacteria","Bacillota","Clostridia","Oscillospirales","Ruminococcaceae","Faecalibacterium",NA
"ACGTATGGTGCAAGCGTTATCCGGATTTACTGGGTGTAAAGGGAGCGCAGGCGGTGCGGCAAGTCTGATGTGAAAGCCCGGGGCTCAACCCCGGT","Bacteria","Bacillota","Clostridia","Lachnospirales","Lachnospiraceae","Agathobacter",NA
"ACGGAGGATCCGAGCGTTATCCGGATTTATTGGGTTTAAAGGGAGCGTAGGTGGACTGGTAAGTCAGTTGTGAAAGTTTGCGGCTCAACCGTAAA","Bacteria","Bacteroidota","Bacteroidia","Bacteroidales","Bacteroidaceae","Bacteroides",NA
"ACGTAGGGCGCAAGCGTTATCCGGATTTATTGGGCGTAAAGGGCTCGTAGGCGGCTCGTCGCGTCCGGTGTGAAAGTCCATCGCTTAACGGTGGA","Bacteria","Actinomycetota","Actinomycetes","Actinomycetales","Bifidobacteriaceae",NA,NA
"ACGTAGGGGGCTAGCGTTATCCGGAATTACTGGGCGTAAAGGGTGCGTAGGTGGTTTCTTAAGTCAGAGGTGAAAGGCTACGGCTCAACCGTAG","Bacteria","Bacillota","Clostridia","Peptostreptococcales","Peptostreptococcaceae","Romboutsia_E",NA
"ACGGAGGATCCGAGCGTTATCCGGATTTATTGGGTTTAAAGGGAGCGTAGGCGGACGCTTAAGTCAGTTGTGAAAGTTTGCGGCTCAACCGTAAA","Bacteria","Bacteroidota","Bacteroidia","Bacteroidales","Bacteroidaceae","Bacteroides",NA
"ACGTAGGTGGCGAGCGTTGTCCGGATTTACTGGGCGTAAAGGGAGCGTAGGCGGACTTTTAAGTGAGATGTGAAATACCCGGGCTCAACTTGGGT","Bacteria","Bacillota","Clostridia","Clostridiales","Clostridiaceae","Clostridium",NA
"ACGTAGGGGGCAAGCGTTATCCGGATTTACTGGGTGTAAAGGGAGCGTAGACGGATGGACAAGTCTGATGTGAAAGGCTGGGGCTCAACCCCGGG","Bacteria","Bacillota","Clostridia","Lachnospirales","Lachnospiraceae","Blautia_A",NA
"ACGTATGGAGCAAGCGTTATCCGGATTTACTGGGTGTAAAGGGTGCGTAGGTGGCAGTGCAAGTCAGATGTGAAAGGCCGGGGCTCAACCCCGGA","Bacteria","Bacillota","Clostridia","Lachnospirales","Lachnospiraceae","Anaerobutyricum",NA
"ACGTAGGGGGCAAGCGTTATCCGGATTTACTGGGTGTAAAGGGAGCGTAGACGGCAAGGCAAGTCTGATGTGAAAACCCAGGGCTTAACCCTGGG","Bacteria","Bacillota","Clostridia","Lachnospirales","Lachnospiraceae","Fusicatenibacter",NA
"ACGTATGGTGCAAGCGTTATCCGGATTTACTGGGTGTAAAGGGAGCGTAGACGGAGTGGCAAGTCTGATGTGAAAACCCGGGGCTCAACCCCGGG","Bacteria","Bacillota","Clostridia","Lachnospirales","Lachnospiraceae","Mediterraneibacter",NA
"ACGTAGGTGGCAAGCGTTGTCCGGATTTATTGGGCGTAAAGCGAGCGCAGGCGGTTTCTTAAGTCTGATGTGAAAGCCCCCGGCTCAACCGGGGA","Bacteria","Bacillota","Bacilli","Lactobacillales","Enterococcaceae","Enterococcus",NA
"ACGTAGGGGGCTAGCGTTATCCGGATTTACTGGGCGTAAAGGGTGCGTAGGCGGTCTTTTAAGTCAGGAGTGAAAGGCTACGGCTCAACCGTAG","Bacteria","Bacillota","Clostridia","Peptostreptococcales","Peptostreptococcaceae","Clostridioides",NA
"ACGTAGGGAGCAAGCGTTGTCCGGATTTACTGGGTGTAAAGGGTGCGTAGGCGGCTTTGCAAGTCAGATGTGAAATCTATGGGCTCAACCCATAA","Bacteria","Bacillota","Clostridia","Oscillospirales","Acutalibacteraceae","Ruminococcoides",NA
"ACGTAGGTGGCGAGCGTTGTCCGGATTTACTGGGCGTAAAGGGAGCGTAGGCGGATTTTTAAGTGAGATGTGAAATACTCGGGCTTAACCTGAGT","Bacteria","Bacillota","Clostridia","Clostridiales","Clostridiaceae","Clostridium","lentum"
"ACGTAGGTGGCAAGCGTTGTCCGGAATTATTGGGCGTAAAGCGCGCGCAGGCGGCTTCCCAAGTCCCTCTTAAAAGTGCGGGGCTTAACCCCGTG","Bacteria","Bacillota","Negativicutes","Veillonellales","Dialisteraceae","Dialister","invisus"
"ACGTATGGTGCAAGCGTTATCCGGATTTACTGGGTGTAAAGGGAGCGTAGACGGTTGTGTAAGTCTGATGTGAAAGCCCGGGGCTCAACCCCGGG","Bacteria","Bacillota","Clostridia","Lachnospirales","Lachnospiraceae","Faecalimonas","phoceensis"
"ACAGAGGTCTCAAGCGTTGTTCGGAATCACTGGGCGTAAAGCGTGCGTAGGCTGTTTCGTAAGTCGTGTGTGAAAGGCGCGGGCTCAACCCGCGG","Bacteria","Verrucomicrobiota","Verrucomicrobiia","Verrucomicrobiales","Akkermansiaceae","Akkermansia",NA
"ACGTAGGGTGCAAGCGTTGTCCGGAATTACTGGGTGTAAAGGGAGCGCAGGCGGACCGGCAAGTTGGAAGTGAAAACTATGGGCTCAACCCATAA","Bacteria","Bacillota","Clostridia","Oscillospirales","Ruminococcaceae","Gemmiger",NA
"ACGTAGGGGGCAAGCGTTATCCGGATTTACTGGGTGTAAAGGGAGCGTAGACGGCACGGCAAGCCAGATGTGAAAGCCCGGGGCTCAACCCCGGG","Bacteria","Bacillota","Clostridia","Lachnospirales","Lachnospiraceae","Dorea_A",NA
"ACGTAGGTGACAAGCGTTGTCCGGATTTACTGGGTGTAAAGGGCGCGTAGGCGGACTGTCAAGTCAGTCGTGAAATACCGGGGCTTAACCCCGG","Bacteria","Bacillota","Clostridia","UBA1381","UBA1381","Hominilimicola","fabiformis"
"ACGTAGGTGGCAAGCGTTGTCCGGAATTATTGGGCGTAAAGGGCGCGCAGGCGGCTTCTTAAGTCTGTCTTAAAAGTGCGGGGCTTAACCCCGT","Bacteria","Bacillota","Negativicutes","Veillonellales","Megasphaeraceae",NA,NA
"ACGTAGGGGGCAAGCGTTATCCGGATTTACTGGGTGTAAAGGGAGCGTAGACGGCGCAGCAAGTCTGATGTGAAAGGCAGGGGCTTAACCCCTGG","Bacteria","Bacillota","Clostridia","Lachnospirales","Lachnospiraceae","Blautia_A",NA
"ACGTAGGTGGCAAGCGTTGTCCGGATTTACTGGGCGTAAAGGGAGCGTAGGCGGACTTTTAAGTGAGATGTGAAATACCCGGGCTCAACTTGGGT","Bacteria","Bacillota","Clostridia","Clostridiales","Clostridiaceae","Clostridium",NA
"ACGGAGGATCCGAGCGTTATCCGGATTTATTGGGTTTAAAGGGAGCGTAGGTGGACAGTTAAGTCAGTTGTGAAAGTTTGCGGCTCAACCGTAAA","Bacteria","Bacteroidota","Bacteroidia","Bacteroidales","Bacteroidaceae","Bacteroides",NA
"ACGGAGGATCCGAGCGTTATCCGGATTTATTGGGTTTAAAGGGAGCGTAGGCGGATTGTTAAGTCAGTTGTGAAAGTTTGCGGCTCAACCGTAAA","Bacteria","Bacteroidota","Bacteroidia","Bacteroidales","Bacteroidaceae","Bacteroides","caccae"
"ACGTAGGGGGCAAGCGTTATCCGGATTTACTGGGTGTAAAGGGAGCGTAGACGGCGAAGCAAGTCTGAAGTGAAAACCCAGGGCTCAACCCTGGG","Bacteria","Bacillota","Clostridia","Lachnospirales","Lachnospiraceae","Enterocloster",NA
"ACGTAGGGAGCGAGCGTTATCCGGATTCATTGGGCGTAAAGAGCGCGTAGGCGGCCTCTCAAGCGGGATCTCTAATCCGAGGGCTCAACCCCCGG","Bacteria","Actinomycetota","Coriobacteriia","Coriobacteriales","Eggerthellaceae","Eggerthella","lenta"
"ACGTAGGGGGCGAGCGTTATCCGGATTCATTGGGCGTAAAGCGCGCGTAGGCGGCCGCCTAAGCGGAACCTCTAATCCCGGGGCTCAACCTCGGG","Bacteria","Actinomycetota","Coriobacteriia","Coriobacteriales","Eggerthellaceae","Adlercreutzia",NA
"ACGTAGGTGGCAAGCGTTGTCCGGAATTATTGGGCGTAAAGCGCGCGCAGGCGGATCAGTTAGTCTGTCTTAAAAGTTCGGGGCTTAACCCCGTG","Bacteria","Bacillota","Negativicutes","Veillonellales","Veillonellaceae","Veillonella",NA
"ACGTAGGGGGCAAGCGTTATCCGGATTTACTGGGTGTAAAGGGAGCGTAGACGGAGCAGCAAGTCTGATGTGAAAACCCGGGGCTCAACCCCGGG","Bacteria","Bacillota","Clostridia","Lachnospirales","Lachnospiraceae",NA,NA
"ACGTATGGTGCAAGCGTTATCCGGATTTACTGGGTGTAAAGGGAGCGCAGGCGGTACGGCAAGTCTGATGTGAAAGCCCGGGGCTCAACCCCGGT","Bacteria","Bacillota","Clostridia","Lachnospirales","Lachnospiraceae","Roseburia",NA
"ACGTAGGGGGCAAGCGTTATCCGGATTTACTGGGTGTAAAGGGAGCGTAGACGGACTGGCAAGTCTGATGTGAAAGGCGGGGGCTCAACCCCTGG","Bacteria","Bacillota","Clostridia","Lachnospirales","Lachnospiraceae","Blautia_A",NA
"ACGTAGGTCCCGAGCGTTATCCGGATTTATTGGGCGTAAAGCGAGCGCAGGCGGTTAGATAAGTCTGAAGTTAAAGGCTGTGGCTTAACCATAGT","Bacteria","Bacillota","Bacilli","Lactobacillales","Streptococcaceae","Streptococcus",NA
"ACGTAGGGTGCAAGCGTTGTCCGGAATTACTGGGTGTAAAGGGAGCGCAGGCGGGAAGACAAGTTGGAAGTGAAAACCATGGGCTCAACCCATGA","Bacteria","Bacillota","Clostridia","Oscillospirales","Ruminococcaceae","Gemmiger","qucibialis"
"ACGTAGGGGGCAAGCGTTATCCGGATTTACTGGGTGTAAAGGGAGCGTAGACGGCATAGCAAGTCTGGAGTGAAAGCCCGGGGCTCAACCCCGGT","Bacteria","Bacillota","Clostridia","Lachnospirales","Lachnospiraceae",NA,NA
"ACGTAGGGGGCAAGCGTTATCCGGATTTACTGGGTGTAAAGGGAGCGTAGACGGAAGAGCAAGTCTGATGTGAAAGGCTGGGGCTTAACCCCAGG","Bacteria","Bacillota","Clostridia","Lachnospirales","Lachnospiraceae","Blautia",NA
"ACGTAGGGGGCAAGCGTTATCCGGATTTACTGGGTGTAAAGGGAGCGTAGACGGCTGTGCAAGTCTGAAGTGAAAGGCATGGGCTCAACCTGTGG","Bacteria","Bacillota","Clostridia","Lachnospirales","Lachnospiraceae",NA,NA
"ACGTATGGTGCAAGCGTTATCCGGATTTACTGGGTGTAAAGGGAGCGTAGACGGATAGGCAAGTCTGGAGTGAAAACCCAGGGCTCAACCCTGGG","Bacteria","Bacillota","Clostridia","Lachnospirales","Lachnospiraceae","Sellimonas","intestinalis"
"ACGTAGGTGGCAAGCGTTATCCGGAATTATTGGGCGTAAAGAGGGAGCAGGCGGCAGCAAGGGTCTGTGGTGAAAGCCTGAAGCTTAACTTCAGT","Bacteria","Bacillota","Bacilli","Erysipelotrichales","Coprobacillaceae","Thomasclavelia","ramosa"
"ACGTAGGGGGCAAGCGTTATCCGGAATTACTGGGTGTAAAGGGTGCGTAGGTGGCATGGTAAGTCAGAAGTGAAAGCCCGGGGCTTAACCCCGGG","Bacteria","Bacillota","Clostridia","Lachnospirales","Lachnospiraceae","Anaerostipes",NA
"ACGTATGGTGCAAGCGTTATCCGGATTTACTGGGTGTAAAGGGAGCGCAGGCGGAAGGCTAAGTCTGATGTGAAAGCCCGGGGCTCAACCCCGGT","Bacteria","Bacillota","Clostridia","Lachnospirales","Lachnospiraceae","Roseburia",NA
"ACGTATGGAGCAAGCGTTATCCGGATTTACTGGGTGTAAAGGGAGTGTAGGTGGCCATGCAAGTCAGAAGTGAAAATCCGGGGCTCAACCCCGGA","Bacteria","Bacillota","Clostridia","Lachnospirales","Lachnospiraceae","Lachnospira",NA
"ACGTAGGGGGCAAGCGTTATCCGGATTTACTGGGTGTAAAGGGAGCGTAGACGGAGCAGCAAGTCTGATGTGAAAGGCGGGGGCTCAACCCCCGG","Bacteria","Bacillota","Clostridia","Lachnospirales","Lachnospiraceae","Blautia_A",NA
"ACGTAGGGGGCAAGCGTTATCCGGATTTACTGGGTGTAAAGGGAGCGTAGACGGAATGGCAAGTCTGATGTGAAAGGCCGGGGCTCAACCCCGGG","Bacteria","Bacillota","Clostridia","Lachnospirales","Lachnospiraceae","Oliverpabstia",NA
"ACGTAGGGTGCAAGCATTATCCGGAGTGACTGGGCGTAAAGAGTTGCGTAGGCGGTTTAATAAGTGAATAGTGAAACCTGGTGGCTCAACCATACA","Bacteria","Patescibacteriota","Saccharimonadia","Saccharimonadales","Nanosynbacteraceae","Nanosynbacter",NA
"ACGTATGGGGCGAGCGTTATCCGGATTCATTGGGCGTAAAGCGCGCGTAGGCGGAGCGCTAAGCGGGACCTCTAACCCGAGGGCTCAACCCCCGG","Bacteria","Actinomycetota","Coriobacteriia","Coriobacteriales","Eggerthellaceae","Senegalimassilia",NA
"ACGTAGGGAGCAAGCGTTATCCGGATTTACTGGGTGTAAAGGGCGCGCAGGCGGGCCGGTAAGTTGGAAGTGAAATCTATGGGCTTAACCCATAA","Bacteria","Bacillota","Clostridia","Oscillospirales","Butyricicoccaceae","Agathobaculum","butyriciproducens"
"ACAGAGGTCTCAAGCGTTGTTCGGAATCACTGGGCGTAAAGCGTGCGTAGGCGGTTTCGTAAGTCGTGTGTGAAAGGCGGGGGCTCAACCCCCGG","Bacteria","Verrucomicrobiota","Verrucomicrobiia","Verrucomicrobiales","Akkermansiaceae","Akkermansia",NA
"ACGTAGGGGGCTAGCGTTATCCGGATTTACTGGGCGTAAAGGGTGCGTAGGTGGTTTCTTAAGTCAGGAGTGAAAGGCTACGGCTCAACCGTAGT","Bacteria","Bacillota","Clostridia","Peptostreptococcales","Peptostreptococcaceae","Terrisporobacter",NA
"ACGGAGGATCCGAGCGTTATCCGGATTTATTGGGTTTAAAGGGTGCGTAGGCGGCCTTTTAAGTCAGCGGTGAAAGTCTGTGGCTCAACCATAGA","Bacteria","Bacteroidota","Bacteroidia","Bacteroidales","Tannerellaceae","Parabacteroides",NA
"ACGTAGGTGGCGAGCGTTATCCGGAATTATTGGGCGTAAAGAGCGCGCAGGTGGTTGATTAAGTCTGATGTGAAAGCCCACGGCTTAACCGTGGA","Bacteria","Bacillota","Bacilli","MOL361","Turicibacteraceae","Turicibacter",NA
"ACGTAGGTGGCAAGCGTTATCCGGATTTACTGGGTGTAAAGGGCGTGTAGGCGGGATTGCAAGTCAGATGTGAAAACTGGGGGCTCAACCTCCAG","Bacteria","Bacillota","Clostridia","Oscillospirales","Oscillospiraceae","Flavonifractor","plautii"
"ACGTATGGTGCAAGCGTTATCCGGATTTACTGGGTGTAAAGGGAGCGTAGACGGATGGGCAAGTCTGATGTGAAAACCCGGGGCTCAACCCCGGG","Bacteria","Bacillota","Clostridia","Lachnospirales","Lachnospiraceae","Mediterraneibacter","torques"
"ACGGAGGGTGCGAGCGTTAATCGGAATAACTGGGCGTAAAGGGCACGCAGGCGGTGACTTAAGTGAGGTGTGAAAGCCCCGGGCTTAACCTGGGA","Bacteria","Pseudomonadota","Gammaproteobacteria","Enterobacterales","Pasteurellaceae","Haemophilus_D",NA
"ACGTATGGTGCAAGCGTTATCCGGATTTACTGGGTGTAAAGGGAGCGTAGACGGCTGTGTAAGTCTGAAGTGAAAGCCCGGGGCTCAACCCCGGG","Bacteria","Bacillota","Clostridia","Lachnospirales","Lachnospiraceae","Bariatricus",NA
"ACGTAGGTGGCAAGCGTTATCCGGAATCATTGGGCGTAAAGGGTGCGTAGGTGGCGTACTAAGTCTGTAGTAAAAGGCAATGGCTCAACCATTGT","Bacteria","Bacillota","Bacilli","Erysipelotrichales","Erysipelotrichaceae","Clostridium_AQ",NA
"ACGTAGGTCACAAGCGTTGTCCGGAATTACTGGGTGTAAAGGGAGCGCAGGCGGGAAGACAAGTTGGAAGTGAAATCCATGGGCTCAACCCATGA","Bacteria","Bacillota","Clostridia","Oscillospirales","Ruminococcaceae","Faecalibacterium",NA
"ACGTAGGTGGCGAGCGTTATCCGGAATTATTGGGCGTAAAGAGGGAGCAGGCGGCACTAAGGGTCTGTGGTGAAAGATCGAAGCTTAACTTCGGT","Bacteria","Bacillota","Bacilli","Erysipelotrichales","Coprobacillaceae","Faecalibacillus",NA
"ACGTAGGATGCAAGCGTTATCCGGATTTACTGGGTGTAAAGGGAGCGCAGGCGGGACTGCAAGTTGGATGTGAAATACCGTGGCTTAACCACGGA","Bacteria","Bacillota","Clostridia","Oscillospirales","Acutalibacteraceae","Fimenecus","sp000432435"
"ACGTAGGGGGCAAGCGTTATCCGGATTTACTGGGTGTAAAGGGAGCGTAGACGGCAAGGCAAGTCTGAAGTGAAAGCCCGGTGCTTAACGCCGGG","Bacteria","Bacillota","Clostridia","Lachnospirales","Lachnospiraceae","Gallintestinimicrobium","propionicum"
"ACGTAGGGAGCAAGCGTTGTCCGGATTTACTGGGTGTAAAGGGTGCGTAGGCGGATTGGCAAGTCAGAAGTGAAATCCATGGGCTTAACCCATGA","Bacteria","Bacillota","Clostridia","Oscillospirales","Acutalibacteraceae","Hominenteromicrobium",NA
"ACGGAGGATTCAAGCGTTATCCGGATTTATTGGGTTTAAAGGGTGCGTAGGCGGTTTGATAAGTTAGAGGTGAAATCCCGGGGCTTAACTCCGGA","Bacteria","Bacteroidota","Bacteroidia","Bacteroidales","Rikenellaceae","Alistipes","onderdonkii"
"ACGTAGGGTGCAAGCGTTGTCCGGAATTACTGGGTGTAAAGGGAGCGCAGGCGGATTGGCAAGTTGGGAGTGAAATCTATGGGCTCAACCCATAA","Bacteria","Bacillota","Clostridia","Oscillospirales","Ruminococcaceae","Ruthenibacterium","lactatiformans"
"ACGGAAGGTCCGGGCGTTATCCGGATTTATTGGGTTTAAAGGGAGCGTAGGCCGGAGATTAAGCGTGTTGTGAAATGTAGACGCTCAACGTCTGC","Bacteria","Bacteroidota","Bacteroidia","Bacteroidales","Bacteroidaceae","Prevotella",NA
"ACGTAGGGGGCAAGCGTTATCCGGATTTACTGGGTGTAAAGGGAGCGTAGACGGTTAAGCAAGTCTGAAGTGAAAGCCCGGGGCTCAACCCCGGT","Bacteria","Bacillota","Clostridia","Lachnospirales","Lachnospiraceae",NA,NA
"ACGGAGGATCCGAGCGTTATCCGGATTTATTGGGTTTAAAGGGAGCGTAGGCGGGTTGTTAAGTCAGTTGTGAAAGTTTGCGGCTCAACCGTAAA","Bacteria","Bacteroidota","Bacteroidia","Bacteroidales","Bacteroidaceae","Bacteroides",NA
"ACGTAGGGGGCAAGCGTTATCCGGATTTACTGGGTGTAAAGGGAGCGTAGACGGCGATGCAAGCCAGATGTGAAAGCCCGGGGCTCAACCCCGGG","Bacteria","Bacillota","Clostridia","Lachnospirales","Lachnospiraceae",NA,NA
"ACGTAGGGAGCAAGCGTTGTCCGGATTTACTGGGTGTAAAGGGTGCGTAGGCGGCTTTGCAAGTCAGATGTGAAATCTATGGGCTCAACCCATAG","Bacteria","Bacillota","Clostridia","Oscillospirales","Acutalibacteraceae","Ruminococcoides",NA
"ACGTAGGGGGCAAGCGTTATCCGGATTTACTGGGTGTAAAGGGAGCGCAGACGGCGATGCAAGTCTGGAGTGAAAGCCCGGGGCTCAACCCCGGG","Bacteria","Bacillota","Clostridia","Lachnospirales","Lachnospiraceae",NA,NA
"ACGTAGGGGGCTAGCGTTATCCGGATTTACTGGGCGTAAAGGGTGCGTAGGCGGTCTTTCAAGTCAGGAGTGAAAGGCTACGGCTCAACCGTAGT","Bacteria","Bacillota","Clostridia","Peptostreptococcales","Peptostreptococcaceae","Clostridioides",NA
"ACGTATGGAGCAAGCGTTATCCGGATTTACTGGGTGTAAAGGGAGTGTAGGTGGCCAGGCAAGTCAGAAGTGAAAGCCCGGGGCTCAACCCCGGG","Bacteria","Bacillota","Clostridia","Lachnospirales","Lachnospiraceae","Lachnospira",NA
"ACGGAGGATCCAAGCGTTATCCGGATTTATTGGGTTTAAAGGGTGCGTAGGCGGTTTGATAAGTTAGAGGTGAAATACCGGGGCTCAACTCCGGA","Bacteria","Bacteroidota","Bacteroidia","Bacteroidales","Rikenellaceae","Alistipes","finegoldii"
"ACGGAGGATGCGAGCGTTATCCGGATTTATTGGGTTTAAAGGGTGCGTAGGTGGTGATTTAAGTCAGCGGTGAAAGTTTGTGGCTCAACCATAAA","Bacteria","Bacteroidota","Bacteroidia","Bacteroidales","Tannerellaceae","Parabacteroides","merdae"
"ACGTAGGTGGCAAGCGTTGTCCGGAATTATTGGGCGTAAAGCGCGCGCAGGCGGCTTCCTAAGTCCATCTTAAAAGTGCGGGGCTTAACCCCGTG","Bacteria","Bacillota","Negativicutes","Veillonellales","Dialisteraceae","Dialister","sp900538805"
"ACGTAGGTCCCGAGCGTTGTCCGGATTTATTGGGCGTAAAGCGAGCGCAGGTGGTTTATTAAGTCTGGTGTAAAAGGCAGTGGCTCAACCATTGT","Bacteria","Bacillota","Bacilli","Lactobacillales","Streptococcaceae","Lactococcus",NA
"ACGGAGGATTCAAGCGTTATCCGGATTTATTGGGTTTAAAGGGTGCGTAGGCGGTTTGATAAGTTAGAGGTGAAATTTCGGGGCTCAACCCTGAA","Bacteria","Bacteroidota","Bacteroidia","Bacteroidales","Rikenellaceae","Alistipes","putredinis"
"ACGTAGGGAGCGAGCGTTGTCCGGATTTACTGGGTGTAAAGGGTGCGTAGGCGGCGAGGCAAGTCAGGCGTGAAATCTATGGGCTTAACCCATAA","Bacteria","Bacillota","Clostridia","Oscillospirales","Acutalibacteraceae","Clostridium_A","leptum"
"ACGTAGGGGGCAAGCGTTATCCGGATTTACTGGGTGTAAAGGGAGCGTAGACGGTTTTGCAAGTCTGAAGTGAAAGCCCGGGGCTTAACCCCGGG","Bacteria","Bacillota","Clostridia","Lachnospirales","Lachnospiraceae","Acetatifactor",NA
"ACGTATGGTGCAAGCGTTATCCGGATTTACTGGGTGTAAAGGGTGCGTAGGTGGCAAGGCAAGTCTGAAGTGAAAATCCGGGGCTCAACCCCGGA","Bacteria","Bacillota","Clostridia","Lachnospirales","Lachnospiraceae","Coprococcus",NA
"ACGGAAGGTCCGGGCGTTATCCGGATTTATTGGGTTTAAAGGGAGCGTAGGCCGGAGATTAAGCGTGTTGTGAAATGTAGATGCTCAACATCTGA","Bacteria","Bacteroidota","Bacteroidia","Bacteroidales","Bacteroidaceae","Prevotella",NA
"ACGTAGGGAGCGAGCGTTATCCGGATTTACTGGGTGTAAAGGGCGTGTAGGCGGGGAAGCAAGTCAGATGTGAAAACCAGTGGCTCAACCACTGG","Bacteria","Bacillota","Clostridia","Oscillospirales","Oscillospiraceae","Evtepia","gabavorous"
"ACGTAGGGGGCAAGCGTTATCCGGATTTACTGGGTGTAAAGGGAGCGCAGACGGCACTGCAAGTCTGAAGTGAAAGCCCGGGGCTCAACCCCGGG","Bacteria","Bacillota","Clostridia","Lachnospirales","Lachnospiraceae","Enterocloster","sp000431375"
"ACGGAGGATCCGAGCGTTATCCGGATTTATTGGGTTTAAAGGGAGCGTAGGCGGACTATTAAGTCAGCTGTGAAAGTTTGCGGCTCAACCGTAAA","Bacteria","Bacteroidota","Bacteroidia","Bacteroidales","Bacteroidaceae","Bacteroides",NA
"ACGTATGGTGCAAGCGTTATCCGGATTTACTGGGTGTAAAGGGAGCGTAGACGGAGAGGCAAGTCTGATGTGAAAACCCGGGGCTCAACCCCGGG","Bacteria","Bacillota","Clostridia","Lachnospirales","Lachnospiraceae",NA,NA
"ACGTAGGGGGCAAGCGTTATCCGGATTTACTGGGTGTAAAGGGAGCGTAGACGGATTAGCAAGTCTGATGTGAAAGGCAGGGGCTCAACCCCTGG","Bacteria","Bacillota","Clostridia","Lachnospirales","Lachnospiraceae","Blautia_A",NA
"ACGTAGGGGGCAAGCGTTATCCGGATTTACTGGGTGTAAAGGGAGCGTAGACGGCATGACAAGCCAGATGTGAAAACCCAGGGCTCAACCCTGGG","Bacteria","Bacillota","Clostridia","Lachnospirales","Lachnospiraceae","Eisenbergiella","porci"
"ACGTAGGGAGCGAGCGTTGTCCGGAATTACTGGGTGTAAAGGGAGCGTAGGCGGGATCGCAAGTCAGATGTGAAAACTATGGGCTTAACCCATAA","Bacteria","Bacillota","Clostridia","Oscillospirales","Ruminococcaceae","Hominimerdicola","aceti"
"ACGTAGGGGGCAAGCGTTATCCGGATTTACTGGGTGTAAAGGGAGCGTAGACGGTAAAGCAAGTCTGAAGTGAAAGCCCGCGGCTCAACTGCGGG","Bacteria","Bacillota","Clostridia","Lachnospirales","Lachnospiraceae","Otoolea","symbiosa"
"ACGTAGGGGGCAAGCGTTATCCGGATTTACTGGGTGTAAAGGGAGCGTAGACGGCATTGCAAGCCAGATGTGAAAGCCCGGGGCTCAACCCCGGG","Bacteria","Bacillota","Clostridia","Lachnospirales","Lachnospiraceae","Dorea_D","hominis"
"ACGTATGGAGCAAGCGTTATCCGGATTTACTGGGTGTAAAGGGAGCGTAGGCGGTCCTGCAAGTCTGATGTGAAAGGCCGGGGCTCAACCCCGGG","Bacteria","Bacillota","Clostridia","Lachnospirales","Lachnospiraceae","Eubacterium_I","ramulus"
"ACGTAGGGTGCGAGCGTTAATCGGAATTACTGGGCGTAAAGGGTGCGCAGGCGGTTGAGTAAGACAGATGTGAAATCCCCGAGCTTAACTCGGGA","Bacteria","Pseudomonadota","Gammaproteobacteria","Burkholderiales","Burkholderiaceae","Parasutterella",NA
"ACAGAGGTCTCAAGCGTTGTTCGGAATCACTGGGCGTAAAGCGTGCGTAGGCTGTTTCGTAAGTCGTGTGTGAAAGGCAGGGGCTCAACCCCTGG","Bacteria","Verrucomicrobiota","Verrucomicrobiia","Verrucomicrobiales","Akkermansiaceae","Akkermansia",NA
"ACGTATGGTGCAAGCGTTATCCGGATTTACTGGGTGTAAAGGGAGCGTAGGTGGCAAGGCAAGCCAGAAGTGAAAACCCGGGGCTCAACCGCGGG","Bacteria","Bacillota","Clostridia","Lachnospirales","Lachnospiraceae","Anthropogastromicrobium","aceti"
"ACGTAGGGGGCAAGCGTTGTCCGGAATAATTGGGCGTAAAGGGCGCGTAGGCGGCTCGGTAAGTCTGGAGTGAAAGTCCTGCTTTTAAGGTGGGA","Bacteria","Bacillota","Clostridia","Christensenellales","Aristaeellaceae","UBA11524","sp000437595"
"ACGTAGGTCACAAGCGTTGTCCGGAATTACTGGGTGTAAAGGGAGCGCAGGCGGGCGATCAAGTTGGAAGTGAAATCCATGGGCTCAACCCATGA","Bacteria","Bacillota","Clostridia","Oscillospirales","Ruminococcaceae","Faecalibacterium",NA
"ACGTAGGATCCGAGCGTTATCCGGAGTGACTGGGCGTAAAGAGTTGCGTAGGTGGTTCGATAAGCGAATAGTGAAATCTGGTGGCTCAACCATTCAG","Bacteria","Patescibacteriota","Saccharimonadia","Saccharimonadales","Nanogingivalaceae","Nanogingivalis",NA
"ACGTAGGGGGCAAGCGTTATCCGGATTTACTGGGTGTAAAGGGAGCGCAGGCGGTGCGGCAAGTCTGATGTGAAAGCCCGGGGCTCAACCCCGGG","Bacteria","Bacillota","Clostridia","Lachnospirales","Lachnospiraceae",NA,NA
"ACGTAGGTGGCAAGCGTTGTCCGGAATTACTGGGTGTAAAGGGAGCGCAGGCGGGTGATCAAGTCAGCTGTGAAAACTACGGGCTTAACCCGTAG","Bacteria","Bacillota","Clostridia","Oscillospirales","Acutalibacteraceae","CAG-217","sp000436335"
"ACGTAGGGGGCAAGCGTTATCCGGATTTACTGGGTGTAAAGGGAGCGTAGACGGTGTGACAAGTCTGATGTGAAAGGCATGGGCTCAACCTGTGG","Bacteria","Bacillota","Clostridia","Lachnospirales","Lachnospiraceae","Blautia_A",NA
"ACGTAGGTGGCAAGCGTTGTCCGGAATTATTGGGCGTAAAGCGCATGTAGGCGGTTTGGTAAGTCGGTCGTGAAAATGCGGTGCTTAACGCCGTA","Bacteria","Bacillota","Negativicutes","Acidaminococcales","Acidaminococcaceae","Succiniclasticum","sp900544275"
"ACGTAGGGGGCGAGCGTTATCCGGATTCATTGGGCGTAAAGCGCGCGTAGGCGGCCCGTCAAGCGGAACCTCTAACCCGAGGGCTCAACCCCCGG","Bacteria","Actinomycetota","Coriobacteriia","Coriobacteriales","Eggerthellaceae","Gordonibacter",NA
"ACGTAGGGGGCAAGCGTTATCCGGATTTACTGGGTGTAAAGGGAGCGTAGACGGCATGGCAAGCCAGATGTGAAAACCCAGGGCTCAACCTTGGG","Bacteria","Bacillota","Clostridia","Lachnospirales","Lachnospiraceae","Eisenbergiella","tayi"
"ACGTAGGTGGCAAGCGTTGTCCGGATTTACTGGGTGTAAAGGGCGTGCAGCCGGGCCGGCAAGTCAGATGTGAAATCTGGAGGCTTAACCTCCAA","Bacteria","Bacillota","Clostridia","Oscillospirales","Oscillospiraceae","Oscillibacter","welbionis"
"ACGTATGGTGCAAGCGTTATCCGGATTTACTGGGTGTAAAGGGAGCGCAGGCGGTACGGCAAGTCTGATGTGAAATCCCGGGGCTCAACCCCGGT","Bacteria","Bacillota","Clostridia","Lachnospirales","Lachnospiraceae","Roseburia","hominis"
"ACGTATGGAGCAAGCGTTATCCGGATTTACTGGGTGTAAAGGGAGTGTAGGTGGCATCACAAGTCAGAAGTGAAAGCCCGGGGCTCAACCCCGGG","Bacteria","Bacillota","Clostridia","Lachnospirales","Lachnospiraceae","Lachnospira","sp000437735"
"ACGTAGGGTGCAAGCGTTGTCCGGAATTACTGGGTGTAAAGGGAGCGCAGGCGGACCGGCAAGTTGGAAGTGAAATCCATGGGCTCAACCCGTGA","Bacteria","Bacillota","Clostridia","Oscillospirales","Ruminococcaceae","Gemmiger","sp900539695"
"ACGGAGGATCCGAGCGTTATCCGGATTTATTGGGTTTAAAGGGAGCGTAGATGGGTTGTTAAGTCAGTTGTGAAAGTTTGCGGCTCAACCGTAAA","Bacteria","Bacteroidota","Bacteroidia","Bacteroidales","Bacteroidaceae",NA,NA
"ACGTAGGGGGCAAGCGTTATCCGGATTTACTGGGTGTAAAGGGAGCGTAGACGGCATGGCAAGTCTGAAGTGAAAGCCCGGGGCTCAACCCCGGG","Bacteria","Bacillota","Clostridia","Lachnospirales","Lachnospiraceae",NA,NA
"ACGTAGGTGGCAAGCGTTGTCCGGATTTACTGGGCGTAAAGGGAGCGTAGGCGGATTTTTAAGTGGGATGTGAAATACCCGGGCTCAACCTGGGT","Bacteria","Bacillota","Clostridia","Clostridiales","Clostridiaceae","Clostridium",NA
"ACGTAGGGGGCAAGCGTTATCCGGATTTACTGGGTGTAAAGGGAGCGTAGACGGCGACGCAAGTCTGGAGTGAAAGCCCGGGGCCCAACCCCGGG","Bacteria","Bacillota","Clostridia","Lachnospirales","Lachnospiraceae","Acetatifactor",NA
"ACGTAGGGAGCAAGCGTTGTCCGGATTTACTGGGTGTAAAGGGTGCGTAGGCGGCTAGGCAAGTCAGACGTGAAAACCATGGGCTCAACCTGTGG","Bacteria","Bacillota","Clostridia","Oscillospirales","Acutalibacteraceae","UMGS1071","sp900542375"
"ACGTAGGGGGCAAGCGTTATCCGGATTTACTGGGTGTAAAGGGAGCGTAGACGGCGAGGCAAGTCTGATGTGAAAACCCGGGGCTCAACCCCGTG","Bacteria","Bacillota","Clostridia","Lachnospirales","Lachnospiraceae","Hominisplanchenecus",NA
"ACGTAGGGGGCGAGCGTTGTCCGGAATGATTGGGCGTAAAGGGCGCGTAGGCGGCCTGCTAAGTCTGGAGTGAAAGTCCTGCTTTCAAGGTGGGA","Bacteria","Bacillota","Clostridia","Christensenellales","Aristaeellaceae","Ventricola","sp900542445"
"ACGTAGGGGGCAAGCGTTATCCGGATTTACTGGGTGTAAAGGGAGCGTAGACGGCTTTGCAAGTCTGACGTGAAACTCCGGGGCTCAACTCCGGA","Bacteria","Bacillota","Clostridia","Lachnospirales","Lachnospiraceae","Limivivens","faecihominis"
"ACGTAGGGGGCAAGCGTTATCCGGATTTACTGGGTGTAAAGGGAGCGTAGACGGTAAAGCAAGTCTGAAGTGAAAGCCCGGGGCTCAACCCCGGG","Bacteria","Bacillota","Clostridia","Lachnospirales","Lachnospiraceae","Otoolea","fessa"
"ACGTATGGTGCAAGCGTTATCCGGATTTACTGGGTGTAAAGGGTGAGTAGGCGGTCATGCAAGTCATATGTGAAATGTCAGGGCTTAACCTTGGC","Bacteria","Bacillota","Clostridia","Lachnospirales","CAG-274","CAG-274",NA
"ACGTAGGTGGCAAGCGTTATCCGGAATCATTGGGCGTAAAGGGTGCGTAGGTGGCACGATAAGTCTGAAGTAAAAGGCAACAGCTCAACTGTTGT","Bacteria","Bacillota","Bacilli","Erysipelotrichales","Erysipelotrichaceae","Longicatena","caecimuris"
"ACGTAGGTGGCAAGCGTTGTCCGGATTTATTGGGCGTAAAGCGAGCGCAGGCGGTTCCTTAAGTCTGATGTGAAAGCCCCCGGCTCAACCGGGGA","Bacteria","Bacillota","Bacilli","Lactobacillales","Aerococcaceae",NA,NA
"ACGTAGGGGGCAAGCGTTATCCGGATTTACTGGGTGTAAAGGGAGCGTAGACGGCGGAGCAAGTCTGAAGTGAAAGCCCGGGGCTCAACCCCGGG","Bacteria","Bacillota","Clostridia","Lachnospirales","Lachnospiraceae",NA,NA
"ACGTAGGGGGCAAGCGTTATCCGGATTTACTGGGTGTAAAGGGAGCGTAGACGGCGAGACAAGTCTGAAGTGAAAGCCCGGGGCTCAACCCCGGG","Bacteria","Bacillota","Clostridia","Lachnospirales","Lachnospiraceae","Brotaphodocola",NA
"ACGTAGGTGGCGAGCGTTGTCCGGAATTATTGGGCGTAAAGAGCATGTAGGCGGTTTTTTAAGTCTGGAGTGAAAATGCGGGGCTCAACCCCGTA","Bacteria","Bacillota","Negativicutes","Acidaminococcales","Acidaminococcaceae","Phascolarctobacterium_A",NA
"ACGTAGGTGGCGAGCGTTATCCGGAATTATTGGGCGTAAAGAGGGAGCAGGCGGCGGCAGAGGTCTGTGGTGAAAGACTGAAGCTTAACTTCAGT","Bacteria","Bacillota","Bacilli","Erysipelotrichales","Coprobacillaceae","Thomasclavelia","spiroformis"
"ACGTAGGGGGCAAGCGTTATCCGGATTTACTGGGTGTAAAGGGTGCGTAGGTGGCAAGGCAAGTCAGATGTGAAAGCCCGGGGCTCAACCCCGGT","Bacteria","Bacillota","Clostridia","Lachnospirales","Lachnospiraceae","Eubacterium_F",NA
"ACGTAGGGCGCGAGCGTTGTCCGGAATTATTGGGCGTAAAGGGCTTGTAGGCGGTTGGTCGCGTCTGCCGTGAAATCCTCTGGCTTAACTGGGGG","Bacteria","Actinomycetota","Actinomycetes","Actinomycetales","Actinomycetaceae","Pauljensenia",NA
"ACGTAGGTGGCGAGCGTTATCCGGAATGATTGGGCGTAAAGGGTGCGTAGGTGGCAGATCAAGTCTGGAGTAAAAGGTATGGGCTCAACCCGTAC","Bacteria","Bacillota","Bacilli","Erysipelotrichales","Erysipelotrichaceae","Holdemanella",NA
"ACGTAGGGAGCGAGCGTTGTCCGGAATTACTGGGTGTAAAGGGAGCGTAGGCGGGATGGCAAGTCAGATGTGAAAACTATGGGCTCAACCCATAG","Bacteria","Bacillota","Clostridia","Oscillospirales","Ruminococcaceae","Ruminococcus_C",NA
"ACGTAGGGGGCAAGCGTTATCCGGATTTACTGGGTGTAAAGGGAGCGTAGGCGGCGGAGCAAGTCAGAAGTGAAAGCCCGGGGCTCAACCCCGGG","Bacteria","Bacillota","Clostridia","Lachnospirales","Lachnospiraceae","Coprococcus_A",NA
"ACGTATGGGGCAAGCGTTATCCGGATTTACTGGGTGTAAAGGGAGCGTAGGCGGCATGGCAAGTCAGAAGTGAAAGCCTGGGGCTCAACCCCGGA","Bacteria","Bacillota","Clostridia","Lachnospirales","Lachnospiraceae","Eubacterium_G",NA
"ACGTAGGGAGCGAGCGTTGTCCGGAATTACTGGGTGTAAAGGGAGCGTAGGCGGGATCTTAAGTCAGGTGTGAAAACTATGGGCTCAACCCATAG","Bacteria","Bacillota","Clostridia","Oscillospirales","Ruminococcaceae","Huintestinicola","butyrica"
"ACGTAGGTGGCAAGCGTTGTCCGGATTTACTGGGTGTAAAGGGCGTGTAGCCGGGAAGGCAAGTCAGATGTGAAATCCACGGGCTCAACTCGTGA","Bacteria","Bacillota","Clostridia","Oscillospirales","Oscillospiraceae","Vescimonas","coprocola"
"ACGTAGGGAGCGAGCGTTGTCCGGAATTACTGGGCGTAAAGGGTGCGTAGGCGGCTGTGTAAGTCAGATGTGAAATACCGGGGCTTAACCTCGGG","Bacteria","Bacillota","Clostridia",NA,NA,NA,NA
"ACGGAGGATGCGAGCGTTATCCGGATTTATTGGGTTTAAAGGGTGCGTAGGCGGTTTATTAAGTTAGTGGTTAAATATTTGAGCTAAACTCAAT","Bacteria","Bacteroidota","Bacteroidia","Bacteroidales","Marinifilaceae","Odoribacter",NA
"ACGTAGGGAGCAAGCGTTATCCGGATTTACTGGGTGTAAAGGGCGCGCAGGCGGGCCGGCAAGTTGGGAGTGAAATCCCGGGGCTTAACCCCGGA","Bacteria","Bacillota","Clostridia","Oscillospirales","Butyricicoccaceae","Agathobaculum",NA
"ACGTAGGTGGCAAGCGTTGTCCGGAATTATTGGGCGTAAAGCGCGCGCAGGTGGTTTAATAAGTCTGATGTGAAAGCCCACGGCTCAACCGTGGA","Bacteria","Bacillota","Bacilli","Staphylococcales","Gemellaceae","Gemella",NA
"ACGTAGGGGGCAAGCGTTATCCGGAATTATTGGGCGTAAAGAGTACGTAGGTGGTTTTCTAAGCACGGGGTTTAAGGCAATGGCTTAACCATTGT","Bacteria","Bacillota","Clostridia","Peptostreptococcales","Anaerovoracaceae","Lentihominibacter","faecis"
"ACGTAGGGAGCGAGCGTTATCCGGATTCATTGGGCGTAAAGCGCGCGTAGGCGGCCCGTCAAGCGGGGTTTCAAATCCAGGGGCTCAACCTCTGG","Bacteria","Actinomycetota","Coriobacteriia","Coriobacteriales","Eggerthellaceae","Anaerotardibacter",NA
"ACGTAGGGGGCAAGCGTTATCCGGATTTACTGGGTGTAAAGGGAGCGTAGACGGCGACGCAAGTCTGAAGTGAAATACCCGGGCTCAACCTGGGA","Bacteria","Bacillota","Clostridia","Lachnospirales","Lachnospiraceae","Pilosibacter",NA
"ACGTAGGTGGCGAGCGTTATCCGGAATCATTGGGCGTAAAGAGGGAGCAGGCGGCAATAGAGGTCTGCGGTGAAAGCCTGAAGCTAAACTTCAGT","Bacteria","Bacillota","Bacilli","Erysipelotrichales","Coprobacillaceae","Coprobacillus","cateniformis"
"ACGTAGGGGGCAAGCGTTATCCGGATTTACTGGGTGTAAAGGGAGCGTAGACGGTTTAGCAAGTCTGAAGTGAAAGCCCGGGGCTCAACCCCGGT","Bacteria","Bacillota","Clostridia","Lachnospirales","Lachnospiraceae","Hungatella",NA
"ACGTAGGGGGCAAGCGTTATCCGGATTTACTGGGTGTAAAGGGAGCGTAGACGGCACAGCAAGTCTGAAGTGAAATCCCCGGGCTCAACCCGGGA","Bacteria","Bacillota","Clostridia","Lachnospirales","Lachnospiraceae",NA,NA
"ACGGAGGATGCAAGCGTTATCCGGATTTATTGGGTTTAAAGGGTGCGTAGGCGGCACGCCAAGTCAGCGGTGAAATTTCCGGGCTCAACCCGGAC","Bacteria","Bacteroidota","Bacteroidia","Bacteroidales","Barnesiellaceae","Barnesiella","intestinihominis"
"ACGTAGGGGGCAAGCGTTATCCGGATTTACTGGGTGTAAAGGGAGCGTAGGCGGCCATGCAAGTCAGAAGTGAAAGCCCGGGGCTCAACCCCGGG","Bacteria","Bacillota","Clostridia","Lachnospirales","Lachnospiraceae","Frisingicoccus","caecimuris"
"ACGTAGGATCCGAGCGTTATCCGGAGTGACTGGGCGTAAAGAGTTGCGTAGGTGGTTTAATAAGCGAATAGTGAAATCTGGTGGCTCAACCATTCAG","Bacteria","Patescibacteriota","Saccharimonadia","Saccharimonadales","Nanogingivalaceae","Nanogingivalis","gingivitcus"
"ACGTAGGTGGCAAGCGTTGTCCGGATTTACTGGGTGTAAAGGGCGTGTAGCCGGGAGGGCAAGTCAGATGTGAAATCCACGGGCTCAACTCGTGA","Bacteria","Bacillota","Clostridia","Oscillospirales","Oscillospiraceae","Vescimonas",NA
"ACGTAGGTGGCAAGCGTTGTCCGGAATTACTGGGTGTAAAGGGAGTGTAGGCGGGATATCAAGTCAGAAGTGAAAATTACGGGCTCAACTCGTAA","Bacteria","Bacillota","Clostridia","Oscillospirales","Ruminococcaceae","Ruminiclostridium_E","siraeum"
"ACGGAGGATCCAAGCGTTATCCGGATTTATTGGGTTTAAAGGGTGCGTAGGCGGCAGATTAAGTTAGAGGTGAAATTCCGAGGCTCAACCTTGGC","Bacteria","Bacteroidota","Bacteroidia","Bacteroidales","Rikenellaceae","Tidjanibacter","inops"
"ACGGAGGATGCGAGCGTTATCCGGATTTATTGGGTTTAAAGGGTGCGTAGGCGGCACGCCAAGTCAGCGGTGAAATTTTCGGGCTCAACCCGGAC","Bacteria","Bacteroidota","Bacteroidia","Bacteroidales","Barnesiellaceae","Barnesiella","intestinihominis"
"ACGTAGGGTGCAAGCGTTAATCGGAATTACTGGGCGTAAAGCGTGCGCAGGCGGTTCTGTAAGACAGATGTGAAATCCCCGGGCTCAACCTGGGA","Bacteria","Pseudomonadota","Gammaproteobacteria","Burkholderiales","Burkholderiaceae",NA,NA
"ACGTAGGGGGCAAGCGTTATCCGGATTTACTGGGTGTAAAGGGAGCGTAGACGGTATGGCAAGTCTGATGTGAAAGGCCAGGGCTCAACCCTGGG","Bacteria","Bacillota","Clostridia","Lachnospirales","Lachnospiraceae","Claveliimonas","ammoniilytica"
"ACGTAGGTGGCAAGCGTTGTCCGGAATTACTGGGTGTAAAGGGAGCGTAGGCGGGATGCCAAGTCAGCTGTGAAAACTATGGGCTTAACCCGTAG","Bacteria","Bacillota","Clostridia","Oscillospirales","Acutalibacteraceae","Eubacterium_R","sp000436835"
"ACGTAGGTGGCAAGCGTTGTCCGGATTTACTGGGTGTAAAGGGCGTGTAGGCGGAGAAGCAAGTCAGAAGTGAAATCCATGGGCTTAACCCATGA","Bacteria","Bacillota","Clostridia","Oscillospirales","Oscillospiraceae","CAG-170",NA
"ACGTAGGTGGCAAGCGTTGTCCGGATTTACTGGGTGTAAAGGGCGTGTAGGCGGGTAGACAAGTCAGATGTGAAATACCGGGGCTCAACTCCGGG","Bacteria","Bacillota","Clostridia","Monoglobales","Monoglobaceae","Monoglobus","pectinilyticus"
"ACGTAGGGGGCAAGCGTTATCCGGATTTACTGGGTGTAAAGGGAGCGTAGACGGCTTTGCAAGTCTGATGTGAAAGGCGGGGGCTCAACCCCTGG","Bacteria","Bacillota","Clostridia","Lachnospirales","Lachnospiraceae",NA,NA
"ACGTAGGGAGCGAGCGTTGTCCGGAATTACTGGGTGTAAAGGGAGCGTAGGCGGGACGGCAAGTCAGATGTGAAAACTATGGGCTCAACCCATAG","Bacteria","Bacillota","Clostridia","Oscillospirales","Ruminococcaceae","Ruminococcus_C","sp000980705"
"ACGGAGGGTGCAAGCGTTAATCGGAATCACTGGGCGTAAAGCGCACGTAGGCGGCTTGGTAAGTCAGGGGTGAAATCCCACAGCCCAACTGTGGA","Bacteria","Desulfobacterota_I","Desulfovibrionia","Desulfovibrionales","Desulfovibrionaceae","Bilophila",NA
"ACCGGCAGCTCTAGTGGTAGCAGTTTTTATTGGGCCTAAAGCGTCCGTAGCCGGTTTAATAAGTCTCTGGTGAAATCCTGCAGCTTAACTGTGGG","Archaea","Methanobacteriota","Methanobacteria","Methanobacteriales","Methanobacteriaceae","Methanocatella",NA
"ACGTAGGTGGCGAGCGTTATCCGGATTTACTGGGTGTAAAGGGCGCGTAGGCGGGAATGCAAGTCAGATGTGAAATCCAAGGGCTCAACCCTTGA","Bacteria","Bacillota","Clostridia","Oscillospirales","Oscillospiraceae","CAG-103",NA
"ACGTATGGAGCAAGCGTTATCCGGATTTATTGGGCGTAAAGCGCGCGTAGGCGGCTTGTTAAGCAAGGTCTTAAATCTTGGGGCTCAACCTCAAG","Bacteria","Actinomycetota","Coriobacteriia","Coriobacteriales","Eggerthellaceae","Anaerotardibacter",NA
"ACGTAGGTGGCAAGCGTTGTCCGGATTTACTGGGTGTAAAGGGCGTGCAGCCGGGTCTGCAAGTCAGATGTGAAATCCATGGGCTCAACCCATGA","Bacteria","Bacillota","Clostridia","Oscillospirales","Oscillospiraceae","Hominicoprocola",NA
"ACGTAGGTGGCAAGCGTTATCCGGAATTATTGGGCGTAAAGAGGGAGCAGGCGGCAGCAAGGGTCTGTGGTGAAAGACTGAAGCTTAACTTCAGT","Bacteria","Bacillota","Bacilli","Erysipelotrichales","Coprobacillaceae","Thomasclavelia",NA
"ACGTAGGGGGCAAGCGTTATCCGGATTTACTGGGTGTAAAGGGAGCGTAGACGGCATAACAAGTCTGATGTGAAAGGCTGGGGCTTAACCCCGGG","Bacteria","Bacillota","Clostridia","Lachnospirales","Lachnospiraceae","Blautia_A","ammoniilytica"
"ACGTAGGTGGCAAGCGTTGTCCGGATTTACTGGGTGTAAAGGGCGTGTAGCCGGGAAGGCAAGTCAGATGTGAAATCCACGGGCTTAACTCGTGA","Bacteria","Bacillota","Clostridia","Oscillospirales","Oscillospiraceae","Vescimonas","cirricatena"
"ACGTAGGTGGCAAGCGTTATCCGGAATTACTGGGTGTAAAGGGAGCGCAGGCGGGATAGCAAGTCAGCTGTGAAAACTATGGGCTCAACCCATAA","Bacteria","Bacillota","Clostridia","Oscillospirales","Acutalibacteraceae","CAG-177",NA
"ACGTAGGTGGCAAGCGTTGTCCGGATTTACTGGGTGTAAAGGGCGTGCAGCCGGGAATGCAAGTCAGATGTGAAATCCATGGGCTTAACCCATGA","Bacteria","Bacillota","Clostridia","Oscillospirales","Oscillospiraceae","Hominicoprocola","sp900317525"
"ACGTAGGGGGCAAGCGTTATCCGGATTTACTGGGTGTAAAGGGAGCGCAGGCGGCATGATAAGTCTGATGTGAAAACCCAAGGCTCAACCATGGG","Bacteria","Bacillota","Clostridia","Lachnospirales","Lachnospiraceae","Maccoya","intestinihominis"
"ACGTAGGTGGCAAGCGTTGTCCGGATTTACTGGGTGTAAAGGGCGTGTAGGCGGAGATGCAAGTCAGATGTGAAATCCTCGGGCTTAACCCGGGA","Bacteria","Bacillota","Clostridia","Oscillospirales","Oscillospiraceae","Faecousia",NA
"ACGTATGGTGCAAGCGTTATCCGGATTTACTGGGTGTAAAGGGTGCGTAGGTGGTATGGCAAGTCAGAAGTGAAAGGCTGGGGCTCAACCCCGGG","Bacteria","Bacillota","Clostridia","Lachnospirales","Lachnospiraceae","Wujia",NA
"ACGGAGGATCCGAGCGTTATCCGGATTTATTGGGTTTAAAGGGTGCGTAGGCTGTTTTTTAAGTTAGAGGTGAAAGCTCGACGCTCAACGTCGAA","Bacteria","Bacteroidota","Bacteroidia","Bacteroidales","Rikenellaceae","Alistipes_A","ihumii"
"ACGTAGGTGGCAAGCGTTATCCGGATTTACTGGGTGTAAAGGGCGTGTAGGCGGGATCGCAAGTCAGATGTGAAAACTGGAGGCTCAACCTCCAG","Bacteria","Bacillota","Clostridia","Oscillospirales","Oscillospiraceae","Lawsonibacter",NA
"ACGTAGGGAGCGAGCGTTGTCCGGATTTACTGGGTGTAAAGGGTGCGTAGGCGGCCGAGCAAGTCAGTTGTGAAAACTATGGGCTTAACCCATAA","Bacteria","Bacillota","Clostridia","Oscillospirales","Acutalibacteraceae","Pseudoruminococcus","massiliensis"
"ACGTAGGGGGCAAGCGTTATCCGGAATTACTGGGTGTAAAGGGTGAGTAGGCGGCATGGCAAGTAAGATGTGAAAGCCCGAGGCTTAACCTCGGG","Bacteria","Bacillota","Clostridia","Lachnospirales","Anaerotignaceae","Metalachnospira","sp900546215"
"ACGTAGGGGGCAAGCGTTGTCCGGAATGATTGGGCGTAAAGGGCGTGTAGGCGGCTAAGTAAGTCTGGAGTGAAAGTCCTGCTTTTAAGGTGGGA","Bacteria","Bacillota","Clostridia","Christensenellales","Aristaeellaceae",NA,NA
"ACGTAGGGGGCAAGCGTTATCCGGATTTACTGGGTGTAAAGGGAGCGTAGACGGCTCTGCAAGTCTGGAGTGAAAACCCGGGGCTCAACCCTGGG","Bacteria","Bacillota","Clostridia","Lachnospirales","Lachnospiraceae",NA,NA
"ACGTAGGGGGCGAGCGTTGTCCGGAATGACTGGGCGTAAAGGGCGTGTAGGCGGCCGACTAAGTCTGATGTGAAATACCCGCTTTTAAGGTGGGT","Bacteria","Bacillota",NA,NA,NA,NA,NA
"ACGTAGGGAGCAAGCGTTGTCCGGATTCACTGGGCGTAAAGAGCACGTAGGCGGTTAATTAAGTCAGGTGTGAAAGTTTTCGGCTCAACCGGAAA","Bacteria","Bacillota","Clostridia","Eubacteriales","Anaerofustaceae","Anaerofustis",NA
"ACGTAGGTGGCAAGCGTTATCCGGATTTACTGGGTGTAAAGGGCGTGTAGGCGGGAAGGCAAGTCAGATGTGAAAACTATGGGCTCAACCCATAG","Bacteria","Bacillota","Clostridia","Oscillospirales","Oscillospiraceae","Intestinimonas",NA
"ACGGAGGATCCAAGCGTTATCCGGATTTATTGGGTTTAAAGGGTGCGTAGGCGGTTTAGTAAGTCAGCGGTGAAATTTTGGTGCTTAACACCAAA","Bacteria","Bacteroidota","Bacteroidia","Bacteroidales","Rikenellaceae","Alistipes","communis"
"ACGTAGGTGGCAAGCGTTGTCCGGATTTACTGGGTGTAAAGGGCGTGCAGCCGGGCTGGCAAGTCAGGCGTGAAATCCCAGGGCTCAACCCTGGA","Bacteria","Bacillota","Clostridia","Oscillospirales","Oscillospiraceae","Oscillibacter","faecalis"
"ACGGAGGATCCGAGCGTTATCCGGATTTATTGGGTTTAAAGGGTGCGTAGGCGGTTTGATAAGTTAGAGGTGAAAGCTCGATGCTCAACATCGAA","Bacteria","Bacteroidota","Bacteroidia","Bacteroidales","Rikenellaceae","Alistipes_A","hominis"
"ACGTAGGGAGCAAGCGTTGTCCGGATTTACTGGGTGTAAAGGGTGCGTAGGCGGAACTGCAAGTCAGTGGTGAAATCTGAGGGCTCAACCCTCAA","Bacteria","Bacillota","Clostridia","Oscillospirales","Acutalibacteraceae","Hydrogeniiclostridium","mannosilyticum"
"ACGTAGGGGGCAAGCGTTGTCCGGAATTATTGGGCGTAAAGAGTACGTAGGCGGTTTGCTAAGCGCAAGGTGAAAGGCAGTGGCTTAACCATTGT","Bacteria","Bacillota","Clostridia","Peptostreptococcales","Anaerovoracaceae","Alangreenwoodia","sp905206455"
"ACGTAGGGGGCGAGCGTTGTCCGGAATTACTGGGCGTAAAGGGAGCGTAGGCGGTCGATTAAGTTAGATGTGAAACCCCCGGGCTTAACTTGGGG","Bacteria","Bacillota","Clostridia","Christensenellales","CAG-138","SFEL01","sp004557245"
"ACGTAGGGGGCGAGCGTTGTCCGGAATTACTGGGCGTAAAGGGTGCGTAGGCGGTTTGGTAAGTTGGATGTGAAATACCCGGGCTTAACTTGGGG","Bacteria","Bacillota","Clostridia","Christensenellales","CAG-138","PeH17",NA
"ACGTAGGGGGCAAGCGTTATCCGGAATTATTGGGCGTAAAGAGTACGTAGGTGGTTACCTAAGCACGAGGTATAAGGCAATGGCTTAACCATTGT","Bacteria","Bacillota","Clostridia","Peptostreptococcales","Anaerovoracaceae","Lentihominibacter",NA
"ACGTAGGTGGCAAGCGTTGTCCGGATTTACTGGGTGTAAAGGGCGTGCAGCCGGGCATGCAAGTCAGATGTGAAATCTCAGGGCTTAACCCTGAA","Bacteria","Bacillota","Clostridia","Oscillospirales","Oscillospiraceae","Oscillibacter",NA
"ACGTAGGGAGCGAGCGTTGTCCGGAATTACTGGGCGTAAAGGGTGCGTAGGCGGTCTGAAAAGTCGGATGTGAAATCCCCGTGCTTAACATGGGA","Bacteria","Bacillota","Clostridia","Christensenellales",NA,NA,NA
"ACGTAGGGGGCGAGCGTTATCCGGAATTACTGGGTGTAAAGGGTGCGTAGGCGGCACCGTAAGTCTGTTGTGAAAGGCGATGGCTTAACCATCGA","Bacteria","Bacillota","Clostridia","Lachnospirales","Bianqueaceae","Bianquea","renquensis"
"ACGGAGGACCCGAGCGTTATCCGGATTTATTGGGTTTAAAGGGTGCGTAGGCGGATTAGTAAGTTAGAGGTGAAAGCTCGATGCTCAACATCGAA","Bacteria","Bacteroidota","Bacteroidia","Bacteroidales","Rikenellaceae","Alistipes_A","indistinctus"
