taxon,beta_pooled,sig_pq_meta,sign_meta,score_pool,sig_pq_comb,sign_comb,score_indiv,score_comb,conf_score,Kingdom,Phylum,Class,Order,Family,Genus,Species
ACGGAGGACCCGAGCGTTATCCGGATTTATTGGGTTTAAAGGGTGCGTAGGCGGATTAGTAAGTTAGAGGTGAAAGCTCGATGCTCAACATCGAAATTGCCTCTGATACTGTTAGTCTAGAGTATAGTTGCGGAAGGCGGAATGTGTGGTGTAGCGGTGAAATGCTTAGATATCACACAGAACACCGATTGCGAAGGCAGCTTTCCAAGCTATTACTGACGCTGATGCACGAAAGCGTGGGGAGCGA,0.986008776170055,TRUE,1,5,TRUE,1,2.5,2.5,10,Bacteria,Bacteroidota,Bacteroidia,Bacteroidales,Rikenellaceae,Alistipes,indistinctus
ACGGAGGATCCAAGCGTTATCCGGATTTATTGGGTTTAAAGGGTGCGTAGGCGGCAGATTAAGTTAGAGGTGAAATTCCGAGGCTCAACCTTGGCACTGCCTCTGATACTGGTTTGCTAGCGAGTAGATGCTGTAGGCGGAATGTGTGGTGTAGCGGTGAAATGCATAGAGATCACACAGAACACCGATTGCGAAGGCAGCTTACAAATCTATATCGGACGCTGAGGCACGAAAGCGTGGGGAGCAA,1.16124685237964,TRUE,1,5,TRUE,1,2.5,2.5,10,Bacteria,Bacteroidota,Bacteroidia,Bacteroidales,Rikenellaceae,Alistipes,inops
ACGGAGGATCCAAGCGTTATCCGGATTTATTGGGTTTAAAGGGTGCGTAGGCGGTTTAGTAAGTCAGCGGTGAAATTTTGGTGCTTAACACCAAACGTGCCGTTGATACTGCTGGGCTAGAGAGTAGTTGCGGTAGGCGGAATGTATGGTGTAGCGGTGAAATGCTTAGAGATCATACAGAACACCGATTGCGAAGGCAGCTTACCAAACTATATCTGACGTTGAGGCACGAAAGCGTGGGGAGCAA,0.843191603165482,TRUE,1,5,TRUE,1,1.25,2.5,8.75,Bacteria,Bacteroidota,Bacteroidia,Bacteroidales,Rikenellaceae,Alistipes,obesi
ACGTAGGGAGCAAGCGTTATCCGGATTTACTGGGTGTAAAGGGCGTGTAGGCGGGAGTGCAAGTCAGATGTGAAAACTATGGGCTCAACCCATAGCCTGCATTTGAAACTGTACTTCTTGAGTACTGGAGAGGCAGGCGGAATTCCGTGTGTAGCGGTGAAATGCGTAGATATACGGAGGAACACCAGTGGCGAAGGCGGCCTGCTGGACAGCAACTGACGCTGAGGCGCGAAAGCGTGGGGAGCAA,-0.444949067146073,TRUE,-1,5,TRUE,-1,1.25,2.5,8.75,Bacteria,Firmicutes,Clostridia,Oscillospirales,Oscillospiraceae,Intestinimonas,NA
ACGTAGGGGGCAAGCGTTATCCGGATTTACTGGGTGTAAAGGGAGCGTAGACGGCAAGGCAAGTCTGAAGTGAAAGCCCGGTGCTTAACGCCGGGACTGCTTTGGAAACTGTTTAGCTGGAGTGCCGGAGAGGTAAGCGGAATTCCTAGTGTAGCGGTGAAATGCGTAGATATTAGGAAGAACACCAGTGGCGAAGGCGGCTTACTGGACGGTAACTGACGTTGAGGCTCGAAAGCGTGGGGAGCAA,0.973457484160198,TRUE,1,5,TRUE,1,1.25,2.5,8.75,Bacteria,Firmicutes,Clostridia,Lachnospirales,Lachnospiraceae,Lachnospiraceae NK4A136 group,NA
ACGTAGGGGGCAAGCGTTATCCGGATTTACTGGGTGTAAAGGGAGCGTAGACGGTATGGCAAGTCTGATGTGAAAGGCCAGGGCTCAACCCTGGGACTGCATTGGAAACTGTCGAACTAGAGTGTCGGAGAGGCAAGTGGAATTCCTAGTGTAGCGGTGAAATGCGTAGATATTAGGAGGAACACCAGTGGCGAAGGCGGCTTGCTGGACGATGACTGACGTTGAGGCTCGAAAGCGTGGGGAGCAA,-0.571035451065917,TRUE,-1,5,TRUE,-1,1.25,2.5,8.75,Bacteria,Firmicutes,Clostridia,Lachnospirales,Lachnospiraceae,NA,NA
ACGTAGGTGGCAAGCGTTATCCGGATTTACTGGGTGTAAAGGGCGTGTAGGCGGGATTGCAAGTCAGATGTGAAAACTGGGGGCTCAACCTCCAGCCTGCATTTGAAACTGTAGTTCTTGAGTGCTGGAGAGGCAATCGGAATTCCGTGTGTAGCGGTGAAATGCGTAGATATACGGAGGAACACCAGTGGCGAAGGCGGATTGCTGGACAGTAACTGACGCTGAGGCGCGAAAGCGTGGGGAGCAA,0.720628056327168,TRUE,1,5,TRUE,1,1.25,2.5,8.75,Bacteria,Firmicutes,Clostridia,Oscillospirales,Oscillospiraceae,Flavonifractor,plautii
ACGTAGGTGGCAAGCGTTGTCCGGAATTATTGGGCGTAAAGCGCGCGCAGGCGGATTGGTCAGTCTGTCTTAAAAGTTCGGGGCTTAACCCCGTGATGGGATGGAAACTGCCAATCTAGAGTATCGGAGAGGAAAGTGGAATTCCTAGTGTAGCGGTGAAATGCGTAGATATTAGGAAGAACACCAGTGGCGAAGGCGACTTTCTGGACGAAAACTGACGCTGAGGCGCGAAAGCCAGGGGAGCGA,1.06351050247938,TRUE,1,5,TRUE,1,1.25,2.5,8.75,Bacteria,Firmicutes,Negativicutes,Veillonellales-Selenomonadales,Veillonellaceae,Veillonella,NA
ACGTATGGAGCAAGCGTTATCCGGATTTACTGGGTGTAAAGGGAGTGTAGGTGGCCATGCAAGTCAGAAGTGAAAATCCGGGGCTCAACCCCGGAACTGCTTTTGAAACTGTAAGGCTAGAGTGCAGGAGGGGTGAGTGGAATTCCTAGTGTAGCGGTGAAATGCGTAGATATTAGGAGGAACACCAGTGGCGAAGGCGGCTCACTGGACTGTAACTGACACTGAGGCTCGAAAGCGTGGGGAGCAA,-0.573747974935286,TRUE,-1,5,TRUE,-1,1.25,2.5,8.75,Bacteria,Firmicutes,Clostridia,Lachnospirales,Lachnospiraceae,[Eubacterium] eligens group,NA
ACGTATGGAGCAAGCGTTATCCGGATTTACTGGGTGTAAAGGGTGCGTAGGTGGCAGTGCAAGTCAGATGTGAAAGGCCGGGGCTCAACCCCGGAGCTGCATTTGAAACTGCATAGCTGGAGTACAGGAGAGGCAGGCGGAATTCCTAGTGTAGCGGTGAAATGCGTAGATATTAGGAGGAACACCAGTGGCGAAGGCGGCCTGCTGGACTGTTACTGACACTGAGGCACGAAAGCGTGGGGAGCAA,-0.754399550538795,TRUE,-1,5,TRUE,-1,1.25,2.5,8.75,Bacteria,Firmicutes,Clostridia,Lachnospirales,Lachnospiraceae,[Eubacterium] hallii group,NA
ACGTATGGTGCAAGCGTTATCCGGATTTACTGGGTGTAAAGGGAGCGCAGGCGGTGCGGCAAGTCTGATGTGAAAGCCCGGGGCTCAACCCCGGTACTGCATTGGAAACTGTCGTACTAGAGTGTCGGAGGGGTAAGCGGAATTCCTAGTGTAGCGGTGAAATGCGTAGATATTAGGAGGAACACCAGTGGCGAAGGCGGCTTACTGGACGATAACTGACGCTGAGGCTCGAAAGCGTGGGGAGCAA,-0.712654280027716,TRUE,-1,5,TRUE,-1,1.25,2.5,8.75,Bacteria,Firmicutes,Clostridia,Lachnospirales,Lachnospiraceae,Agathobacter,NA
ACGTATGGTGCAAGCGTTATCCGGATTTACTGGGTGTAAAGGGTGCGTAGGTGGTATGGCAAGTCAGAAGTGAAAGGCTGGGGCTCAACCCCGGGACTGCTTTTGAAACTGTCAAACTAGAGTACAGGAGAGGAAAGCGGAATTCCTAGTGTAGCGGTGAAATGCGTAGATATTAGGAGGAACACCAGTGGCGAAGGCGGCTTTCTGGACTGAAACTGACACTGAGGCACGAAAGCGTGGGGAGCAA,1.16417138337319,TRUE,1,5,TRUE,1,1.25,2.5,8.75,Bacteria,Firmicutes,Clostridia,Lachnospirales,Lachnospiraceae,[Eubacterium] ruminantium group,NA
ACAGAGGTCTCAAGCGTTGTTCGGAATCACTGGGCGTAAAGCGTGCGTAGGCTGTTTCGTAAGTCGTGTGTGAAAGGCGCGGGCTCAACCCGCGGACGGCACATGATACTGCGAGACTAGAGTAATGGAGGGGGAACCGGAATTCTCGGTGTAGCAGTGAAATGCGTAGATATCGAGAGGAACACTCGTGGCGAAGGCGGGTTCCTGGACATTAACTGACGCTGAGGCACGAAGGCCAGGGGAGCGA,0.900264309355106,TRUE,1,5,TRUE,1,0,2.5,7.5,Bacteria,Verrucomicrobiota,Verrucomicrobiae,Verrucomicrobiales,Akkermansiaceae,Akkermansia,muciniphila
ACGTAGGGGGCAAGCGTTATCCGGATTTACTGGGTGTAAAGGGAGCGTAGACGGATGGACAAGTCTGATGTGAAAGGCTGGGGCTCAACCCCGGGACTGCATTGGAAACTGCCCGTCTTGAGTGCCGGAGAGGTAAGCGGAATTCCTAGTGTAGCGGTGAAATGCGTAGATATTAGGAGGAACACCAGTGGCGAAGGCGGCTTACTGGACGGTAACTGACGTTGAGGCTCGAAAGCGTGGGGAGCAA,-0.465670288797432,TRUE,-1,5,TRUE,-1,0,2.5,7.5,Bacteria,Firmicutes,Clostridia,Lachnospirales,Lachnospiraceae,Blautia,massiliensis
ACGTAGGGGGCAAGCGTTATCCGGATTTACTGGGTGTAAAGGGAGCGTAGACGGCAAGGCAAGTCTGAAGTGAAAGCCCGGTGCTTAACGCCGGGACTGCTTTGGAAACTGTTTGGCTGGAGTGCCGGAGAGGTAAGCGGAATTCCTAGTGTAGCGGTGAAATGCGTAGATATTAGGAAGAACACCAGTGGCGAAGGCGGCTTACTGGACGGTAACTGACGTTGAGGCTCGAAAGCGTGGGGAGCAA,0.425012738442518,TRUE,1,5,TRUE,1,0,2.5,7.5,Bacteria,Firmicutes,Clostridia,Lachnospirales,Lachnospiraceae,Lachnospiraceae NK4A136 group,NA
ACGTAGGGGGCAAGCGTTATCCGGATTTACTGGGTGTAAAGGGAGCGTAGACGGCGAAGCAAGTCTGAAGTGAAAACCCAGGGCTCAACCCTGGGACTGCTTTGGAAACTGTTTTGCTAGAGTGTCGGAGAGGTAAGTGGAATTCCTAGTGTAGCGGTGAAATGCGTAGATATTAGGAGGAACACCAGTGGCGAAGGCGGCTTACTGGACGATAACTGACGTTGAGGCTCGAAAGCGTGGGGAGCAA,0.362685053498159,TRUE,1,5,TRUE,1,0,2.5,7.5,Bacteria,Firmicutes,Clostridia,Lachnospirales,Lachnospiraceae,Lachnoclostridium,NA
ACGTAGGGGGCTAGCGTTATCCGGATTTACTGGGCGTAAAGGGTGCGTAGGCGGTCTTTTAAGTCAGGAGTGAAAGGCTACGGCTCAACCGTAGTAAGCTCTTGAAACTGGAGGACTTGAGTGCAGGAGAGGAGAGTGGAATTCCTAGTGTAGCGGTGAAATGCGTAGATATTAGGAGGAACACCAGTAGCGAAGGCGGCTCTCTGGACTGTAACTGACGCTGAGGCACGAAAGCGTGGGGAGCAA,0.31957609061195,TRUE,1,5,TRUE,1,0,2.5,7.5,Bacteria,Firmicutes,Clostridia,Peptostreptococcales-Tissierellales,Peptostreptococcaceae,Intestinibacter,bartlettii
ACGTAGGGTGCAAGCGTTATCCGGAATTATTGGGCGTAAAGGGCTCGTAGGCGGTTCGTCGCGTCCGGTGTGAAAGTCCATCGCTTAACGGTGGATCCGCGCCGGGTACGGGCGGGCTTGAGTGCGGTAGGGGAGACTGGAATTCCCGGTGTAACGGTGGAATGTGTAGATATCGGGAAGAACACCAATGGCGAAGGCAGGTCTCTGGGCCGTTACTGACGCTGAGGAGCGAAAGCGTGGGGAGCGA,-1.00538773949664,TRUE,-1,5,TRUE,-1,0,2.5,7.5,Bacteria,Actinobacteriota,Actinobacteria,Bifidobacteriales,Bifidobacteriaceae,Bifidobacterium,NA
ACGTAGGGTGCAAGCGTTGTCCGGAATTACTGGGTGTAAAGGGAGCGCAGGCGGATTGGCAAGTTGGGAGTGAAATCTATGGGCTCAACCCATAAATTGCTTTCAAAACTGTCAGTCTTGAGTGGTGTAGAGGTAGGCGGAATTCCCGGTGTAGCGGTGGAATGCGTAGATATCGGGAGGAACACCAGTGGCGAAGGCGGCCTACTGGGCACTAACTGACGCTGAGGCTCGAAAGCATGGGTAGCAA,0.395510804888224,TRUE,1,5,TRUE,1,0,2.5,7.5,Bacteria,Firmicutes,Clostridia,Oscillospirales,Ruminococcaceae,UBA1819,NA
ACGTAGGTGGCAAGCGTTATCCGGATTTACTGGGTGTAAAGGGCGTGTAGGCGGGAAGGCAAGTCAGATGTGAAAACTATGGGCTCAACCCATAGCCTGCATTTGAAACTGTTTTTCTTGAGTGCTGGAGAGGCAATCGGAATTCCGTGTGTAGCGGTGAAATGCGTAGATATACGGAGGAACACCAGTGGCGAAGGCGGATTGCTGGACAGTAACTGACGCTGAGGCGCGAAAGCGTGGGGAGCAA,-0.261694067516601,TRUE,-1,5,TRUE,-1,0,2.5,7.5,Bacteria,Firmicutes,Clostridia,Oscillospirales,Oscillospiraceae,Intestinimonas,NA
ACGTAGGTGGCGAGCGTTATCCGGAATTATTGGGCGTAAAGAGCGCGCAGGTGGTTGATTAAGTCTGATGTGAAAGCCCACGGCTTAACCGTGGAGGGTCATTGGAAACTGGTCGACTTGAGTGCAGAAGAGGGAAGTGGAATTCCATGTGTAGCGGTGAAATGCGTAGAGATATGGAGGAACACCAGTGGCGAAGGCGGCTTCCTGGTCTGTAACTGACACTGAGGCGCGAAAGCGTGGGGAGCAA,0.465552853777588,TRUE,1,5,TRUE,1,0,2.5,7.5,Bacteria,Firmicutes,Bacilli,Erysipelotrichales,Erysipelotrichaceae,Turicibacter,sanguinis
ACGTAGGTGGCGAGCGTTGTCCGGAATTATTGGGCGTAAAGAGCATGTAGGCGGCTTAATAAGTCGAGCGTGAAAATGCGGGGCTCAACCCCGTATGGCGCTGGAAACTGTTAGGCTTGAGTGCAGGAGAGGAAAGGGGAATTCCCAGTGTAGCGGTGAAATGCGTAGATATTGGGAGGAACACCAGTGGCGAAGGCGCCTTTCTGGACTGTGTCTGACGCTGAGATGCGAAAGCCAGGGTAGCGA,-0.91631926655942,TRUE,-1,5,TRUE,-1,0,2.5,7.5,Bacteria,Firmicutes,Negativicutes,Acidaminococcales,Acidaminococcaceae,Phascolarctobacterium,faecium
ACGTATGGAGCAAGCGTTATCCGGATTTACTGGGTGTAAAGGGTGCGTAGGTGGCAGTGCAAGTCAGATGTGAAAGGCCGGGGCTCAACCCCGGAGCTGCATTTGAAACTGCTCGGCTAGAGTACAGGAGAGGCAGGCGGAATTCCTAGTGTAGCGGTGAAATGCGTAGATATTAGGAGGAACACCAGTGGCGAAGGCGGCCTGCTGGACTGTTACTGACACTGAGGCACGAAAGCGTGGGGAGCAA,-0.586453169855144,TRUE,-1,5,TRUE,-1,0,2.5,7.5,Bacteria,Firmicutes,Clostridia,Lachnospirales,Lachnospiraceae,[Eubacterium] hallii group,NA
ACGGAAGGTCCGGGCGTTATCCGGATTTATTGGGTTTAAAGGGAGCGTAGGCCGGAGATTAAGCGTGTTGTGAAATGTAGACGCTCAACGTCTGCACTGCAGCGCGAACTGGTTTCCTTGAGTACGCACAAAGTGGGCGGAATTCGTGGTGTAGCGGTGAAATGCTTAGATATCACGAAGAACTCCGATTGCGAAGGCAGCTCACTGGAGCGCAACTGACGCTGAAGCTCGAAAGTGCGGGTATCGA,1.0893221691913,TRUE,1,5,FALSE,1,1.25,0,6.25,Bacteria,Bacteroidota,Bacteroidia,Bacteroidales,Prevotellaceae,Prevotella_9,copri
ACGTAGGGGGCAAGCGTTATCCGGATTTACTGGGTGTAAAGGGAGCGTAGACGGCGAGGCAAGTCTGATGTGAAAACCCGGGGCTCAACCCCGTGACTGCATTGGAAACTGTTTTGCTTGAGTGCCGGAGAGGTAAGCGGAATTCCTAGTGTAGCGGTGAAATGCGTAGATATTAGGAGGAACACCAGTGGCGAAGGCGGCTTACTGGACGGCAACTGACGTTGAGGCTCGAAAGCGTGGGGAGCAA,0.364471232303682,TRUE,1,5,FALSE,1,0,0,5,Bacteria,Firmicutes,Clostridia,Lachnospirales,Lachnospiraceae,CAG-56,NA
ACGTAGGGGGCGAGCGTTATCCGGATTCATTGGGCGTAAAGCGCGCGTAGGCGGCCCGGCAGGCCGGGGGTCGAAGCGGGGGGCTCAACCCCCCGAAGCCCCCGGAACCTCCGCGGCTTGGGTCCGGTAGGGGAGGGTGGAACACCCGGTGTAGCGGTGGAATGCGCAGATATCGGGTGGAACACCGGTGGCGAAGGCGGCCCTCTGGGCCGAGACCGACGCTGAGGCGCGAAAGCTGGGGGAGCGA,-0.604761441962306,TRUE,-1,5,FALSE,-1,0,0,5,Bacteria,Actinobacteriota,Coriobacteriia,Coriobacteriales,Coriobacteriaceae,Collinsella,aerofaciens
ACGTAGGGTGCAAGCGTTATCCGGAATTATTGGGCGTAAAGGGCTCGTAGGCGGTTCGTCGCGTCCGGTGTGAAAGTCCATCGCTTAACGGTGGATCCGCGCCGGGTACGGGCGGGCTTGAGTGCGGTAGGGGAGACTGGAATTCCCGGTGTAACGGTGGAATGTGTAGATATCGGGAAGAACACCAATGGCGAAGGCAGGTCTCTGGGCCGTCACTGACGCTGAGGAGCGAAAGCGTGGGGAGCGA,-0.605377968480287,TRUE,-1,5,FALSE,-1,0,0,5,Bacteria,Actinobacteriota,Actinobacteria,Bifidobacteriales,Bifidobacteriaceae,Bifidobacterium,NA
ACGTAGGTGGCGAGCGTTGTCCGGAATTATTGGGCGTAAAGAGCATGTAGGCGGTTTTTTAAGTCTGGAGTGAAAATGCGGGGCTCAACCCCGTATGGCTCTGGATACTGGAAGACTTGAGTGCAGGAGAGGAAAGGGGAATTCCCAGTGTAGCGGTGAAATGCGTAGATATTGGGAGGAACACCAGTGGCGAAGGCGCCTTTCTGGACTGTGTCTGACGCTGAGATGCGAAAGCCAGGGTAGCGA,0.451841207191864,TRUE,1,5,TRUE,-1,0,0,5,Bacteria,Firmicutes,Negativicutes,Acidaminococcales,Acidaminococcaceae,Phascolarctobacterium,succinatutens
ACGGAAGGTCCGGGCGTTATCCGGATTTATTGGGTTTAAAGGGAGCGTAGGCCGGAGATTAAGCGTGTTGTGAAATGTAGATGCTCAACATCTGAACTGCAGCGCGAACTGGTTTCCTTGAGTACGCACAAAGTGGGCGGAATTCGTGGTGTAGCGGTGAAATGCTTAGATATCACGAAGAACTCCGATTGCGAAGGCAGCTCACTGGAGCGCAACTGACGCTGAAGCTCGAAAGTGCGGGTATCGA,-0.1881159483757,FALSE,-1,0,TRUE,-1,1.25,2.5,3.75,Bacteria,Bacteroidota,Bacteroidia,Bacteroidales,Prevotellaceae,Prevotella_9,NA
ACGGAGGATCCGAGCGTTATCCGGATTTATTGGGTTTAAAGGGAGCGTAGGCGGACTATTAAGTCAGCTGTGAAAGTTTGCGGCTCAACCGTAAAATTGCAGTTGATACTGGTCGTCTTGAGTGCAGTAGAGGTAGGCGGAATTCGTGGTGTAGCGGTGAAATGCTTAGATATCACGAAGAACTCCGATTGCGAAGGCAGCTTACTGGACTGTAACTGACGCTGATGCTCGAAAGTGTGGGTATCAA,1.2684352414901,FALSE,1,0,TRUE,1,1.25,2.5,3.75,Bacteria,Bacteroidota,Bacteroidia,Bacteroidales,Bacteroidaceae,Bacteroides,NA
ACGGAGGATCCGAGCGTTATCCGGATTTATTGGGTTTAAAGGGAGCGTAGGCGGGGTATTAAGTCAGTTGTGAAAGTTTGCGGCTCAACCGTAAAATTGCAGTTGATACTGGTATCCTTGAGTGCAGCAGAGGTGGGCGGAATTCGTGGTGTAGCGGTGAAATGCTTAGATATCACGAAGAACTCCGATTGCGAAGGCAGCTCACTGGAGTGTAACTGACGCTGATGCTCGAAAGTGTGGGTATCAA,-0.410470447219272,FALSE,-1,0,TRUE,-1,1.25,2.5,3.75,Bacteria,Bacteroidota,Bacteroidia,Bacteroidales,Bacteroidaceae,Bacteroides,clarus
ACGGAGGATCCGAGCGTTATCCGGATTTATTGGGTTTAAAGGGAGCGTAGGTGGATTGTTAAGTCAGTTGTGAAAGTTTGCGGCTCAACCGTAAAATTGCAGTTGAAACTGGCAGTCTTGAGTACAGTAGAGGTGGGCGGAATTCGTGGTGTAGCGGTGAAATGCTTAGATATCACGAAGAACTCCGATTGCGAAGGCAGCTCACTAGACTGCAACTGACACTGATGCTCGAAAGTGTGGGTATCAA,0.811438485728071,FALSE,1,0,TRUE,1,1.25,2.5,3.75,Bacteria,Bacteroidota,Bacteroidia,Bacteroidales,Bacteroidaceae,Bacteroides,NA
ACGGAGGATCCGAGCGTTATCCGGATTTATTGGGTTTAAAGGGTGCGTAGGCGGCCTTTTAAGTCAGCGGTGAAAGTCTGTGGCTCAACCATAGAATTGCCGTTGAAACTGGGGGGCTTGAGTATGTTTGAGGCAGGCGGAATGCGTGGTGTAGCGGTGAAATGCATAGATATCACGCAGAACCCCGATTGCGAAGGCAGCCTGCCAAGCCATGACTGACGCTGATGCACGAAAGCGTGGGGATCAA,-0.44707454552427,FALSE,-1,0,TRUE,-1,1.25,2.5,3.75,Bacteria,Bacteroidota,Bacteroidia,Bacteroidales,Tannerellaceae,Parabacteroides,distasonis
ACGGAGGATCCGAGCGTTATCCGGATTTATTGGGTTTAAAGGGTGCGTAGGCGGCCTTTTAAGTCAGCGGTGAAAGTCTGTGGCTCAACCATAGAATTGCCGTTGAAACTGGGGGGCTTGAGTATGTTTGAGGCAGGCGGAATGCGTGGTGTAGCGGTGAAATGCATAGATATCACGCAGAACCCCGATTGCGAAGGCAGCCTGCCAAGCCATTACTGACGCTGATGCACGAAAGCGTGGGGATCAA,1.36177162456188,FALSE,1,0,TRUE,1,1.25,2.5,3.75,Bacteria,Bacteroidota,Bacteroidia,Bacteroidales,Tannerellaceae,Parabacteroides,distasonis
ACGTAGGGAGCAAGCGTTGTCCGGATTTACTGGGTGTAAAGGGTGCGTAGGCGGCTTTGCAAGTCAGATGTGAAATCTATGGGCTCAACCCATAGCCTGCATTTGAAACTGCAGAGCTTGAGTGAAGTAGAGGCAGGCGGAATTCCCCGTGTAGCGGTGAAATGCGTAGAGATGGGGAGGAACACCAGTGGCGAAGGCGGCCTGCTGGGCTTTAACTGACGCTGAGGCACGAAAGCGTGGGTAGCAA,0.777379651165557,FALSE,1,0,TRUE,1,1.25,2.5,3.75,Bacteria,Firmicutes,Clostridia,Oscillospirales,Ruminococcaceae,CAG-352,NA
ACGTAGGGGGCAAGCGTTATCCGGATTTACTGGGTGTAAAGGGAGCGCAGGCGGTGCGGCAAGTCTGATGTGAAAGCCCGGGGCTCAACCCCGGGACTGCATTGGAAACTGTCGTACTTGAGTATCGGAGAGGTAAGTGGAATTCCTAGTGTAGCGGTGAAATGCGTAGATATTAGGAGGAACACCAGTGGCGAAGGCGGCTTACTGGACGATAACTGACGCTGAGGCTCGAAAGCGTGGGGAGCAA,1.22447896643362,FALSE,1,0,TRUE,1,1.25,2.5,3.75,Bacteria,Firmicutes,Clostridia,Lachnospirales,Lachnospiraceae,Roseburia,NA
ACGTAGGGGGCAAGCGTTATCCGGATTTACTGGGTGTAAAGGGAGCGTAGACGGAATGGCAAGTCTGATGTGAAAGGCCGGGGCTCAACCCCGGGACTGCATTGGAAACTGTCAATCTAGAGTACCGGAGGGGTAAGTGGAATTCCTAGTGTAGCGGTGAAATGCGTAGATATTAGGAGGAACACCAGTGGCGAAGGCGGCTTACTGGACGGTAACTGACGTTGAGGCTCGAAAGCGTGGGGAGCAA,-0.521097762955464,FALSE,-1,0,TRUE,-1,1.25,2.5,3.75,Bacteria,Firmicutes,Clostridia,Lachnospirales,Lachnospiraceae,[Ruminococcus] gauvreauii group,NA
ACGTAGGGGGCAAGCGTTATCCGGATTTACTGGGTGTAAAGGGAGCGTAGACGGCACAGCAAGTCTGAAGTGAAATCCCCGGGCTCAACCCGGGAACTGCTTTGGAAACTGTTGGGCTGGAGTGCTGGAGAGGCAAGCGGAATTCCTAGTGTAGCGGTGAAATGCGTAGATATTAGGAGGAACACCAGTGGCGAAGGCGGCTTGCTGGACAGTAACTGACGTTGAGGCTCGAAAGCGTGGGGAGCAA,-0.152172328099273,FALSE,-1,0,TRUE,-1,1.25,2.5,3.75,Bacteria,Firmicutes,Clostridia,Lachnospirales,Lachnospiraceae,NA,NA
ACGTAGGTGGCAAGCGTTATCCGGAATTATTGGGCGTAAAGAGGGAGCAGGCGGCAGCAAGGGTCTGTGGTGAAAGCCTGAAGCTTAACTTCAGTAAGCCATAGAAACCAGGCAGCTAGAGTGCAGGAGAGGATCGTGGAATTCCATGTGTAGCGGTGAAATGCGTAGATATATGGAGGAACACCAGTGGCGAAGGCGACGATCTGGCCTGCAACTGACGCTCAGTCCCGAAAGCGTGGGGAGCAA,-0.913220243529261,FALSE,-1,0,TRUE,-1,1.25,2.5,3.75,Bacteria,Firmicutes,Bacilli,Erysipelotrichales,Erysipelatoclostridiaceae,Erysipelatoclostridium,ramosum
ACGTAGGTGGCGAGCGTTATCCGGAATTATTGGGCGTAAAGAGGGAGCAGGCGGCACTAAGGGTCTGTGGTGAAAGATCGAAGCTTAACTTCGGTAAGCCATGGAAACCGTAGAGCTAGAGTGTGTGAGAGGATCGTGGAATTCCATGTGTAGCGGTGAAATGCGTAGATATATGGAGGAACACCAGTGGCGAAGGCGACGATCTGGCGCATAACTGACGCTCAGTCCCGAAAGCGTGGGGAGCAA,-0.551911169547669,FALSE,-1,0,TRUE,-1,1.25,2.5,3.75,Bacteria,Firmicutes,Bacilli,Erysipelotrichales,Erysipelatoclostridiaceae,Erysipelotrichaceae UCG-003,bacterium
ACGTATGGTGCAAGCGTTATCCGGATTTACTGGGTGTAAAGGGTGCGTAGGTGGCAAGGCAAGTCTGAAGTGAAAATCCGGGGCTCAACCCCGGAACTGCTTTGGAAACTGTTTAGCTGGAGTACAGGAGAGGTAAGTGGAATTCCTAGTGTAGCGGTGAAATGCGTAGATATTAGGAGGAACACCAGTGGCGAAGGCGACTTACTGGACTGCTACTGACACTGAGGCACGAAAGCGTGGGGAGCAA,-0.366428161000137,FALSE,-1,0,TRUE,-1,1.25,2.5,3.75,Bacteria,Firmicutes,Clostridia,Lachnospirales,Lachnospiraceae,Coprococcus,eutactus
ACGGAGGATCCGAGCGTTATCCGGATTTATTGGGTTTAAAGGGAGCGTAGGCGGACGCTTAAGTCAGTTGTGAAAGTTTGCGGCTCAACCGTAAAATTGCAGTTGATACTGGGTGTCTTGAGTACAGTAGAGGCAGGCGGAATTCGTGGTGTAGCGGTGAAATGCTTAGATATCACGAAGAACTCCGATTGCGAAGGCAGCTTGCTGGACTGTAACTGACGCTGATGCTCGAAAGTGTGGGTATCAA,-0.244020667479766,FALSE,-1,0,TRUE,-1,0,2.5,2.5,Bacteria,Bacteroidota,Bacteroidia,Bacteroidales,Bacteroidaceae,Bacteroides,uniformis
ACGGAGGATCCGAGCGTTATCCGGATTTATTGGGTTTAAAGGGAGCGTAGGCGGGTTGTTAAGTCAGTTGTGAAAGTTTGCGGCTCAACCGTAAAATTGCAGTTGATACTGGCGACCTTGAGTGCAACAGAGGTAGGCGGAATTCGTGGTGTAGCGGTGAAATGCTTAGATATCACGAAGAACTCCGATTGCGAAGGCAGCTTACTGGATTGTAACTGACGCTGATGCTCGAAAGTGTGGGTATCAA,-0.838888285258746,FALSE,-1,0,TRUE,-1,0,2.5,2.5,Bacteria,Bacteroidota,Bacteroidia,Bacteroidales,Bacteroidaceae,Bacteroides,NA
ACGGAGGATCCGAGCGTTATCCGGATTTATTGGGTTTAAAGGGAGCGTAGGTGGACTGGTAAGTCAGTTGTGAAAGTTTGCGGCTCAACCGTAAAATTGCAGTTGATACTGTCAGTCTTGAGTACAGTAGAGGTGGGCGGAATTCGTGGTGTAGCGGTGAAATGCTTAGATATCACGAAGAACTCCGATTGCGAAGGCAGCTCACTGGACTGCAACTGACACTGATGCTCGAAAGTGTGGGTATCAA,0.300019938000347,FALSE,1,0,TRUE,1,0,2.5,2.5,Bacteria,Bacteroidota,Bacteroidia,Bacteroidales,Bacteroidaceae,Bacteroides,NA
ACGGAGGATCCGAGCGTTATCCGGATTTATTGGGTTTAAAGGGTGCGTAGGCTGTTTTTTAAGTTAGAGGTGAAAGCTCGACGCTCAACGTCGAAATTGCCTCTGATACTGAGAGACTAGAGTGTAGTTGCGGAAGGCGGAATGTGTGGTGTAGCGGTGAAATGCTTAGATATCACACAGAACACCGATTGCGAAGGCAGCTTTCCAAGCTATTACTGACGCTGAGGCACGAAAGCGTGGGGAGCGA,0.600969184617718,FALSE,1,0,TRUE,1,0,2.5,2.5,Bacteria,Bacteroidota,Bacteroidia,Bacteroidales,Rikenellaceae,Alistipes,ihumii
ACGGAGGATGCGAGCGTTATCCGGATTTATTGGGTTTAAAGGGTGCGTAGGCGGCACGCCAAGTCAGCGGTGAAATTTTCGGGCTCAACCCGGACTGTGCCGTTGAAACTGGCGAGCTAGAGTGCACAAGAGGCAGGCGGAATGCGTGGTGTAGCGGTGAAATGCATAGATATCACGCAGAACCCCGATTGCGAAGGCAGCCTGCTAGGGTGCGACAGACGCTGAGGCACGAAAGCGTGGGTATCGA,-0.366924916216281,FALSE,-1,0,TRUE,-1,0,2.5,2.5,Bacteria,Bacteroidota,Bacteroidia,Bacteroidales,Barnesiellaceae,Barnesiella,NA
ACGGAGGATTCAAGCGTTATCCGGATTTATTGGGTTTAAAGGGTGCGTAGGCGGTTTGATAAGTTAGAGGTGAAATCCCGGGGCTTAACTCCGGAACTGCCTCTAATACTGTTAGACTAGAGAGTAGTTGCGGTAGGCGGAATGTATGGTGTAGCGGTGAAATGCTTAGAGATCATACAGAACACCGATTGCGAAGGCAGCTTACCAAACTATATCTGACGTTGAGGCACGAAAGCGTGGGGAGCAA,0.655701830498332,FALSE,1,0,TRUE,1,0,2.5,2.5,Bacteria,Bacteroidota,Bacteroidia,Bacteroidales,Rikenellaceae,Alistipes,NA
ACGGAGGGTGCAAGCGTTAATCGGAATTACTGGGCGTAAAGCGCACGCAGGCGGTTTGTTAAGTCAGATGTGAAATCCCCGGGCTCAACCTGGGAACTGCATCTGATACTGGCAAGCTTGAGTCTCGTAGAGGGGGGTAGAATTCCAGGTGTAGCGGTGAAATGCGTAGAGATCTGGAGGAATACCGGTGGCGAAGGCGGCCCCCTGGACGAAGACTGACGCTCAGGTGCGAAAGCGTGGGGAGCAA,0.453417950312843,FALSE,1,0,TRUE,1,0,2.5,2.5,Bacteria,Proteobacteria,Gammaproteobacteria,Enterobacterales,Enterobacteriaceae,Escherichia-Shigella,NA
ACGTAGGGGGCAAGCGTTATCCGGAATTATTGGGCGTAAAGAGTACGTAGGTGGTTTTCTAAGCACGGGGTTTAAGGCAATGGCTTAACCATTGTTCGCCTTGTGAACTGGAAGACTTGAGTGCAGGAGAGGAAAGCGGAATTCCTAGTGTAGCGGTGAAATGCGTAGATATTAGGAGGAACACCAGTGGCGAAGGCGGCTTTCTGGACTGTAACTGACACTGAGGTACGAAAGCGTGGGGAGCAA,0.0548112544192937,FALSE,1,0,TRUE,1,0,2.5,2.5,Bacteria,Firmicutes,Clostridia,Peptostreptococcales-Tissierellales,Anaerovoracaceae,Family XIII AD3011 group,NA
ACGTAGGGGGCAAGCGTTATCCGGATTTACTGGGTGTAAAGGGAGCGCAGACGGCACTGCAAGTCTGAAGTGAAAGCCCGGGGCTCAACCCCGGGACTGCTTTGGAAACTGTAGAGCTAGAGTGCTGGAGAGGCAAGCGGAATTCCTAGTGTAGCGGTGAAATGCGTAGATATTAGGAAGAACACCAGTGGCGAAGGCGGCTTGCTGGACAGTAACTGACGTTCAGGCTCGAAAGCGTGGGGAGCAA,-0.00600221015909325,FALSE,-1,0,TRUE,-1,0,2.5,2.5,Bacteria,Firmicutes,Clostridia,Lachnospirales,Lachnospiraceae,Lachnoclostridium,NA
ACGTAGGGGGCAAGCGTTATCCGGATTTACTGGGTGTAAAGGGAGCGCAGGCGGCATGATAAGTCTGATGTGAAAACCCAAGGCTCAACCATGGGACTGCATTGGAAACTGTCGTGCTGGAGTGTCGGAGAGGTAAGCGGAATTCCTAGTGTAGCGGTGAAATGCGTAGATATTAGGAGGAACACCAGTGGCGAAGGCGGCTTACTGGACGATGACTGACGCTGAGGCTCGAAAGCGTGGGGAGCAA,0.285664891404443,FALSE,1,0,TRUE,1,0,2.5,2.5,Bacteria,Firmicutes,Clostridia,Lachnospirales,Lachnospiraceae,Roseburia,NA
ACGTAGGGGGCAAGCGTTATCCGGATTTACTGGGTGTAAAGGGAGCGTAGACGGCAAGGCAAGTCTGATGTGAAAACCCAGGGCTTAACCCTGGGACTGCATTGGAAACTGTCTGGCTCGAGTGCCGGAGAGGTAAGCGGAATTCCTAGTGTAGCGGTGAAATGCGTAGATATTAGGAAGAACACCAGTGGCGAAGGCGGCTTACTGGACGGTAACTGACGTTGAGGCTCGAAAGCGTGGGGAGCAA,-0.288656876402844,FALSE,-1,0,TRUE,-1,0,2.5,2.5,Bacteria,Firmicutes,Clostridia,Lachnospirales,Lachnospiraceae,Fusicatenibacter,saccharivorans
ACGTAGGGGGCAAGCGTTATCCGGATTTACTGGGTGTAAAGGGAGCGTAGACGGCACGGCAAGCCAGATGTGAAAGCCCGGGGCTCAACCCCGGGACTGCATTTGGAACTGCTGAGCTAGAGTGTCGGAGAGGCAAGTGGAATTCCTAGTGTAGCGGTGAAATGCGTAGATATTAGGAGGAACACCAGTGGCGAAGGCGGCTTGCTGGACGATGACTGACGTTGAGGCTCGAAAGCGTGGGGAGCAA,-0.407695377760954,FALSE,-1,0,TRUE,-1,0,2.5,2.5,Bacteria,Firmicutes,Clostridia,Lachnospirales,Lachnospiraceae,Dorea,longicatena
ACGTAGGGGGCAAGCGTTATCCGGATTTACTGGGTGTAAAGGGAGCGTAGACGGCGAGACAAGTCTGAAGTGAAAGCCCGGGGCTCAACCCCGGGACTGCTTTGGAAACTGCCTTGCTAGAGTGCTGGAGAGGTAAGTGGAATTCCTAGTGTAGCGGTGAAATGCGTAGATATTAGGAGGAACACCAGTGGCGAAGGCGGCTTACTGGACAGTAACTGACGTTGAGGCTCGAAAGCGTGGGGAGCAA,-0.223773567750965,FALSE,-1,0,TRUE,-1,0,2.5,2.5,Bacteria,Firmicutes,Clostridia,Lachnospirales,Lachnospiraceae,Lachnoclostridium,NA
ACGTAGGGGGCAAGCGTTATCCGGATTTACTGGGTGTAAAGGGAGCGTAGACGGCTGTGCAAGTCTGAAGTGAAAGGCATGGGCTCAACCTGTGGACTGCTTTGGAAACTGTGCAGCTAGAGTGTCGGAGAGGTAAGTGGAATTCCTAGTGTAGCGGTGAAATGCGTAGATATTAGGAGGAACACCAGTGGCGAAGGCGGCTTACTGGACGATGACTGACGTTGAGGCTCGAAAGCGTGGGGAGCAA,-0.0759131761569267,FALSE,-1,0,TRUE,-1,0,2.5,2.5,Bacteria,Firmicutes,Clostridia,Lachnospirales,Lachnospiraceae,Dorea,formicigenerans
ACGTAGGGGGCAAGCGTTATCCGGATTTACTGGGTGTAAAGGGAGCGTAGACGGTAAAGCAAGTCTGAAGTGAAAGCCCGGGGCTCAACCCCGGGACTGCTTTGGAAACTGTTTAACTAGAGTGCTGGAGAGGTAAGCGGAATTCCTAGTGTAGCGGTGAAATGCGTAGATATTAGGAGGAACACCAGTGGCGAAGGCGGCTTACTGGACAGTAACTGACGTTGAGGCTCGAAAGCGTGGGGAGCAA,-0.200393829581855,FALSE,-1,0,TRUE,-1,0,2.5,2.5,Bacteria,Firmicutes,Clostridia,Lachnospirales,Lachnospiraceae,Lachnoclostridium,edouardi
ACGTAGGGGGCAAGCGTTATCCGGATTTACTGGGTGTAAAGGGAGCGTAGACGGTGTGGCAAGTCTGATGTGAAAGGCATGGGCTCAACCTGTGGACTGCATTGGAAACTGTCATACTTGAGTGCCGGAGGGGTAAGCGGAATTCCTAGTGTAGCGGTGAAATGCGTAGATATTAGGAGGAACACCAGTGGCGAAGGCGGCTTACTGGACGGTAACTGACGTTGAGGCTCGAAAGCGTGGGGAGCAA,-0.383393210072372,FALSE,-1,0,TRUE,-1,0,2.5,2.5,Bacteria,Firmicutes,Clostridia,Lachnospirales,Lachnospiraceae,Blautia,NA
ACGTAGGGGGCAAGCGTTATCCGGATTTACTGGGTGTAAAGGGAGCGTAGACGGTTTTGCAAGTCTGAAGTGAAAGCCCGGGGCTTAACCCCGGGACTGCTTTGGAAACTGTAGGACTAGAGTGCAGGAGAGGTAAGTGGAATTCCTAGTGTAGCGGTGAAATGCGTAGATATTAGGAGGAACACCAGTGGCGAAGGCGGCTTACTGGACTGTAACTGACGTTGAGGCTCGAAAGCGTGGGGAGCAA,0.20388195315365,FALSE,1,0,TRUE,1,0,2.5,2.5,Bacteria,Firmicutes,Clostridia,Lachnospirales,Lachnospiraceae,Lachnospiraceae NK4A136 group,NA
ACGTAGGGGGCTAGCGTTATCCGGATTTACTGGGCGTAAAGGGTGCGTAGGTGGTTTCTTAAGTCAGGAGTGAAAGGCTACGGCTCAACCGTAGTAAGCTCTTGAAACTGGGAAACTTGAGTGCAGGAGAGGAAAGTGGAATTCCTAGTGTAGCGGTGAAATGCGTAGATATTAGGAGGAACACCAGTAGCGAAGGCGGCTTTCTGGACTGTAACTGACACTGAGGCACGAAAGCGTGGGGAGCAA,0.0353582447304864,FALSE,1,0,TRUE,1,0,2.5,2.5,Bacteria,Firmicutes,Clostridia,Peptostreptococcales-Tissierellales,Peptostreptococcaceae,Terrisporobacter,mayombei
ACGTAGGTCACAAGCGTTGTCCGGAATTACTGGGTGTAAAGGGAGCGCAGGCGGGAAGACAAGTTGGAAGTGAAATCCATGGGCTCAACCCATGAACTGCTTTCAAAACTGTTTTTCTTGAGTAGTGCAGAGGTAGGCGGAATTCCCGGTGTAGCGGTGGAATGCGTAGATATCGGGAGGAACACCAGTGGCGAAGGCGGCCTACTGGGCACCAACTGACGCTGAGGCTCGAAAGTGTGGGTAGCAA,-0.381299540990976,FALSE,-1,0,TRUE,-1,0,2.5,2.5,Bacteria,Firmicutes,Clostridia,Oscillospirales,Ruminococcaceae,Faecalibacterium,prausnitzii
ACGTAGGTCACAAGCGTTGTCCGGAATTACTGGGTGTAAAGGGAGCGCAGGCGGGAAGACAAGTTGGAAGTGAAATCTATGGGCTCAACCCATAAACTGCTTTCAAAACTGTTTTTCTTGAGTAGTGCAGAGGTAGGCGGAATTCCCGGTGTAGCGGTGGAATGCGTAGATATCGGGAGGAACACCAGTGGCGAAGGCGGCCTACTGGGCACCAACTGACGCTGAGGCTCGAAAGTGTGGGTAGCAA,-0.341586174142493,FALSE,-1,0,TRUE,-1,0,2.5,2.5,Bacteria,Firmicutes,Clostridia,Oscillospirales,Ruminococcaceae,Faecalibacterium,NA
ACGTAGGTGGCAAGCGTTATCCGGAATTACTGGGTGTAAAGGGAGCGCAGGCGGGATAGCAAGTCAGCTGTGAAAACTATGGGCTCAACCCATAAACTGCAGTTGAAACTGTTATTCTTGAGTGGAGTAGAGGCAAGCGGAATTCCGAGTGTAGCGGTGAAATGCGTAGATATTCGGAGGAACACCAGTGGCGAAGGCGGCTTGCTGGGCTCTAACTGACGCTGAGGCTCGAAAGTGTGGGGAGCAA,-0.25625325653342,FALSE,-1,0,TRUE,-1,0,2.5,2.5,Bacteria,Firmicutes,Clostridia,Oscillospirales,[Eubacterium] coprostanoligenes group,NA,NA
ACGTAGGTGGCAAGCGTTGTCCGGAATTACTGGGTGTAAAGGGAGCGCAGGCGGGTGATCAAGTCAGCTGTGAAAACTACGGGCTTAACCCGTAGACTGCAGTTGAAACTGTTCATCTTGAGTGAAGTAGAGGTTGGCGGAATTCCGAGTGTAGCGGTGAAATGCGTAGATATTCGGAGGAACACCGGTGGCGAAGGCGGCCAACTGGGCTTTAACTGACGCTGAGGCTCGAAAGTGTGGGGAGCAA,0.34154300792607,FALSE,1,0,TRUE,1,0,2.5,2.5,Bacteria,Firmicutes,Clostridia,Oscillospirales,[Eubacterium] coprostanoligenes group,NA,NA
ACGTAGGTGGCAAGCGTTGTCCGGAATTACTGGGTGTAAAGGGAGTGTAGGCGGGATATCAAGTCAGAAGTGAAAATTACGGGCTCAACTCGTAACCTGCTTTTGAAACTGACATTCTTGAGTGAAGTAGAGGCAAGCGGAATTCCTAGTGTAGCGGTGAAATGCGTAGATATTAGGAGGAACACCAGTGGCGAAGGCGGCTTGCTGGGCTTTTACTGACGCTGAGGCTCGAAAGCGTGGGGAGCAA,0.311414257745121,FALSE,1,0,TRUE,1,0,2.5,2.5,Bacteria,Firmicutes,Clostridia,Oscillospirales,Ruminococcaceae,[Eubacterium] siraeum group,NA
ACGTAGGTGGCAAGCGTTGTCCGGAATTATTGGGCGTAAAGCGCGCGCAGGCGGATCAGTCAGTCTGTCTTAAAAGTTCGGGGCTTAACCCCGTGATGGGATGGAAACTGCTGATCTAGAGTATCGGAGAGGAAAGTGGAATTCCTAGTGTAGCGGTGAAATGCGTAGATATTAGGAAGAACACCAGTGGCGAAGGCGACTTTCTGGACGAAAACTGACGCTGAGGCGCGAAAGCCAGGGGAGCGA,-0.556904368347148,FALSE,-1,0,TRUE,-1,0,2.5,2.5,Bacteria,Firmicutes,Negativicutes,Veillonellales-Selenomonadales,Veillonellaceae,Veillonella,NA
ACGTAGGTGGCAAGCGTTGTCCGGATTTACTGGGTGTAAAGGGCGTGCAGCCGGGAATGCAAGTCAGATGTGAAATCCATGGGCTTAACCCATGAACTGCATTTGAAACTGTATTTCTTGAGTACTGGAGAGGCAATCGGAATTCCTAGTGTAGCGGTGAAATGCGTAGATATTAGGAGGAACACCAGTGGCGAAGGCGGATTGCTGGACAGCAACTGACGGTGAGGCGCGAAAGTGTGGGGAGCAA,0.858245624741922,FALSE,1,0,TRUE,1,0,2.5,2.5,Bacteria,Firmicutes,Clostridia,Oscillospirales,Oscillospiraceae,UCG-002,NA
ACGTAGGTGGCAAGCGTTGTCCGGATTTACTGGGTGTAAAGGGCGTGCAGCCGGGCATGCAAGTCAGATGTGAAATCTCAGGGCTTAACCCTGAAACTGCATTTGAAACTGTATGTCTTGAGTGCCGGAGAGGTAATCGGAATTCCTTGTGTAGCGGTGAAATGCGTAGATATAAGGAAGAACACCAGTGGCGAAGGCGGATTACTGGACGGTAACTGACGGTGAGGCGCGAAAGCGTGGGGAGCGA,0.626437242344427,FALSE,1,0,TRUE,1,0,2.5,2.5,Bacteria,Firmicutes,Clostridia,Oscillospirales,Oscillospiraceae,UCG-003,NA
ACGTAGGTGGCAAGCGTTGTCCGGATTTACTGGGTGTAAAGGGCGTGCAGCCGGGCCGGCAAGTCAGATGTGAAATCTGGAGGCTTAACCTCCAAACTGCATTTGAAACTGTAGGTCTTGAGTACCGGAGAGGTTATCGGAATTCCTTGTGTAGCGGTGAAATGCGTAGATATAAGGAAGAACACCAGTGGCGAAGGCGGATAACTGGACGGCAACTGACGGTGAGGCGCGAAAGCGTGGGGAGCAA,0.219926573377519,FALSE,1,0,TRUE,1,0,2.5,2.5,Bacteria,Firmicutes,Clostridia,Oscillospirales,Oscillospiraceae,Oscillibacter,NA
ACGTAGGTGGCAAGCGTTGTCCGGATTTACTGGGTGTAAAGGGCGTGTAGCCGGGAAGGCAAGTCAGATGTGAAATCCACGGGCTCAACTCGTGAACTGCATTTGAAACTGTTTTTCTTGAGTATCGGAGAGGCAATCGGAATTCCTAGTGTAGCGGTGAAATGCGTAGATATTAGGAGGAACACCAGTGGCGAAGGCGGATTGCTGGACGACAACTGACGGTGAGGCGCGAAAGCGTGGGGAGCAA,0.074111277136751,FALSE,1,0,TRUE,1,0,2.5,2.5,Bacteria,Firmicutes,Clostridia,Oscillospirales,Oscillospiraceae,UCG-002,NA
ACGTAGGTGGCAAGCGTTGTCCGGATTTACTGGGTGTAAAGGGCGTGTAGCCGGGAGGGCAAGTCAGATGTGAAATCCACGGGCTCAACTCGTGAACTGCATTTGAAACTACTCTTCTTGAGTATCGGAGAGGCAATCGGAATTCCTAGTGTAGCGGTGAAATGCGTAGATATTAGGAGGAACACCAGTGGCGAAGGCGGATTGCTGGACGACAACTGACGGTGAGGCGCGAAAGCGTGGGGAGCAA,1.07002389055009,FALSE,1,0,TRUE,1,0,2.5,2.5,Bacteria,Firmicutes,Clostridia,Oscillospirales,Oscillospiraceae,UCG-002,NA
ACGTAGGTGGCAAGCGTTGTCCGGATTTACTGGGTGTAAAGGGCGTGTAGGCGGGTAGACAAGTCAGATGTGAAATACCGGGGCTCAACTCCGGGGCTGCATTTGAAACTGTATATCTTGAGTGTCGGAGAGGAAAGCGGAATTCCTAGTGTAGCGGTGAAATGCGTAGATATTAGGAGGAACACCAGTGGCGAAGGCGGCTTTCTGGACGATAACTGACGCTGAGGCGCGAAAGCGTGGGGAGCAA,0.72967260994944,FALSE,1,0,TRUE,1,0,2.5,2.5,Bacteria,Firmicutes,Clostridia,Monoglobales,Monoglobaceae,Monoglobus,pectinilyticus
ACGTATGGGGCAAGCGTTATCCGGATTTACTGGGTGTAAAGGGAGCGTAGGCGGCATGGCAAGTCAGAAGTGAAAGCCTGGGGCTCAACCCCGGAATTGCTTTTGAAACTGTCAGGCTAGAGTGTCGGAGGGGTAAGCGGAATTCCTAGTGTAGCGGTGAAATGCGTAGATATTAGGAGGAACACCGGTGGCGAAGGCGGCTTACTGGACGATTACTGACGCTGAGGCTCGAAAGCGTGGGGAGCAA,-0.134031341493367,FALSE,-1,0,TRUE,-1,0,2.5,2.5,Bacteria,Firmicutes,Clostridia,Lachnospirales,Lachnospiraceae,[Eubacterium] ventriosum group,NA
ACGTATGGTGCAAGCGTTATCCGGATTTACTGGGTGTAAAGGGAGCGCAGGCGGTACGGCAAGTCTGATGTGAAATCCCGGGGCTCAACCCCGGTACTGCATTGGAAACTGTCGGACTAGAGTGTCGGAGGGGTAAGTGGAATTCCTAGTGTAGCGGTGAAATGCGTAGATATTAGGAGGAACACCAGTGGCGAAGGCGGCTTACTGGACGATTACTGACGCTGAGGCTCGAAAGCGTGGGGAGCAA,0.285868601574195,FALSE,1,0,TRUE,1,0,2.5,2.5,Bacteria,Firmicutes,Clostridia,Lachnospirales,Lachnospiraceae,Roseburia,hominis
ACGTATGGTGCAAGCGTTATCCGGATTTACTGGGTGTAAAGGGAGCGCAGGCGGTGCGGCAAGTCTGATGTGAAAGCCCGGGGCTCAACCCCGGTACTGCATTGGAAACTGTCGTACTAGAGTGTCGGAGGGGTAAGTGGAATTCCTAGTGTAGCGGTGAAATGCGTAGATATTAGGAGGAACACCAGTGGCGAAGGCGGCTTACTGGACGATAACTGACGCTGAGGCTCGAAAGCGTGGGGAGCAA,-0.381885331787329,FALSE,-1,0,TRUE,-1,0,2.5,2.5,Bacteria,Firmicutes,Clostridia,Lachnospirales,Lachnospiraceae,Agathobacter,NA
ACGTATGGTGCAAGCGTTATCCGGATTTACTGGGTGTAAAGGGAGCGTAGACGGCTGTGTAAGTCTGAAGTGAAAGCCCGGGGCTCAACCCCGGGACTGCTTTGGAAACTATGCAGCTAGAGTGTCGGAGAGGTAAGTGGAATTCCCAGTGTAGCGGTGAAATGCGTAGATATTGGGAGGAACACCAGTGGCGAAGGCGGCTTACTGGACGATGACTGACGTTGAGGCTCGAAAGCGTGGGGAGCAA,-0.433840766394901,FALSE,-1,0,TRUE,-1,0,2.5,2.5,Bacteria,Firmicutes,Clostridia,Lachnospirales,Lachnospiraceae,Coprococcus,comes
ACGGAAGATGCGAGCGTTATCCGGATTTATTGGGTTTAAAGGGAGCGTAGGCGGGCTTTTAAGTCAGCGGTCAAATGCCACGGCTCAACCGTGGCCAGCCGTTGAAACTGTAAGCCTTGAGTCTGCACAGGGCACATGGAATTCGTGGTGTAGCGGTGAAATGCTTAGATATCACGAAGAACTCCGATCGCGAAGGCATTGTGCCGGGGCAGCACTGACGCTGAGGCTCGAAAGTGCGGGTATCAA,-0.501777797043889,FALSE,-1,0,NA,NA,1.25,0,1.25,Bacteria,Bacteroidota,Bacteroidia,Bacteroidales,Prevotellaceae,Paraprevotella,NA
ACGGAGGATCCGAGCGTTATCCGGATTTATTGGGTTTAAAGGGAGCGTAGATGGATGTTTAAGTCAGTTGTGAAAGTTTGCGGCTCAACCGTAAAATTGCAGTTGATACTGGATGTCTTGAGTGCAGTTGAGGCAGGCGGAATTCGTGGTGTAGCGGTGAAATGCTTAGATATCACGAAGAACTCCGATTGCGAAGGCAGCCTGCTAAGCTGCAACTGACATTGAGGCTCGAAAGTGTGGGTATCAA,0.0755842944748991,FALSE,1,0,FALSE,1,1.25,0,1.25,Bacteria,Bacteroidota,Bacteroidia,Bacteroidales,Bacteroidaceae,Bacteroides,NA
ACGGAGGATCCGAGCGTTATCCGGATTTATTGGGTTTAAAGGGAGCGTAGGCGGGTGCTTAAGTCAGTTGTGAAAGTTTGCGGCTCAACCGTAAAATTGCAGTTGATACTGGGCGCCTTGAGTGCAGCATAGGTAGGCGGAATTCGTGGTGTAGCGGTGAAATGCTTAGATATCACGAAGAACTCCGATTGCGAAGGCAGCTTACTGGACTGTAACTGACGCTGATGCTCGAAAGTGTGGGTATCAA,0.701453101585259,FALSE,1,0,FALSE,1,1.25,0,1.25,Bacteria,Bacteroidota,Bacteroidia,Bacteroidales,Bacteroidaceae,Bacteroides,eggerthii
ACGGAGGATCCGAGCGTTATCCGGATTTATTGGGTTTAAAGGGTGCGTAGGCGGCCTTTTAAGTCAGCGGTGAAAGTCTGTGGCTCAACCATAGAATTGCCGTTGAAACTGGGGGGCTTGAGTATGTTTGAGGCAGGCGGAATGCGTGGTGTAGCGGTGAAATGCTTAGATATCACGCAGAACCCCGATTGCGAAGGCAGCCTGCCAAGCCATGACTGACGCTGATGCACGAAAGCGTGGGGATCAA,0.503791225509553,FALSE,1,0,FALSE,1,1.25,0,1.25,Bacteria,Bacteroidota,Bacteroidia,Bacteroidales,Tannerellaceae,Parabacteroides,distasonis
ACGTAGGGAGCAAGCGTTATCCGGATTTACTGGGTGTAAAGGGCGCGCAGGCGGGCCGGCAAGTTGGAAGTGAAATCTATGGGCTTAACCCATAAACTGCTTTCAAAACTGCTGGTCTTGAGTGATGGAGAGGCAGGCGGAATTCCGTGTGTAGCGGTGAAATGCGTAGATATACGGAGGAACACCAGTGGCGAAGGCGGCCTGCTGGACATTAACTGACGCTGAGGCGCGAAAGCGTGGGGAGCAA,0.562344987355834,FALSE,1,0,FALSE,-1,1.25,0,1.25,Bacteria,Firmicutes,Clostridia,Oscillospirales,Butyricicoccaceae,Butyricicoccus,faecihominis
ACGTAGGGAGCGAGCGTTGTCCGGAATTACTGGGTGTAAAGGGAGCGTAGGCGGGATCGCAAGTCAGATGTGAAAACTATGGGCTTAACCCATAAACTGCATTTGAAACTGTGGTTCTTGAGTGAAGTAGAGGTAAGCGGAATTCCTAGTGTAGCGGTGAAATGCGTAGATATTAGGAGGAACATCAGTGGCGAAGGCGGCTTACTGGGCTTTAACTGACGCTGAGGCTCGAAAGCGTGGGGAGCAA,-0.20499060108901,FALSE,-1,0,TRUE,1,1.25,0,1.25,Bacteria,Firmicutes,Clostridia,Oscillospirales,Ruminococcaceae,Ruminococcus,bicirculans
ACGTAGGGAGCGAGCGTTGTCCGGATTTACTGGGTGTAAAGGGTGCGTAGGCGGGATGGCAAGTCAGATGTGAAATACCGGGGCTTAACCCCGGGGCTGCATTTGAAACTGTCGTTCTTGAGTGAAGTAGAGGCAGGCGGAATTCCTAGTGTAGCGGTGAAATGCGTAGATATTAGGAGGAACACCAGTGGCGAAGGCGGCCTGCTGGGCTTTAACTGACGCTGAGGCACGAAAGCATGGGGAGCAA,-0.0496551695600425,FALSE,-1,0,FALSE,-1,1.25,0,1.25,Bacteria,Firmicutes,Clostridia,Oscillospirales,Ruminococcaceae,Ruminococcus,NA
ACGTAGGGGGCAAGCGTTATCCGGATTTACTGGGTGTAAAGGGAGCGCAGGCGGTGCGGCAAGTCAGATGTGAAAACCCGGGGCTCAACCCCGGGACTGCATTTGAAACTGTCGGACTAGAGTGCCGGAGAGGTAAGTGGAATTCCTAGTGTAGCGGTGAAATGCGTAGATATTAGGAGGAACACCAGTGGCGAAGGCGGCTTACTGGACGGTAACTGACGCTGAGGCTCGAAAGCGTGGGGAGCAA,-0.472593761401549,FALSE,-1,0,FALSE,-1,1.25,0,1.25,Bacteria,Firmicutes,Clostridia,Lachnospirales,Lachnospiraceae,Lachnospiraceae UCG-001,NA
ACGTAGGGGGCGAGCGTTATCCGGAATCATTGGGCGTAAAGCGCGCGCAGGCGGGCTTTCAAGCGGCGGCGTCGAAGCCGGGGGCTCAACCCCCGGAAGCGCCCCGAACTGGAAGCCTCGGATGCGGCAGGGGGAGGCGGAATTCCCGGTGTAGCGGTGAAATGCGCAGATATCGGGAAGAACACCGACGGCGAAGGCAGCCTCCTGGGCCGGCATCGACGCTGAGGCGCGAAAGCTGGGGGAGCGA,0.124478647832706,FALSE,1,0,FALSE,1,1.25,0,1.25,Bacteria,Actinobacteriota,Coriobacteriia,Coriobacteriales,Eggerthellaceae,Slackia,isoflavoniconvertens
ACGTAGGGGGCGAGCGTTGTCCGGAATGATTGGGCGTAAAGGGCGCGTAGGCGGCCTGCTAAGTCTGAAGTGAAAGTCCTGCTTTCAAGGTGGGAAGTGCTTTGGATACTGGTGGGCTGGAGTGCAGGAGAGGAAAGCGGAATTACCGGTGTAGCGGTGAAATGCGTAGAGATCGGTAGGAACACCAGTGGCGAAGGCGGCTTTCTGGACTGAAACTGACGCTGAGGCGCGAAAGCGTGGGGAGCAA,0.497583457190186,FALSE,1,0,FALSE,1,1.25,0,1.25,Bacteria,Firmicutes,Clostridia,Christensenellales,Christensenellaceae,Christensenellaceae R-7 group,NA
ACGTAGGTGGCAAGCGTTGTCCGGAATTATTGGGCGTAAAGAGCATGTAGGCGGGCTTTTAAGTCTGACGTGAAAATGCGGGGCTTAACCCCGTATGGCGTTGGATACTGGAAGTCTTGAGTGCAGGAGAGGAAAGGGGAATTCCCAGTGTAGCGGTGAAATGCGTAGATATTGGGAGGAACACCAGTGGCGAAGGCGCCTTTCTGGACTGTGTCTGACGCTGAGATGCGAAAGCCAGGGTAGCAA,1.38653309286671,FALSE,1,0,NA,NA,1.25,0,1.25,Bacteria,Firmicutes,Negativicutes,Acidaminococcales,Acidaminococcaceae,Acidaminococcus,intestini
ACGTAGGTGGCAAGCGTTGTCCGGAATTATTGGGCGTAAAGCGCGCGCAGGCGGCTTCCCAAGTCCCTCTTAAAAGTGCGGGGCTTAACCCCGTGATGGGAAGGAAACTGGGAAGCTGGAGTATCGGAGAGGAAAGTGGAATTCCTAGTGTAGCGGTGAAATGCGTAGAGATTAGGAAGAACACCGGTGGCGAAGGCGACTTTCTGGACGAAAACTGACGCTGAGGCGCGAAAGCGTGGGGAGCAA,0.282871823822325,FALSE,1,0,FALSE,-1,1.25,0,1.25,Bacteria,Firmicutes,Negativicutes,Veillonellales-Selenomonadales,Veillonellaceae,Dialister,invisus
ACGTAGGTGGCAAGCGTTGTCCGGATTTACTGGGTGTAAAGGGCGCGTAGGCGGAGAGACAAGTCAGATGTGAAATCTATGGGCTTAACCCATAAACTGCATTTGAAACTATCTCCCTTGAGTGATGGAGAGGCAAGCGGAATTCCTAGTGTAGCGGTGAAATGCGTAGATATTAGGAGGAACACCAGTGGCGAAGGCGGCTTGCTGGACATTAACTGACGCTGAGGCGCGAAAGCGTGGGGAGCAA,1.02274417733431,FALSE,1,0,NA,NA,1.25,0,1.25,Bacteria,Firmicutes,Clostridia,Oscillospirales,Oscillospiraceae,NK4A214 group,NA
ACGTAGGTGGCAAGCGTTGTCCGGATTTACTGGGTGTAAAGGGCGTGCAGCCGGGTCTGCAAGTCAGATGTGAAATCCATGGGCTCAACCCATGAACTGCATTTGAAACTGTAGATCTTGAGTGTCGGAGGGGCAATCGGAATTCCTAGTGTAGCGGTGAAATGCGTAGATATTAGGAGGAACACCAGTGGCGAAGGCGGATTGCTGGACGATAACTGACGGTGAGGCGCGAAAGTGTGGGGAGCAA,0.181501165885452,FALSE,1,0,FALSE,-1,1.25,0,1.25,Bacteria,Firmicutes,Clostridia,Oscillospirales,Oscillospiraceae,UCG-002,NA
ACGTATGGTGCAAGCGTTATCCGGATTTACTGGGTGTAAAGGGTGCGTAGGTGGCAAGGCAAGTCTGAAGTGAAAATCCGGGGCTCAACCCCGGAACTGCTTTGGAAACTGTTTAGCTAGAGTACAGGAGAGGTAAGTGGAATTCCTAGTGTAGCGGTGAAATGCGTAGATATTAGGAGGAACACCAGTGGCGAAGGCGACTTACTGGACTGCTACTGACACTGAGGCACGAAAGCGTGGGGAGCAA,0.541557346185576,FALSE,1,0,NA,NA,1.25,0,1.25,Bacteria,Firmicutes,Clostridia,Lachnospirales,Lachnospiraceae,Coprococcus,eutactus
ACAGAGGTCTCAAGCGTTGTTCGGAATCACTGGGCGTAAAGCGTGCGTAGGCGGTTTCGTAAGTCGTGTGTGAAAGGCGGGGGCTCAACCCCCGGACTGCACATGATACTGCGAGACTAGAGTAATGGAGGGGGAACCGGAATTCTCGGTGTAGCAGTGAAATGCGTAGATATCGAGAGGAACACTCGTGGCGAAGGCGGGTTCCTGGACATTAACTGACGCTGAGGCACGAAGGCCAGGGGAGCGA,NA,NA,NA,0,TRUE,1,0,0,0,Bacteria,Verrucomicrobiota,Verrucomicrobiae,Verrucomicrobiales,Akkermansiaceae,Akkermansia,muciniphila
ACAGAGGTCTCAAGCGTTGTTCGGAATCACTGGGCGTAAAGCGTGCGTAGGCTGTTTCGTAAGTCGTGTGTGAAAGGCAGGGGCTCAACCCCTGGATTGCACATGATACTGCGAGACTAGAGTAATGGAGGGGGAACCGGAATTCTCGGTGTAGCAGTGAAATGCGTAGATATCGAGAGGAACACTCGTGGCGAAGGCGGGTTCCTGGACATTAACTGACGCTGAGGCACGAAGGCCAGGGGAGCGA,-2.59966947766319,FALSE,-1,0,FALSE,1,0,0,0,Bacteria,Verrucomicrobiota,Verrucomicrobiae,Verrucomicrobiales,Akkermansiaceae,Akkermansia,NA
ACCGAGGTCTCAAGCGTTGTTCGGAATCACTGGGCGTAAAGCGTGCGTAGGCTGTTTCGTAAGTCGTGTGTGAAAGGCGCGGGCTCAACCCGCGGACGGCACATGATACTGCGAGACTAGAGTAATGGAGGGGGAACCGGAATTCTCGGTGTAGCAGTGAAATGCGTAGATATCGAGAGGAACACTCGTGGCGAAGGCGGGTTCCTGGACATTAACTGACGCTGAGGCACGAAGGCCAGGGGAGCGA,NA,NA,NA,0,NA,NA,0,0,0,Bacteria,Verrucomicrobiota,Verrucomicrobiae,Verrucomicrobiales,Akkermansiaceae,Akkermansia,NA
ACGAAGGGTGCAAGCGTTAATCGGAATTACTGGGCGTAAAGCGCGCGTAGGTGGTTCAGCAAGTTGGATGTGAAATCCCCGGGCTCAACCTGGGAACTGCATCCAAAACTACTGAGCTAGAGTACGGTAGAGGGTGGTGGAATTTCCTGTGTAGCGGTGAAATGCGTAGATATAGGAAGGAACACCAGTGGCGAAGGCGACCACCTGGACTGATACTGACACTGAGGTGCGAAAGCGTGGGGAGCAA,NA,NA,NA,0,FALSE,-1,0,0,0,Bacteria,Proteobacteria,Gammaproteobacteria,Pseudomonadales,Pseudomonadaceae,Pseudomonas,NA
ACGGAAGATGCGAGCGTTATCCGGATTTATTGGGTTTAAAGGGAGCGTAGGCGGGCAGTCAAGTCAGCGGTCAAATGGCGCGGCTCAACCGCGTTCCGCCGTTGAAACTGGCAGCCTTGAGTATGCACAGGGTACATGGAATTCGTGGTGTAGCGGTGAAATGCTTAGATATCACGAGGAACTCCGATCGCGCAGGCATTGTACCGGGGCATTACTGACGCTGAGGCTCGAAGGTGCGGGTATCAA,NA,NA,NA,0,NA,NA,0,0,0,Bacteria,Bacteroidota,Bacteroidia,Bacteroidales,Prevotellaceae,Paraprevotella,xylaniphila
ACGGAAGATGCGAGCGTTATCCGGATTTATTGGGTTTAAAGGGAGCGTAGGCGGGCTTTTAAGTCAGCGGTCAAATGTCGTGGCTCAACCATGTCAAGCCGTTGAAACTGTAAGCCTTGAGTCTGCACAGGGCACATGGAATTCGTGGTGTAGCGGTGAAATGCTTAGATATCACGAAGAACTCCGATCGCGAAGGCATTGTGCCGGGGCATAACTGACGCTGAGGCTCGAAAGTGCGGGTATCAA,NA,NA,NA,0,TRUE,1,0,0,0,Bacteria,Bacteroidota,Bacteroidia,Bacteroidales,Prevotellaceae,Paraprevotella,NA
ACGGAAGGTCCAGGCGTTATCCGGATTTATTGGGTTTAAAGGGAGCGTAGGCCGGAGATTAAGCGTGTTGTGAAATGTAGATGCTCAACATCTGAACTGCAGCGCGAACTGGTTTCCTTGAGTACGCACAAAGTGGGCGGAATTCGTGGTGTAGCGGTGAAATGCTTAGATATCACGAAGAACTCCGATTGCGAAGGCAGCTCACTGGAGCGCAACTGACGCTGAAGCTCGAAAGTGCGGGTATCGA,NA,NA,NA,0,NA,NA,0,0,0,Bacteria,Bacteroidota,Bacteroidia,Bacteroidales,Prevotellaceae,Prevotella_9,NA
ACGGAAGGTCCGGGCGTTATCCGGATTTATTGGGTTTAAAGGGAGCGTAGGCCGGAGATTAAGCGTGTTGTGAAATGTAGATGCTCAACATCTGAACTGCAGCGCGAACTGGTTTCCTTGAGTACGCACAAAGTGGGCGGAATTTGTGGTGTAGCGGTGAAATGCTTAGATATCACGAAGAACTCCGATTGCGAAGGCAGCTCACTGGAGCGCAACTGACGCTGAAGCTCGAAAGTGCGGGTATCGA,NA,NA,NA,0,NA,NA,0,0,0,Bacteria,Bacteroidota,Bacteroidia,Bacteroidales,Prevotellaceae,Prevotella_9,NA
ACGGAAGGTCCGGGCGTTATCCGGATTTATTGGGTTTAAAGGGAGCGTAGGCCGGAGGTTAAGCGTGTTGTGAAATGTAGATGCTCAACATCTGAACTGCAGCGCGAACTGGTTTCCTTGAGTACGCACAAAGTGGGCGGAATTCGTGGTGTAGCGGTGAAATGCTTAGATATCACGAAGAACTCCGATTGCGAAGGCAGCTCACTGGAGCGCAACTGACGCTGAAGCTCGAAAGTGCGGGTATCGA,NA,NA,NA,0,NA,NA,0,0,0,Bacteria,Bacteroidota,Bacteroidia,Bacteroidales,Prevotellaceae,Prevotella_9,NA
ACGGAGGATCCAAGCGTTATCCGGATTTATTGGGTTTAAAGGGTGCGTAGGCGGTTTGATAAGTTAGAGGTGAAATACCGGGGCTCAACTCCGGAACTGCCTCTAATACTGTTGAACTAGAGAGTAGTTGCGGTAGGCGGAATGTATGGTGTAGCGGTGAAATGCTTAGAGATCATACAGAACACCGATTGCGAAGGCAGCTTACCAAACTATATCTGACGTTGAGGCACGAAAGCGTGGGGAGCAA,0.484688919732123,FALSE,1,0,FALSE,1,0,0,0,Bacteria,Bacteroidota,Bacteroidia,Bacteroidales,Rikenellaceae,Alistipes,finegoldii
ACGGAGGATCCAAGCGTTATCCGGATTTATTGGGTTTAAAGGGTGCGTAGGCGGTTTGATAAGTTAGAGGTGAAATACCGGTGCTTAACACCGGAACTGCCTCTAATACTGTTGAACTAGAGAGTAGTTGCGGTAGGCGGAATGTATGGTGTAGCGGTGAAATGCTTAGAGATCATACAGAACACCGATTGCGAAGGCAGCTTACCAAACTATATCTGACGTTGAGGCACGAAAGCGTGGGGAGCAA,0.0703554802896289,FALSE,1,0,FALSE,1,0,0,0,Bacteria,Bacteroidota,Bacteroidia,Bacteroidales,Rikenellaceae,Alistipes,shahii
ACGGAGGATCCGAGCGTTATCCGGATTTATTGGGTTTAAAGGGAGCGTAGATGGATATTTAAGTCAGTTGTGAAAGTTTGCGGCTCAACCGTAAAATTGCAGTTGATACTGGATATCTTGAGTGCAGTTGAGGCAGGCGGAATTCGTGGTGTAGCGGTGAAATGCTTAGATATCACGAAGAACTCCGATTGCGAAGGCAGCCTGCTAAGCTGCAACTGACATTGAGGCTCGAAAGTGTGGGTATCAA,-0.257303881145698,FALSE,-1,0,FALSE,-1,0,0,0,Bacteria,Bacteroidota,Bacteroidia,Bacteroidales,Bacteroidaceae,Bacteroides,vulgatus
ACGGAGGATCCGAGCGTTATCCGGATTTATTGGGTTTAAAGGGAGCGTAGATGGATGTTTAAGTCAGTTGTGAAAGTTTGCGGCTCAACCGTAAAATTGCAGTTGATACTGGATATCTTGAGTGCAGTTGAGGCAGGCGGAATTCGTGGTGTAGCGGTGAAATGCTTAGATATCACGAAGAACTCCGATTGCGAAGGCAGCCTGCTAAGCTGCAACTGACATTGAGGCTCGAAAGTGTGGGTATCAA,-0.0343018638120234,FALSE,-1,0,FALSE,-1,0,0,0,Bacteria,Bacteroidota,Bacteroidia,Bacteroidales,Bacteroidaceae,Bacteroides,vulgatus
ACGGAGGATCCGAGCGTTATCCGGATTTATTGGGTTTAAAGGGAGCGTAGATGGGTTGTTAAGTCAGTTGTGAAAGTTTGCGGCTCAACCGTAAAATTGCAATTGATACTGGCAGTCTTGAGTACAGTTGAGGTAGGCGGAATTCGTGGTGTAGCGGTGAAATGCTTAGATATCACGAAGAACTCCGATTGCGAAGGCAGCTTACTAACCTGTAACTGACATTGATGCTCGAAAGTGTGGGTATCAA,0.0330480330648011,FALSE,1,0,FALSE,1,0,0,0,Bacteria,Bacteroidota,Bacteroidia,Bacteroidales,Bacteroidaceae,Bacteroides,massiliensis
ACGGAGGATCCGAGCGTTATCCGGATTTATTGGGTTTAAAGGGAGCGTAGGCGGACGCTTAAGTCAGTTGTGAAAGTTTGCGGCTCAACCGTAAAATTGCAGTTGATACTGGGTGTCTTGAGTACAGTAGAGGCAGGCGGAATTCGTGGTGTAGCGGTGAAATGCTTAGATATCACGAAGAACTCCGATTGCGAAGGCAGCCTGCTGGACTGTAACTGACGCTGATGCTCGAAAGTGTGGGTATCAA,-0.0535509421795499,FALSE,-1,0,FALSE,-1,0,0,0,Bacteria,Bacteroidota,Bacteroidia,Bacteroidales,Bacteroidaceae,Bacteroides,uniformis
ACGGAGGATCCGAGCGTTATCCGGATTTATTGGGTTTAAAGGGAGCGTAGGCGGATGCTTAAGTCAGTTGTGAAAGTTTGCGGCTCAACCGTAAAATTGCAGTTGATACTGGGTGTCTTGAGTACAGTAGAGGCAGGCGGAATTCGTGGTGTAGCGGTGAAATGCTTAGATATCACGAAGAACTCCGATTGCGAAGGCAGCTTGCTGGACTGTAACTGACGCTGATGCTCGAAAGTGTGGGTATCAA,NA,NA,NA,0,NA,NA,0,0,0,Bacteria,Bacteroidota,Bacteroidia,Bacteroidales,Bacteroidaceae,Bacteroides,uniformis
ACGGAGGATCCGAGCGTTATCCGGATTTATTGGGTTTAAAGGGAGCGTAGGCGGATTATTAAGTCAGTTGTGAAAGTTTGCGGCTCAACCGTAAAATTGCAGTTGATACTGGTAGTCTTGAGTGCAGCAGAGGTAGGCGGAATTCGTGGTGTAGCGGTGAAATGCTTAGATATCACGAAGAACTCCGATTGCGAAGGCAGCTTACTGGACTGTAACTGACGCTGATGCTCGAAAGTGTGGGTATCAA,NA,NA,NA,0,NA,NA,0,0,0,Bacteria,Bacteroidota,Bacteroidia,Bacteroidales,Bacteroidaceae,Bacteroides,intestinalis
ACGGAGGATCCGAGCGTTATCCGGATTTATTGGGTTTAAAGGGAGCGTAGGCGGATTGTTAAGTCAGTTGTGAAAGTTTGCGGCTCAACCGTAAAATTGCAGTTGATACTGGCAGTCTTGAGTGCAGTAGAGGTGGGCGGAATTCGTGGTGTAGCGGTGAAATGCTTAGATATCACGAAGAACTCCGATTGCGAAGGCAGCTCACTGGAGTGTAACTGACGCTGATGCTCGAAAGTGTGGGTATCAA,0.313984405088688,FALSE,1,0,FALSE,1,0,0,0,Bacteria,Bacteroidota,Bacteroidia,Bacteroidales,Bacteroidaceae,Bacteroides,caccae
ACGGAGGATCCGAGCGTTATCCGGATTTATTGGGTTTAAAGGGAGCGTAGGCGGGTGCTTAAGTCAGTTGTGAAAGTTTGCGGCTCAACCGTAAAATTGCAGTTGATACTGGGTACCTTGAGTGCAGCATAGGTAGGCGGAATTCGTGGTGTAGCGGTGAAATGCTTAGATATCACGAAGAACTCCGATTGCGAAGGCAGCTTACTGGACTGTAACTGACGCTGATGCTCGAAAGTGTGGGTATCAA,NA,NA,NA,0,NA,NA,0,0,0,Bacteria,Bacteroidota,Bacteroidia,Bacteroidales,Bacteroidaceae,Bacteroides,eggerthii
ACGGAGGATCCGAGCGTTATCCGGATTTATTGGGTTTAAAGGGAGCGTAGGTGGACAGTTAAGTCAGTTGTGAAAGTTTGCGGCTCAACCGTAAAATTGCAGTTGATACTGGCTGTCTTGAGTACAGTAGAGGTGGGCGGAATTCGTGGTGTAGCGGTGAAATGCTTAGATATCACGAAGAACTCCGATTGCGAAGGCAGCTCACTGGACTGCAACTGACACTGATGCTCGAAAGTGTGGGTATCAA,0.324855315829296,FALSE,1,0,FALSE,1,0,0,0,Bacteria,Bacteroidota,Bacteroidia,Bacteroidales,Bacteroidaceae,Bacteroides,NA
ACGGAGGATCCGAGCGTTATCCGGATTTATTGGGTTTAAAGGGAGCGTAGGTGGATTGTTAAGTCAGTTGTGAAAGTTTGCGGCTCAACCGTAAAATTGCAGTTGAAACTGGCAGTCTTGAGTACAGTAGAGGTGGGCGGAATTCGTGGTGTAGCGGTGAAATGCTTAGATATCACGAAGAACTCCGATTGCGAAGGCAGCTCACTAGACTGTCACTGACACTGATGCTCGAAAGTGTGGGTATCAA,0.0123912952340339,FALSE,1,0,FALSE,-1,0,0,0,Bacteria,Bacteroidota,Bacteroidia,Bacteroidales,Bacteroidaceae,Bacteroides,NA
ACGGAGGATCCGAGCGTTATCCGGATTTATTGGGTTTAAAGGGAGCGTAGGTGGATTGTTAAGTCAGTTGTGAAAGTTTGCGGCTCAACCGTAAAATTGCAGTTGAAACTGGCAGTCTTGAGTACAGTAGAGGTGGGCGGAATTCGTGGTGTAGCGGTGAAATGCTTAGATATCACGAAGAACTCCGATTGCGAAGGCAGCTCACTAGACTGTTACTGACACTGATGCTCGAAAGTGTGGGTATCAA,0.164889256488074,FALSE,1,0,FALSE,1,0,0,0,Bacteria,Bacteroidota,Bacteroidia,Bacteroidales,Bacteroidaceae,Bacteroides,NA
ACGGAGGATCCGAGCGTTATCCGGATTTATTGGGTTTAAAGGGAGCGTAGGTGGATTGTTAAGTCAGTTGTGAAAGTTTGCGGCTCAACCGTAAAATTGCAGTTGAAACTGGGAGTCTTGAGTACAGTAGAGGTGGGCGGAATTCGTGGTGTAGCGGTGAAATGCTTAGATATCACGAAGAACTCCGATTGCGAAGGCAGCTCACTAGACTGTCACTGACACTGATGCTCGAAAGTGTGGGTATCAA,-0.129815137653192,FALSE,-1,0,FALSE,1,0,0,0,Bacteria,Bacteroidota,Bacteroidia,Bacteroidales,Bacteroidaceae,Bacteroides,ovatus
ACGGAGGATGCAAGCGTTATCCGGATTTATTGGGTTTAAAGGGTGCGTAGGCGGCACGCCAAGTCAGCGGTGAAATTTCCGGGCTCAACCCGGACTGTGCCGTTGAAACTGGCGAGCTAGAGTGCACAAGAGGCAGGCGGAATGCGTGGTGTAGCGGTGAAATGCATAGATATCACGCAGAACCCCGATTGCGAAGGCAGCCTGCTAGGGTGAAACAGACGCTGAGGCACGAAAGCGTGGGTATCGA,NA,NA,NA,0,NA,NA,0,0,0,Bacteria,Bacteroidota,Bacteroidia,Bacteroidales,Barnesiellaceae,Barnesiella,NA
ACGGAGGATGCAAGCGTTATCCGGATTTATTGGGTTTAAAGGGTGCGTAGGCGGCACGCCAAGTCAGCGGTGAAATTTCCGGGCTCAACCCGGACTGTGCCGTTGAAACTGGCGAGCTAGAGTGCACAAGAGGCAGGCGGAATGCGTGGTGTAGCGGTGAAATGCATAGATATCACGCAGAACCCCGATTGCGAAGGCAGCCTGCTAGGGTGCGACAGACGCTGAGGCACGAAAGCGTGGGTATCGA,NA,NA,NA,0,NA,NA,0,0,0,Bacteria,Bacteroidota,Bacteroidia,Bacteroidales,Barnesiellaceae,Barnesiella,NA
ACGGAGGATGCAAGCGTTATCCGGATTTATTGGGTTTAAAGGGTGCGTAGGCGGCACGCCAAGTCAGCGGTGAAATTTCCGGGCTCAACCCGGAGTGTGCCGTTGAAACTGGCGAGCTAGAGTACACAAGAGGCAGGCGGAATGCGTGGTGTAGCGGTGAAATGCATAGATATCACGCAGAACCCCGATTGCGAAGGCAGCCTGCTAGGGTGAAACAGACGCTGAGGCACGAAAGCGTGGGTATCGA,NA,NA,NA,0,TRUE,1,0,0,0,Bacteria,Bacteroidota,Bacteroidia,Bacteroidales,Barnesiellaceae,Barnesiella,NA
ACGGAGGATGCGAGCGTTATCCGGATTTATTGGGTTTAAAGGGAGCGCAGACGGGAGATTAAGTCAGTTGTGAAAGTTTGCGGCTCAACCGTAAAATTGCAGTTGATACTGGTTTCCTTGAGTGCAGTTGAGGCAGGCGGAATTCGTGGTGTAGCGGTGAAATGCTTAGATATCACGAAGAACCCCGATTGCGAAGGCAGCTTGCTAAACTGTAACTGACGTTCATGCTCGAAAGTGTGGGTATCAA,NA,NA,NA,0,TRUE,1,0,0,0,Bacteria,Bacteroidota,Bacteroidia,Bacteroidales,Bacteroidaceae,Bacteroides,coprocola
ACGGAGGATGCGAGCGTTATCCGGATTTATTGGGTTTAAAGGGAGCGCAGACGGGTCGTTAAGTCAGCTGTGAAAGTTTGGGGCTCAACCTTAAAATTGCAGTTGATACTGGCGTCCTTGAGTGCGGTTGAGGTGTGCGGAATTCGTGGTGTAGCGGTGAAATGCTTAGATATCACGAAGAACTCCGATTGCGAAGGCAGCACACTAAGCCGTAACTGACGTTCATGCTCGAAAGTGTGGGTATCAA,NA,NA,NA,0,NA,NA,0,0,0,Bacteria,Bacteroidota,Bacteroidia,Bacteroidales,Bacteroidaceae,Bacteroides,plebeius
ACGGAGGATGCGAGCGTTATCCGGATTTATTGGGTTTAAAGGGAGCGCAGGCTGCGAGGCAAGTCAGCGGTCAAATGTCGGGGCTCAACCCCGGCCTGCCGTTGAAACTGTCCTGCTAGAGTTCGAGTGAGGTATGCGGAATGCGTTGTGTAGCGGTGAAATGCATAGATATGACGCAGAACTCCGATTGCGAAGGCAGCATACCAACTCGCGACTGACGCTGAGGCTCGAAAGCGTGGGTATCGA,NA,NA,NA,0,NA,NA,0,0,0,Bacteria,Bacteroidota,Bacteroidia,Bacteroidales,Muribaculaceae,NA,NA
ACGGAGGATGCGAGCGTTATCCGGATTTATTGGGTTTAAAGGGTGCGTAGGCGGCACGCCAAGTCAGCGGTGAAATTTCCGGGCTCAACCCGGACTGTGCCGTTGAAACTGGCGAGCTAGAGTGCACAAGAGGCAGGCGGAATGCGTGGTGTAGCGGTGAAATGCATAGATATCACGCAGAACCCCGATTGCGAAGGCAGCCTGCTAGGGTGAAACAGACGCTGAGGCACGAAAGCGTGGGTATCGA,NA,NA,NA,0,NA,NA,0,0,0,Bacteria,Bacteroidota,Bacteroidia,Bacteroidales,Barnesiellaceae,Barnesiella,NA
ACGGAGGATGCGAGCGTTATCCGGATTTATTGGGTTTAAAGGGTGCGTAGGCGGCACGCCAAGTCAGCGGTGAAATTTCCGGGCTCAACCCGGAGTGTGCCGTTGAAACTGGCGAGCTAGAGTACACAAGAGGCAGGCGGAATGCGTGGTGTAGCGGTGAAATGCATAGATATCACGCAGAACCCCGATTGCGAAGGCAGCCTGCTAGGGTGAAACAGACGCTGAGGCACGAAAGCGTGGGTATCGA,0.396166800425197,FALSE,1,0,FALSE,-1,0,0,0,Bacteria,Bacteroidota,Bacteroidia,Bacteroidales,Barnesiellaceae,Barnesiella,intestinihominis
ACGGAGGATGCGAGCGTTATCCGGATTTATTGGGTTTAAAGGGTGCGTAGGCGGTTTATTAAGTTAGTGGTTAAATATTTGAGCTAAACTCAATTGTGCCATTAATACTGGTAAACTGGAGTACAGACGAGGTAGGCGGAATAAGTTAAGTAGCGGTGAAATGCATAGATATAACTTAGAACTCCGATAGCGAAGGCAGCTTACCAGACTGTAACTGACGCTGATGCACGAGAGCGTGGGTAGCGA,0.42225690272591,FALSE,1,0,FALSE,1,0,0,0,Bacteria,Bacteroidota,Bacteroidia,Bacteroidales,Marinifilaceae,Odoribacter,splanchnicus
ACGGAGGATGCGAGCGTTATCCGGATTTATTGGGTTTAAAGGGTGCGTAGGTGGTAATTTAAGTCAGCGGTGAAAGTTTGTGGCTCAACCATAAAATTGCCGTTGAAACTGGGTTACTTGAGTGTGTTTGAGGTAGGCGGAATGCGTGGTGTAGCGGTGAAATGCATAGATATCACGCAGAACTCCAATTGCGAAGGCAGCTTACTAAACCATAACTGACACTGAAGCACGAAAGCGTGGGTATCAA,NA,NA,NA,0,NA,NA,0,0,0,Bacteria,Bacteroidota,Bacteroidia,Bacteroidales,Tannerellaceae,Parabacteroides,johnsonii
ACGGAGGATGCGAGCGTTATCCGGATTTATTGGGTTTAAAGGGTGCGTAGGTGGTGATTTAAGTCAGCGGTGAAAGTTTGTGGCTCAACCATAAAATTGCCGTTGAAACTGGGTTACTTGAGTGTGTTTGAGGTAGGCGGAATGCGTGGTGTAGCGGTGAAATGCATAGATATCACGCAGAACTCCGATTGCGAAGGCAGCTTACTAAACCATAACTGACACTGAAGCACGAAAGCGTGGGGATCAA,0.181375697158311,FALSE,1,0,FALSE,-1,0,0,0,Bacteria,Bacteroidota,Bacteroidia,Bacteroidales,Tannerellaceae,Parabacteroides,merdae
ACGGAGGATTCAAGCGTTATCCGGATTTATTGGGTTTAAAGGGTGCGTAGGCGGTTTGATAAGTTAGAGGTGAAATTTCGGGGCTCAACCCTGAACGTGCCTCTAATACTGTTGAGCTAGAGAGTAGTTGCGGTAGGCGGAATGTATGGTGTAGCGGTGAAATGCTTAGAGATCATACAGAACACCGATTGCGAAGGCAGCTTACCAAACTATATCTGACGTTGAGGCACGAAAGCGTGGGGAGCAA,0.234320731074146,FALSE,1,0,FALSE,1,0,0,0,Bacteria,Bacteroidota,Bacteroidia,Bacteroidales,Rikenellaceae,Alistipes,putredinis
ACGGAGGGTGCAAGCGTTAATCGGAATTACTGGGCGTAAAGCGCACGCAGGCGGTCTGTCAAGTCGGATGTGAAATCCCCGGGCTCAACCTGGGAACTGCATTCGAAACTGGCAGGCTAGAGTCTTGTAGAGGGGGGTAGAATTCCAGGTGTAGCGGTGAAATGCGTAGAGATCTGGAGGAATACCGGTGGCGAAGGCGGCCCCCTGGACAAAGACTGACGCTCAGGTGCGAAAGCGTGGGGAGCAA,-0.0269548511564224,FALSE,-1,0,TRUE,1,0,0,0,Bacteria,Proteobacteria,Gammaproteobacteria,Enterobacterales,Enterobacteriaceae,Klebsiella,NA
ACGGAGGGTGCGAGCGTTAATCGGAATAACTGGGCGTAAAGGGCACGCAGGCGGTGACTTAAGTGAGGTGTGAAAGCCCCGGGCTTAACCTGGGAATTGCATTTCATACTGGGTCGCTAGAGTACTTTAGGGAGGGGTAGAATTCCACGTGTAGCGGTGAAATGCGTAGAGATGTGGAGGAATACCGAAGGCGAAGGCAGCCCCTTGGGAATGTACTGACGCTCATGTGCGAAAGCGTGGGGAGCAA,-0.153772262017608,FALSE,-1,0,TRUE,1,0,0,0,Bacteria,Proteobacteria,Gammaproteobacteria,Enterobacterales,Pasteurellaceae,Haemophilus,NA
ACGTAGGATGCAAGCGTTATCCGGATTTACTGGGTGTAAAGGGAGCGCAGGCGGGACTGCAAGTTGGATGTGAAATACCGTGGCTTAACCACGGAACTGCATCCAAAACTGTAGTTCTTGAGTGAAGTAGAGGCAAGCGGAATTCCGAGTGTAGCGGTGAAATGCGTAGATATTCGGAGGAACACCAGTGGCGAAGGCGGCTTGCTGGGCTTTAACTGACGCTGAGGCTCGAAAGTGTGGGGAGCAA,0.483119153710989,FALSE,1,0,TRUE,-1,0,0,0,Bacteria,Firmicutes,Clostridia,Oscillospirales,[Eubacterium] coprostanoligenes group,NA,NA
ACGTAGGGAGCAAGCGTTATCCGGATTTACTGGGTGTAAAGGGCGCGCAGGCGGGCCGGTAAGTTGGAAGTGAAATCTATGGGCTTAACCCATAAACTGCTTTCAAAACTGCTGGTCTTGAGTGATGGAGAGGCAGGCGGAATTCCGTGTGTAGCGGTGAAATGCGTAGATATACGGAGGAACACCAGTGGCGAAGGCGGCCTGCTGGACATTAACTGACGCTGAGGCGCGAAAGCGTGGGGAGCAA,0.641139711082397,FALSE,1,0,FALSE,1,0,0,0,Bacteria,Firmicutes,Clostridia,Oscillospirales,Butyricicoccaceae,Butyricicoccus,NA
ACGTAGGGAGCAAGCGTTATCCGGATTTATTGGGTGTAAAGGGTGCGTAGACGGGAAGGTAAGTTAGTTGTGAAATCCCTCGGCTCAACTGAGGAACTGCGACTAAAACTGCTTTTCTTGAGTGCTGGAGAGGAAAGTGGAATTCCTAGTGTAGCGGTGAAATGCGTAGATATTAGGAGGAACACCAGTGGCGAAGGCGACTTTCTGGACAGTAACTGACGTTGAGGCACGAAAGTGTGGGGAGCAA,NA,NA,NA,0,NA,NA,0,0,0,Bacteria,Firmicutes,Clostridia,Clostridia UCG-014,NA,NA,NA
ACGTAGGGAGCAAGCGTTATCCGGATTTATTGGGTGTAAAGGGTGCGTAGACGGGACAACAAGTTAGTTGTGAAATCCCTCGGCTTAACTGAGGAACTGCAACTAAAACTATTGTTCTTGAGTGTTGGAGAGGAAAGTGGAATTCCTAGTGTAGCGGTGAAATGCGTAGATATTAGGAGGAACACCGGTGGCGAAGGCGACTTTCTGGACAATAACTGACGTTGAGGCACGAAAGTGTGGGGAGCAA,0.37725440293627,FALSE,1,0,NA,NA,0,0,0,Bacteria,Firmicutes,Clostridia,Clostridia UCG-014,NA,NA,NA
ACGTAGGGAGCAAGCGTTGTCCGGATTTACTGGGTGTAAAGGGTGCGTAGGCGGATTGGCAAGTCAGAAGTGAAATCCATGGGCTTAACCCATGAACTGCTTTTGAAACTGTTAGTCTTGAGTGAAGTAGAGGTAGGCGGAATTCCCGGTGTAGCGGTGAAATGCGTAGAGATCGGGAGGAACACCAGTGGCGAAGGCGGCCTACTGGGCTTTAACTGACGCTGAGGCACGAAAGTGTGGGTAGCAA,0.411013468326978,FALSE,1,0,FALSE,-1,0,0,0,Bacteria,Firmicutes,Clostridia,Oscillospirales,Ruminococcaceae,Incertae Sedis,NA
ACGTAGGGAGCAAGCGTTGTCCGGATTTACTGGGTGTAAAGGGTGCGTAGGCGGCTAGGCAAGTCAGACGTGAAAACCATGGGCTCAACCTGTGGACTGCGTTTGAAACTGTTTAGCTTGAGTGAAGTAGAGGTAGGCGGAATTCCCGGTGTAGCGGTGAAATGCGTAGAGATCGGGAGGAACACCAGTGGCGAAGGCGGCCTACTGGGCTTTAACTGACGCTGAGGCACGAAAGCATGGGTAGCAA,-0.0608380068317088,FALSE,-1,0,FALSE,-1,0,0,0,Bacteria,Firmicutes,Clostridia,Oscillospirales,Ruminococcaceae,Incertae Sedis,NA
ACGTAGGGAGCAAGCGTTGTCCGGATTTACTGGGTGTAAAGGGTGCGTAGGCGGCTTTGCAAGTCAGATGTGAAATCTATGGGCTCAACCCATAAACTGCATTTGAAACTGTAGAGCTTGAGTGAAGTAGAGGCAGGCGGAATTCCCCGTGTAGCGGTGAAATGCGTAGAGATGGGGAGGAACACCAGTGGCGAAGGCGGCCTGCTGGGCTTTAACTGACGCTGAGGCACGAAAGCGTGGGTAGCAA,0.0502680554845721,FALSE,1,0,TRUE,-1,0,0,0,Bacteria,Firmicutes,Clostridia,Oscillospirales,Ruminococcaceae,Ruminococcus,bromii
ACGTAGGGAGCGAGCGTTATCCGGATTCATTGGGCGTAAAGAGCGCGTAGGCGGCCTCTCAAGCGGGATCTCTAATCCGAGGGCTCAACCCCCGGCCGGATCCCGAACTGGGAGGCTCGAGTTCGGTAGAGGCAGGCGGAATTCCCGGTGTAGCGGTGGAATGCGCAGATATCGGGAAGAACACCGATGGCGAAGGCAGCCTGCTGGGCCGCAACTGACGCTGAGGCGCGAAAGCTAGGGGAGCGA,-0.00227881500357033,FALSE,-1,0,FALSE,-1,0,0,0,Bacteria,Actinobacteriota,Coriobacteriia,Coriobacteriales,Eggerthellaceae,Eggerthella,lenta
ACGTAGGGAGCGAGCGTTATCCGGATTTACTGGGTGTAAAGGGCGTGTAGGCGGGGAAGCAAGTCAGATGTGAAAACCAGTGGCTCAACCACTGGCCTGCATTTGAAACTGTTTTTCTTGAGTGATGGAGAGGCAGGCGGAATTCCGTGTGTAGCGGTGAAATGCGTAGATATACGGAGGAACACCAGTGGCGAAGGCGGCCTGCTGGACATTAACTGACGCTGAGGCGCGAAAGCGTGGGGAGCAA,-0.0864308629299685,FALSE,-1,0,FALSE,-1,0,0,0,Bacteria,Firmicutes,Clostridia,Oscillospirales,Oscillospiraceae,NA,NA
ACGTAGGGAGCGAGCGTTATCCGGATTTATTGGGTGTAAAGGGTGCGTAGACGGGAAGTCAAGTTAGTTGTGAAATCCCTCGGCTTAACTGAGGAACTGCAACTAAAACTGATTTTCTTGAGTACTGGAGAGGAAAGTGGAATTCCTAGTGTAGCGGTGAAATGCGTAGATATTAGGAGGAACACCGGTGGCGAAGGCGACTTTCTGGACAGAAACTGACGTTGAGGCACGAAAGTGTGGGGAGCAA,NA,NA,NA,0,NA,NA,0,0,0,Bacteria,Firmicutes,Clostridia,Clostridia UCG-014,NA,NA,NA
ACGTAGGGAGCGAGCGTTGTCCGGATTTACTGGGTGTAAAGGGTGCGTAGGCGGCGAGGCAAGTCAGGCGTGAAATCTATGGGCTTAACCCATAAACTGCGCTTGAAACTGTCTTGCTTGAGTGAAGTAGAGGTAGGCGGAATTCCCGGTGTAGCGGTGAAATGCGTAGAGATCGGGAGGAACACCAGTGGCGAAGGCGGCCTACTGGGCTTTAACTGACGCTGAAGCACGAAAGCATGGGTAGCAA,0.276529063373223,FALSE,1,0,FALSE,1,0,0,0,Bacteria,Firmicutes,Clostridia,Oscillospirales,Ruminococcaceae,Incertae Sedis,NA
ACGTAGGGCGCAAGCGTTATCCGGATTTATTGGGCGTAAAGGGCTCGTAGGCGGCTCGTCGCGTCCGGTGTGAAAGTCCATCGCTTAACGGTGGATCTGCGCCGGGTACGGGCGGGCTGGAGTGCGGTAGGGGAGACTGGAATTCCCGGTGTAACGGTGGAATGTGTAGATATCGGGAAGAACACCGATGGCGAAGGCAGGTCTCTGGGCCGTCACTGACGCTGAGGAGCGAAAGCGTGGGGAGCGA,-0.503989292556611,FALSE,-1,0,FALSE,1,0,0,0,Bacteria,Actinobacteriota,Actinobacteria,Bifidobacteriales,Bifidobacteriaceae,Bifidobacterium,bifidum
ACGTAGGGGGCAAGCGTTATCCGGAATTACTGGGTGTAAAGGGAGCGTAGGCGGCATGGTAAGCCAGATGTGAAAGCCTTGGGCTTAACCCGAGGATTGCATTTGGAACTATCAAGCTAGAGTACAGGAGAGGAAAGCGGAATTCCTAGTGTAGCGGTGAAATGCGTAGATATTAGGAAGAACACCAGTGGCGAAGGCGGCTTTCTGGACTGAAACTGACGCTGAGGCTCGAAAGCGTGGGGAGCAA,NA,NA,NA,0,NA,NA,0,0,0,Bacteria,Firmicutes,Clostridia,Lachnospirales,Lachnospiraceae,Tuzzerella,NA
ACGTAGGGGGCAAGCGTTATCCGGAATTACTGGGTGTAAAGGGTGCGTAGGTGGTATGGCAAGTCAGAAGTGAAAACCCAGGGCTTAACTCTGGGACTGCTTTTGAAACTGTCAGACTAGAGTGCAGGAGAGGTAAGCGGAATTCCTAGTGTAGCGGTGAAATGCGTAGATATTAGGAGGAACATCAGTGGCGAAGGCGGCTTACTGGACTGAAACTGACACTGAGGCACGAAAGCGTGGGGAGCAA,0.0705029389740167,FALSE,1,0,FALSE,-1,0,0,0,Bacteria,Firmicutes,Clostridia,Lachnospirales,Lachnospiraceae,Anaerostipes,hadrus
ACGTAGGGGGCAAGCGTTATCCGGAATTACTGGGTGTAAAGGGTGCGTAGGTGGTATGGCAAGTCAGAAGTGAAAACCCAGGGCTTAACTCTGGGACTGCTTTTGAAACTGTCAGACTGGAGTGCAGGAGAGGTAAGCGGAATTCCTAGTGTAGCGGTGAAATGCGTAGATATTAGGAGGAACATCAGTGGCGAAGGCGGCTTACTGGACTGAAACTGACACTGAGGCACGAAAGCGTGGGGAGCAA,-0.0363633329959091,FALSE,-1,0,FALSE,-1,0,0,0,Bacteria,Firmicutes,Clostridia,Lachnospirales,Lachnospiraceae,Anaerostipes,hadrus
ACGTAGGGGGCAAGCGTTATCCGGATTTACTGGGTGTAAAGGGAGCGTAGACGGACTGGCAAGTCTGATGTGAAAGGCGGGGGCTCAACCCCTGGACTGCATTGGAAACTGTTAGTCTTGAGTGCCGGAGAGGTAAGCGGAATTCCTAGTGTAGCGGTGAAATGCGTAGATATTAGGAGGAACACCAGTGGCGAAGGCGGCTTACTGGACGGTAACTGACGTTGAGGCTCGAAAGCGTGGGGAGCAA,0.05183030469325,FALSE,1,0,FALSE,1,0,0,0,Bacteria,Firmicutes,Clostridia,Lachnospirales,Lachnospiraceae,Blautia,obeum
ACGTAGGGGGCAAGCGTTATCCGGATTTACTGGGTGTAAAGGGAGCGTAGACGGAGCAGCAAGTCTGATGTGAAAACCCGGGGCTCAACCCCGGGACTGCATTGGAAACTGTTGATCTGGAGTGCCGGAGAGGTAAGCGGAATTCCTAGTGTAGCGGTGAAATGCGTAGATATTAGGAGGAACACCAGTGGCGAAGGCGGCTTACTGGACGGTAACTGACGTTGAGGCTCGAAAGCGTGGGGAGCAA,-0.148688680202197,FALSE,-1,0,FALSE,-1,0,0,0,Bacteria,Firmicutes,Clostridia,Lachnospirales,Lachnospiraceae,[Ruminococcus] torques group,NA
ACGTAGGGGGCAAGCGTTATCCGGATTTACTGGGTGTAAAGGGAGCGTAGACGGAGCAGCAAGTCTGATGTGAAAGGCGGGGGCTCAACCCCCGGACTGCATTGGAAACTGTTGATCTTGAGTACCGGAGAGGTAAGCGGAATTCCTAGTGTAGCGGTGAAATGCGTAGATATTAGGAGGAACACCAGTGGCGAAGGCGGCTTACTGGACGGTAACTGACGTTGAGGCTCGAAAGCGTGGGGAGCAA,NA,NA,NA,0,NA,NA,0,0,0,Bacteria,Firmicutes,Clostridia,Lachnospirales,Lachnospiraceae,Blautia,caecimuris
ACGTAGGGGGCAAGCGTTATCCGGATTTACTGGGTGTAAAGGGAGCGTAGACGGATTAGCAAGTCTGATGTGAAAGGCAGGGGCTCAACCCCTGGACTGCATTGGAAACTGCCAGTCTTGAGTGCCGGAGAGGTAAGCGGAATTCCTAGTGTAGCGGTGAAATGCGTAGATATTAGGAGGAACACCAGTGGCGAAGGCGGCTTACTGGACGGCAACTGACGTTGAGGCTCGAAAGCGTGGGGAGCAA,-0.145038840817463,FALSE,-1,0,FALSE,-1,0,0,0,Bacteria,Firmicutes,Clostridia,Lachnospirales,Lachnospiraceae,Blautia,NA
ACGTAGGGGGCAAGCGTTATCCGGATTTACTGGGTGTAAAGGGAGCGTAGACGGCACAGCAAGTCTGATGTGAAAGCCCGGGGCCCAACCCCGGAACTGCATTGGAAACTGCTGGGCTTGAGTGCAGGAGAGGTAAGCGGAATTCCTAGTGTAGCGGTGAAATGCGTAGATATTAGGAGGAACACCAGTGGCGAAGGCGGCTTACTGGACTGTAACTGACGTTGAGGCTCGAAAGCGTGGGGAGCAA,-0.326400415363257,FALSE,-1,0,FALSE,1,0,0,0,Bacteria,Firmicutes,Clostridia,Lachnospirales,Lachnospiraceae,NA,NA
ACGTAGGGGGCAAGCGTTATCCGGATTTACTGGGTGTAAAGGGAGCGTAGACGGCATGGCAAGCCAGATGTGAAAGCCCGGGGCTCAACCCCGGGACTGCATTTGGAACTGTCAGGCTAGAGTGTCGGAGAGGAAAGCGGAATTCCTAGTGTAGCGGTGAAATGCGTAGATATTAGGAGGAACACCAGTGGCGAAGGCGGCTTTCTGGACGATGACTGACGTTGAGGCTCGAAAGCGTGGGGAGCAA,-0.0987204079384814,FALSE,-1,0,FALSE,-1,0,0,0,Bacteria,Firmicutes,Clostridia,Lachnospirales,Lachnospiraceae,[Ruminococcus] gnavus group,NA
ACGTAGGGGGCAAGCGTTATCCGGATTTACTGGGTGTAAAGGGAGCGTAGACGGCATGGCAAGTCTGAAGTGAAAGCCCGGGGCTCAACCCCGGGACTGCTTTGGAAACTGTCAGGCTAGAGTGCTGGAGAGGTAAGTGGAATTCCTAGTGTAGCGGTGAAATGCGTAGATATTAGGAGGAACACCAGTGGCGAAGGCGGCTTACTGGACAGTGACTGACGTTGAGGCTCGAAAGCGTGGGGAGCAA,NA,NA,NA,0,NA,NA,0,0,0,Bacteria,Firmicutes,Clostridia,Lachnospirales,Lachnospiraceae,Lachnoclostridium,NA
ACGTAGGGGGCAAGCGTTATCCGGATTTACTGGGTGTAAAGGGAGCGTAGACGGCGATGCAAGCCAGATGTGAAAGCCCGGGGCTCAACCCCGGGACTGCATTTGGAACTGCGTGGCTGGAGTGTCGGAGAGGCAGGCGGAATTCCTAGTGTAGCGGTGAAATGCGTAGATATTAGGAGGAACACCAGTGGCGAAGGCGGCCTGCTGGACGATGACTGACGTTGAGGCTCGAAAGCGTGGGGAGCAA,-0.464237437092907,FALSE,-1,0,FALSE,-1,0,0,0,Bacteria,Firmicutes,Clostridia,Lachnospirales,Lachnospiraceae,Lachnoclostridium,NA
ACGTAGGGGGCAAGCGTTATCCGGATTTACTGGGTGTAAAGGGAGCGTAGACGGCGCAGCAAGTCTGATGTGAAAGGCAGGGGCTTAACCCCTGGACTGCATTGGAAACTGCTGTGCTTGAGTGCCGGAGGGGTAAGCGGAATTCCTAGTGTAGCGGTGAAATGCGTAGATATTAGGAGGAACACCAGTGGCGAAGGCGGCTTACTGGACGGTAACTGACGTTGAGGCTCGAAAGCGTGGGGAGCAA,0.131157088625633,FALSE,1,0,FALSE,1,0,0,0,Bacteria,Firmicutes,Clostridia,Lachnospirales,Lachnospiraceae,Blautia,faecis
ACGTAGGGGGCAAGCGTTATCCGGATTTACTGGGTGTAAAGGGAGCGTAGACGGCGGAGCAAGTCTGAAGTGAAAGCCCGGGGCTCAACCCCGGGACTGCTTTGGAAACTGTTCTGCTAGAGTGCTGGAGAGGTAAGTGGAATTCCTAGTGTAGCGGTGAAATGCGTAGATATTAGGAGGAACACCAGTGGCGAAGGCGGCTTACTGGACAGTAACTGACGTTGAGGCTCGAAAGCGTGGGGAGCAA,NA,NA,NA,0,NA,NA,0,0,0,Bacteria,Firmicutes,Clostridia,Lachnospirales,Lachnospiraceae,Lachnoclostridium,NA
ACGTAGGGGGCAAGCGTTATCCGGATTTACTGGGTGTAAAGGGAGCGTAGACGGTAAAGCAAGTCTGAAGTGAAAGCCCGCGGCTCAACTGCGGGACTGCTTTGGAAACTGTTTAACTGGAGTGTCGGAGAGGTAAGTGGAATTCCTAGTGTAGCGGTGAAATGCGTAGATATTAGGAGGAACACCAGTGGCGAAGGCGACTTACTGGACGATAACTGACGTTGAGGCTCGAAAGCGTGGGGAGCAA,0.0951546927924779,FALSE,1,0,FALSE,1,0,0,0,Bacteria,Firmicutes,Clostridia,Lachnospirales,Lachnospiraceae,Lachnoclostridium,NA
ACGTAGGGGGCAAGCGTTATCCGGATTTACTGGGTGTAAAGGGAGCGTAGACGGTTTTGCAAGTCTGAAGTGAAAGCCCGGGGCTTAACCCCGGGACTGCTTTGGAAACTGTAGAACTAGAGTGCAGGAGAGGTAAGTGGAATTCCTAGTGTAGCGGTGAAATGCGTAGATATTAGGAGGAACACCAGTGGCGAAGGCGGCTTACTGGACTGTAACTGACGTTGAGGCTCGAAAGCGTGGGGAGCAA,-0.0924494776866116,FALSE,-1,0,FALSE,-1,0,0,0,Bacteria,Firmicutes,Clostridia,Lachnospirales,Lachnospiraceae,Lachnospiraceae NK4A136 group,bacterium
ACGTAGGGGGCAAGCGTTATCCGGATTTACTGGGTGTAAAGGGTGCGTAGGTGGCAAGGCAAGTCAGATGTGAAAGCCCGGGGCTCAACCCCGGTACTGCATTTGAAACTGTCTAGCTAGAGTGCAGGAGAGGTAAGCGGAATTCCTAGTGTAGCGGTGAAATGCGTAGATATTAGGAGGAACACCAGTGGCGAAGGCGGCTTACTGGACTGTAACTGACACTGAGGCACGAAAGCGTGGGGAGCAA,-0.214147389793611,FALSE,-1,0,FALSE,-1,0,0,0,Bacteria,Firmicutes,Clostridia,Lachnospirales,Lachnospiraceae,[Eubacterium] xylanophilum group,NA
ACGTAGGGGGCAAGCGTTGTCCGGAATAATTGGGCGTAAAGGGCGCGTAGGCGGCTCGGTAAGTCTGGAGTGAAAGTCCTGCTTTTAAGGTGGGAATTGCTTTGGATACTGTCGGGCTTGAGTGCAGGAGAGGTTAGTGGAATTCCCAGTGTAGCGGTGAAATGCGTAGAGATTGGGAGGAACACCAGTGGCGAAGGCGACTAACTGGACTGTAACTGACGCTGAGGCGCGAAAGTGTGGGGAGCAA,0.0760133715285425,FALSE,1,0,TRUE,-1,0,0,0,Bacteria,Firmicutes,Clostridia,Christensenellales,Christensenellaceae,Christensenellaceae R-7 group,NA
ACGTAGGGGGCAAGCGTTGTCCGGAATGATTGGGCGTAAAGGGCGCGTAGGCGGCCAACTAAGTCTGGAGTGAAAGTCCTGCTTTTAAGGTGGGAATTGCTTTGGAAACTGGATGGCTTGAGTGCAGGAGAGGTAAGCGGAATTCCCGGTGTAGCGGTGAAATGCGTAGAGATCGGGAGGAACACCAGTGGCGAAGGCGGCTTACTGGACTGTAACTGACGCTGAGGCGCGAAAGTGTGGGGAGCAA,NA,NA,NA,0,FALSE,1,0,0,0,Bacteria,Firmicutes,Clostridia,Christensenellales,Christensenellaceae,Christensenellaceae R-7 group,NA
ACGTAGGGGGCAAGCGTTGTCCGGAATTACTGGGTGTAAAGGGAGCGCAGGCGGAGAAGCAAGTCAGTGGTGAAAACGATGGGCTTAACTCATCGACTGCCATTGAAACTGTTTCCCTTGAGTGAAGTAGAGGCAGGCGGAATTCCGAGTGTAGCGGTGAAATGCGTAGATATTCGGAGGAACACCAGTGGCGAAGGCGGCCTGCTGGGCTTTAACTGACGCTGAGGCTCGAAAGTGTGGGGAGCAA,0.18350895612756,FALSE,1,0,TRUE,-1,0,0,0,Bacteria,Firmicutes,Clostridia,Oscillospirales,[Eubacterium] coprostanoligenes group,NA,NA
ACGTAGGGGGCGAGCGTTATCCGGAATTATTGGGCGTAAAGAGTGCGTAGGTGGTAACTTAAGCGCGGGGTTTAAGGCAATGGCTTAACCATTGTTCGCCCTGCGAACTGGGATACTTGAGTGCAGGAGAGGAAAGCGGAATTCCTAGTGTAGCGGTGAAATGCGTAGATATTAGGAGGAACACCAGTGGCGAAGGCGGCTTTCTGGACTGAAACTGACACTGAGGCACGAAAGTGTGGGGAGCAA,-0.0325385951837498,FALSE,-1,0,FALSE,-1,0,0,0,Bacteria,Firmicutes,Clostridia,Peptostreptococcales-Tissierellales,Anaerovoracaceae,Family XIII AD3011 group,NA
ACGTAGGGGGCGAGCGTTATCCGGATTCATTGGGCGTAAAGCGCGCGTAGGCGGCCCGGCAGGCAGGGGGTCAAATGGCGGGGCTCAACCCCGTCCCGCCCCCTGAACCGCCGGGCTCGGGTCCGGTAGGGGAGGGTGGAACACCCGGTGTAGCGGTGGAATGCGCAGATATCGGGTGGAACACCGGTGGCGAAGGCGGCCCTCTGGGCCGAGACCGACGCTGAGGCGCGAAAGCTGGGGGAGCGA,NA,NA,NA,0,NA,NA,0,0,0,Bacteria,Actinobacteriota,Coriobacteriia,Coriobacteriales,Coriobacteriaceae,Collinsella,NA
ACGTAGGGGGCGAGCGTTGTCCGGAATGATTGGGCGTAAAGGGCGCGTAGGCGGCCTGCTAAGTCTGGAGTGAAAGTCCTGCTTTCAAGGTGGGAATTGCTTTGGATACTGGTGGGCTGGAGTGCAGGAGAGGAAAGCGGAATTACCGGTGTAGCGGTGAAATGCGTAGAGATCGGTAGGAACACCAGTGGCGAAGGCGGCTTTCTGGACTGAAACTGACGCTGAGGCGCGAAAGCGTGGGGAGCAA,0.158307722645664,FALSE,1,0,FALSE,-1,0,0,0,Bacteria,Firmicutes,Clostridia,Christensenellales,Christensenellaceae,Christensenellaceae R-7 group,NA
ACGTAGGGGGCGAGCGTTGTCCGGAATTACTGGGCGTAAAGGGAGCGTAGGCGGTCGATTAAGTTAGATGTGAAACCCCCGGGCTTAACTTGGGGACTGCATCTAATACTGGTTGACTTAGAGTACAGGAGAGGGAAGCGGAATTCCTAGTGTAGCGGTGAAATGCGTAGATATTAGGAGGAACACCAGTGGCGAAGGCGGCTTTCTGGACTGACACTGACGCTGAGGCTCGAAAGCGTGGGGAGCAA,NA,NA,NA,0,FALSE,-1,0,0,0,Bacteria,Firmicutes,Clostridia,Christensenellales,Christensenellaceae,NA,NA
ACGTAGGGGGCTAGCGTTATCCGGAATTACTGGGCGTAAAGGGTGCGTAGGTGGTTTCTTAAGTCAGAGGTGAAAGGCTACGGCTCAACCGTAGTAAGCCTTTGAAACTGGGAAACTTGAGTGCAGGAGAGGAGAGTGGAATTCCTAGTGTAGCGGTGAAATGCGTAGATATTAGGAGGAACACCAGTTGCGAAGGCGGCTCTCTGGACTGTAACTGACACTGAGGCACGAAAGCGTGGGGAGCAA,0.0182500753245309,FALSE,1,0,FALSE,1,0,0,0,Bacteria,Firmicutes,Clostridia,Peptostreptococcales-Tissierellales,Peptostreptococcaceae,Romboutsia,NA
ACGTAGGGTGCAAGCGTTATCCGGAATTATTGGGCGTAAAGGGCTCGTAGGCGGTTCGTCGCGTCCGGTGTGAAAGTCCATCGCTTAACGGTGGATCTGCGCCGGGTACGGGCGGGCTGGAGTGCGGTAGGGGAGACTGGAATTCCCGGTGTAACGGTGGAATGTGTAGATATCGGGAAGAACACCAATGGCGAAGGCAGGTCTCTGGGCCGTTACTGACGCTGAGGAGCGAAAGCGTGGGGAGCGA,-0.191936312891101,FALSE,-1,0,FALSE,1,0,0,0,Bacteria,Actinobacteriota,Actinobacteria,Bifidobacteriales,Bifidobacteriaceae,Bifidobacterium,NA
ACGTAGGGTGCAAGCGTTGTCCGGAATTACTGGGTGTAAAGGGAGCGCAGGCGGACCGGCAAGTTGGAAGTGAAAACTATGGGCTCAACCCATAAATTGCTTTCAAAACTGCTGGCCTTGAGTAGTGCAGAGGTAGGTGGAATTCCCGGTGTAGCGGTGGAATGCGTAGATATCGGGAGGAACACCAGTGGCGAAGGCGACCTACTGGGCACCAACTGACGCTGAGGCTCGAAAGCATGGGTAGCAA,0.418324335163512,FALSE,1,0,FALSE,-1,0,0,0,Bacteria,Firmicutes,Clostridia,Oscillospirales,Ruminococcaceae,Subdoligranulum,NA
ACGTAGGGTGCAAGCGTTGTCCGGAATTACTGGGTGTAAAGGGAGCGCAGGCGGACCGGCAAGTTGGAAGTGAAAACTATGGGCTTAACCCATAAATTGCTTTCAAAACTGCTGGCCTTGAGTAGTGCAGAGGTAGGTGGAATTCCCGGTGTAGCGGTGGAATGCGTAGATATCGGGAGGAACACCAGTGGCGAAGGCGACCTACTGGGCACCAACTGACGCTGAGGCTCGAAAGCATGGGTAGCAA,NA,NA,NA,0,NA,NA,0,0,0,Bacteria,Firmicutes,Clostridia,Oscillospirales,Ruminococcaceae,Subdoligranulum,NA
ACGTAGGGTGCAAGCGTTGTCCGGAATTACTGGGTGTAAAGGGAGCGCAGGCGGACCGGCAAGTTGGAAGTGAAATCCATGGGCTCAACCCGTGAATTGCTTTCAAAACTGCTGGCCTTGAGTAGTGCAGAGGTAGGTGGAATTCCCGGTGTAGCGGTGGAATGCGTAGATATCGGGAGGAACACCAGTGGCGAAGGCGACCTACTGGGCACCAACTGACGCTGAGGCTCGAAAGCATGGGTAGCAA,0.012175694105321,FALSE,1,0,FALSE,1,0,0,0,Bacteria,Firmicutes,Clostridia,Oscillospirales,Ruminococcaceae,Subdoligranulum,NA
ACGTAGGGTGCAAGCGTTGTCCGGAATTACTGGGTGTAAAGGGAGCGCAGGCGGGAAGACAAGTTGGAAGTGAAAACCATGGGCTCAACCCATGAATTGCTTTCAAAACTGTTTTTCTTGAGTAGTGCAGAGGTAGATGGAATTCCCGGTGTAGCGGTGGAATGCGTAGATATCGGGAGGAACACCAGTGGCGAAGGCGGTCTACTGGGCACCAACTGACGCTGAGGCTCGAAAGCATGGGTAGCAA,-0.37177971108241,FALSE,-1,0,FALSE,-1,0,0,0,Bacteria,Firmicutes,Clostridia,Oscillospirales,Ruminococcaceae,Subdoligranulum,NA
ACGTAGGGTGCGAGCGTTAATCGGAATTACTGGGCGTAAAGGGTGCGCAGGCGGTTGAGTAAGACAGATGTGAAATCCCCGAGCTTAACTCGGGAATGGCATATGTGACTGCTCGACTAGAGTGTGTCAGAGGGAGGTGGAATTCCACGTGTAGCAGTGAAATGCGTAGATATGTGGAAGAACACCGATGGCGAAGGCAGCCTCCTGGGACATAACTGACGCTCAGGCACGAAAGCGTGGGGAGCAA,-0.302782427090152,FALSE,-1,0,FALSE,1,0,0,0,Bacteria,Proteobacteria,Gammaproteobacteria,Burkholderiales,Sutterellaceae,Parasutterella,excrementihominis
ACGTAGGTCACAAGCGTTGTCCGGAATTACTGGGTGTAAAGGGAGCGCAGGCGGGAAGGCAAGTTGGAAGTGAAATCCATGGGCTCAACCCATGAACTGCTTTCAAAACTGTTTTTCTTGAGTAGTGCAGAGGTAGGCGGAATTCCCGGTGTAGCGGTGGAATGCGTAGATATCGGGAGGAACACCAGTGGCGAAGGCGGCCTACTGGGCACCAACTGACGCTGAGGCTCGAAAGTGTGGGTAGCAA,NA,NA,NA,0,NA,NA,0,0,0,Bacteria,Firmicutes,Clostridia,Oscillospirales,Ruminococcaceae,Faecalibacterium,prausnitzii
ACGTAGGTCACAAGCGTTGTCCGGAATTACTGGGTGTAAAGGGAGCGCAGGCGGGAGAACAAGTTGGAAGTGAAATCCATGGGCTCAACCCATGAACTGCTTTCAAAACTGTTTTTCTTGAGTAGTGCAGAGGTAGGCGGAATTCCCGGTGTAGCGGTGGAATGCGTAGATATCGGGAGGAACACCAGTGGCGAAGGCGGCCTACTGGGCACCAACTGACGCTGAGGCTCGAAAGTGTGGGTAGCAA,-0.0653349050808787,FALSE,-1,0,FALSE,-1,0,0,0,Bacteria,Firmicutes,Clostridia,Oscillospirales,Ruminococcaceae,Faecalibacterium,prausnitzii
ACGTAGGTCACAAGCGTTGTCCGGAATTACTGGGTGTAAAGGGAGCGCAGGCGGGCGATCAAGTTGGAAGTGAAATCCATGGGCTCAACCCATGAACTGCTTTCAAAACTGGTCGTCTTGAGTAGTGCAGAGGTAGGCGGAATTCCCGGTGTAGCGGTGGAATGCGTAGATATCGGGAGGAACACCAGTGGCGAAGGCGGCCTACTGGGCACCAACTGACGCTGAGGCTCGAAAGTGTGGGTAGCAA,-0.0471918063528675,FALSE,-1,0,FALSE,-1,0,0,0,Bacteria,Firmicutes,Clostridia,Oscillospirales,Ruminococcaceae,Faecalibacterium,NA
ACGTAGGTCCCGAGCGTTATCCGGATTTATTGGGCGTAAAGCGAGCGCAGGCGGTTAGATAAGTCTGAAGTTAAAGGCTGTGGCTTAACCATAGTACGCTTTGGAAACTGTTTAACTTGAGTGCAGAAGGGGAGAGTGGAATTCCATGTGTAGCGGTGAAATGCGTAGATATATGGAGGAACACCGGTGGCGAAAGCGGCTCTCTGGTCTGTAACTGACGCTGAGGCTCGAAAGCGTGGGGAGCAA,0.17789060269189,FALSE,1,0,FALSE,1,0,0,0,Bacteria,Firmicutes,Bacilli,Lactobacillales,Streptococcaceae,Streptococcus,NA
ACGTAGGTCCCGAGCGTTGTCCGGATTTATTGGGCGTAAAGCGAGCGCAGGCGGTTTGATAAGTCTGAAGTTAAAGGCTGTGGCTCAACCATAGTTCGCTTTGGAAACTGTCAAACTTGAGTGCAGAAGGGGAGAGTGGAATTCCATGTGTAGCGGTGAAATGCGTAGATATATGGAGGAACACCGGTGGCGAAAGCGGCTCTCTGGTCTGTAACTGACGCTGAGGCTCGAAAGCGTGGGGAGCGA,0.149777498730499,FALSE,1,0,FALSE,1,0,0,0,Bacteria,Firmicutes,Bacilli,Lactobacillales,Streptococcaceae,Streptococcus,NA
ACGTAGGTGACAAGCGTTGTCCGGATTTACTGGGTGTAAAGGGCGCGTAGGCGGACTGTCAAGTCAGTCGTGAAATACCGGGGCTTAACCCCGGGGCTGCGATTGAAACTGACAGCCTTGAGTATCGGAGAGGAAAGCGGAATTCCTAGTGTAGCGGTGAAATGCGTAGATATTAGGAGGAACACCAGTGGCGAAGGCGGCTTTCTGGACGACAACTGACGCTGAGGCGCGAAAGTGTGGGGAGCAA,0.436034779773213,FALSE,1,0,FALSE,1,0,0,0,Bacteria,Firmicutes,Clostridia,Monoglobales,Monoglobaceae,Monoglobus,NA
ACGTAGGTGGCAAGCGTTGTCCGGAATTACTGGGTGTAAAGGGAGCGCAGGCGGGAAGCCAAGTCAGCTGTGAAAACTACAGGCTTAACTTGTAGACTGCAGTTGAAACTGGTTTTCTTGAGTGAAGTAGAGGTTGGCGGAATTCCGAGTGTAGCGGTGAAATGCGTAGATATTCGGAGGAACACCGGTGGCGAAGGCGGCCAACTGGGCTTTAACTGACGCTGAGGCTCGAAAGTGTGGGGAGCAA,NA,NA,NA,0,NA,NA,0,0,0,Bacteria,Firmicutes,Clostridia,Oscillospirales,[Eubacterium] coprostanoligenes group,NA,NA
ACGTAGGTGGCAAGCGTTGTCCGGAATTACTGGGTGTAAAGGGAGCGCAGGCGGGAGAGCAAGTTGGAAGTGAAATCTGTGGGCTCAACTCACAAATTGCTTTCAAAACTGTTTTTCTTGAGTGGTGTAGAGGTAGGCGGAATTCCCGGTGTAGCGGTGGAATGCGTAGATATCGGGAGGAACACCAGTGGCGAAGGCGGCCTACTGGGCACTAACTGACGCTGAGGCTCGAAAGCATGGGTAGCAA,NA,NA,NA,0,TRUE,1,0,0,0,Bacteria,Firmicutes,Clostridia,Oscillospirales,Ruminococcaceae,Fournierella,NA
ACGTAGGTGGCAAGCGTTGTCCGGAATTACTGGGTGTAAAGGGAGCGCAGGCGGGAGAGCAAGTTGGGAGTGAAATCTGTGGGCTCAACCCACAAATTGCTTTCAAAACTGTTTTTCTTGAGTGGTGTAGAGGTAGGCGGAATTCCCGGTGTAGCGGTGGAATGCGTAGATATCGGGAGGAACACCAGTGGCGAAGGCGGCCTACTGGGCACTAACTGACGCTGAGGCTCGAAAGCATGGGTAGCAA,NA,NA,NA,0,TRUE,1,0,0,0,Bacteria,Firmicutes,Clostridia,Oscillospirales,Ruminococcaceae,NA,NA
ACGTAGGTGGCAAGCGTTGTCCGGAATTACTGGGTGTAAAGGGAGCGTAGGCGGGATGCCAAGTCAGCTGTGAAAACTATGGGCTTAACCCGTAGACTGCAGTTGAAACTGGTATTCTTGAGTGAAGTAGAGGTTGGCGGAATTCCGAGTGTAGCGGTGAAATGCGTAGATATTCGGAGGAACACCGGTGGCGAAGGCGGCCAACTGGGCTTTAACTGACGCTGAGGCTCGAAAGTGTGGGGAGCAA,NA,NA,NA,0,NA,NA,0,0,0,Bacteria,Firmicutes,Clostridia,Oscillospirales,[Eubacterium] coprostanoligenes group,NA,NA
ACGTAGGTGGCAAGCGTTGTCCGGAATTACTGGGTGTAAAGGGAGCGTAGGCGGGATGCCAAGTCAGCTGTGAAAACTATGGGCTTAACCTGTAGACTGCAGTTGAAACTGGTATTCTTGAGTGAAGTAGAGGTTGGCGGAATTCCGAGTGTAGCGGTGAAATGCGTAGATATTCGGAGGAACACCGGTGGCGAAGGCGGCCAACTGGGCTTTAACTGACGCTGAGGCTCGAAAGTGTGGGGAGCAA,NA,NA,NA,0,NA,NA,0,0,0,Bacteria,Firmicutes,Clostridia,Oscillospirales,[Eubacterium] coprostanoligenes group,NA,NA
ACGTAGGTGGCAAGCGTTGTCCGGAATTACTGGGTGTAAAGGGAGCGTAGGCGGGATGCCAAGTCAGCTGTGAAAACTATGGGCTTAACTTGTAGACTGCAGTTGAAACTGGTATTCTTGAGTGAAGTAGAGGTTGGCGGAATTCCGAGTGTAGCGGTGAAATGCGTAGATATTCGGAGGAACACCGGTGGCGAAGGCGGCCAACTGGGCTTTAACTGACGCTGAGGCTCGAAAGTGTGGGGAGCAA,NA,NA,NA,0,NA,NA,0,0,0,Bacteria,Firmicutes,Clostridia,Oscillospirales,[Eubacterium] coprostanoligenes group,NA,NA
ACGTAGGTGGCAAGCGTTGTCCGGAATTACTGGGTGTAAAGGGAGCGTAGGCGGGCAGGCAAGTCAGGCGTGAAATATATCGGCTCAACCGGTAACGGCGCTTGAAACTGCAGGTCTTGAGTGAAGTAGAGGTTGGCGGAATTCCTAGTGTAGCGGTGAAATGCGTAGATATTAGGAGGAACACCAGTGGCGAAGGCGGCCAACTGGGCTTTTACTGACGCTGAGGCTCGAAAGTGTGGGGAGCAA,NA,NA,NA,0,FALSE,-1,0,0,0,Bacteria,Firmicutes,Clostridia,Oscillospirales,Ruminococcaceae,NA,NA
ACGTAGGTGGCAAGCGTTGTCCGGAATTACTGGGTGTAAAGGGAGCGTAGGCGGGGAGACAAGTTGAATGTCTAAACTATCGGCTTAACTGATAGTCGCGTTCAAAACTATCACTCTTGAGTGCAGTAGAGGTAGGCGGAATTCCTAGTGTAGCGGTGAAATGCGTAGATATTAGGAGGAACACCAGTGGCGAAGGCGGCCTACTGGGCTGTAACTGACGCTGAGGCTCGAAAGCGTGGGTAGCAA,NA,NA,NA,0,TRUE,1,0,0,0,Bacteria,Firmicutes,Clostridia,Oscillospirales,Ruminococcaceae,Negativibacillus,massiliensis
ACGTAGGTGGCAAGCGTTGTCCGGAATTACTGGGTGTAAAGGGAGCGTAGGCGGGGAGGCAAGTTGAATGTCTAAACTATCGGCTCAACTGATAGTCGCGTTCAAAACTGCCACTCTTGAGTGCAGTAGAGGTAGGCGGAATTCCTAGTGTAGCGGTGAAATGCGTAGATATTAGGAGGAACACCAGTGGCGAAGGCGGCCTACTGGGCTGTAACTGACGCTGAGGCTCGAAAGCGTGGGTAGCAA,0.0326451816683322,FALSE,1,0,TRUE,-1,0,0,0,Bacteria,Firmicutes,Clostridia,Oscillospirales,Ruminococcaceae,Negativibacillus,NA
ACGTAGGTGGCAAGCGTTGTCCGGAATTATTGGGCGTAAAGCGCGCGCAGGCGGATAGGTCAGTCTGTCTTAAAAGTTCGGGGCTTAACCCCGTGATGGGATGGAAACTGCCAATCTAGAGTATCGGAGAGGAAAGTGGAATTCCTAGTGTAGCGGTGAAATGCGTAGATATTAGGAAGAACACCAGTGGCGAAGGCGACTTTCTGGACGAAAACTGACGCTGAGGCGCGAAAGCCAGGGGAGCGA,0.0115090930014354,FALSE,1,0,FALSE,1,0,0,0,Bacteria,Firmicutes,Negativicutes,Veillonellales-Selenomonadales,Veillonellaceae,Veillonella,NA
ACGTAGGTGGCAAGCGTTGTCCGGAATTATTGGGCGTAAAGCGCGCGCAGGCGGCTTCTTAAGTCCATCTTAAAAGTGCGGGGCTTAACCCCGTGATGGGATGGAAACTGAGAGGCTGGAGTATCGGAGAGGAAAGTGGAATTCCTAGTGTAGCGGTGAAATGCGTAGAGATTAGGAAGAACACCGGTGGCGAAGGCGACTTTCTGGACGACAACTGACGCTGAGGCGCGAAAGCGTGGGGAGCAA,NA,NA,NA,0,NA,NA,0,0,0,Bacteria,Firmicutes,Negativicutes,Veillonellales-Selenomonadales,Veillonellaceae,Dialister,NA
ACGTAGGTGGCAAGCGTTGTCCGGAATTATTGGGCGTAAAGCGCGCGCAGGCGGCTTCTTAAGTCCATCTTAAAAGTGCGGGGCTTAACCCCGTGATGGGATGGAAACTGGGAGGCTGGAGTATCGGAGAGGAAAGTGGAATTCCTAGTGTAGCGGTGAAATGCGTAGAGATTAGGAAGAACACCGGTGGCGAAGGCGACTTTCTGGACGACAACTGACGCTGAGGCGCGAAAGCGTGGGGAGCAA,NA,NA,NA,0,NA,NA,0,0,0,Bacteria,Firmicutes,Negativicutes,Veillonellales-Selenomonadales,Veillonellaceae,Dialister,NA
ACGTAGGTGGCAAGCGTTGTCCGGATTTACTGGGCGTAAAGGGAGCGTAGGCGGACTTTTAAGTGAGATGTGAAATACCCGGGCTCAACTTGGGTGCTGCATTTCAAACTGGAAGTCTAGAGTGCAGGAGAGGAGAATGGAATTCCTAGTGTAGCGGTGAAATGCGTAGAGATTAGGAAGAACACCAGTGGCGAAGGCGATTCTCTGGACTGTAACTGACGCTGAGGCTCGAAAGCGTGGGGAGCAA,-0.0498281020099162,FALSE,-1,0,NA,NA,0,0,0,Bacteria,Firmicutes,Clostridia,Clostridiales,Clostridiaceae,Clostridium sensu stricto 1,NA
ACGTAGGTGGCAAGCGTTGTCCGGATTTACTGGGTGTAAAGGGCGTGTAGCCGGGAAGGCAAGTCAGATGTGAAATCCACGGGCTTAACTCGTGAACTGCATTTGAAACTACTTTTCTTGAGTATCGGAGAGGCAATCGGAATTCCTAGTGTAGCGGTGAAATGCGTAGATATTAGGAGGAACACCAGTGGCGAAGGCGGATTGCTGGACGACAACTGACGGTGAGGCGCGAAAGCGTGGGGAGCAA,NA,NA,NA,0,FALSE,1,0,0,0,Bacteria,Firmicutes,Clostridia,Oscillospirales,Oscillospiraceae,UCG-002,NA
ACGTAGGTGGCAAGCGTTGTCCGGATTTACTGGGTGTAAAGGGCGTGTAGCCGGGAAGGCAAGTCAGATGTGAAATCCACGGGCTTAACTCGTGAACTGCATTTGAAACTGTTTTTCTTGAGTATCGGAGAGGCAATCGGAATTCCTAGTGTAGCGGTGAAATGCGTAGATATTAGGAGGAACACCAGTGGCGAAGGCGGATTGCTGGACGACAACTGACGGTGAGGCGCGAAAGCGTGGGGAGCAA,NA,NA,NA,0,NA,NA,0,0,0,Bacteria,Firmicutes,Clostridia,Oscillospirales,Oscillospiraceae,UCG-002,NA
ACGTAGGTGGCAAGCGTTGTCCGGATTTACTGGGTGTAAAGGGCGTGTAGGCGGAGAAGCAAGTCAGAAGTGAAATCCATGGGCTTAACCCATGAACTGCTTTTGAAACTGTTTCCCTTGAGTATCGGAGAGGCAGGCGGAATTCCTAGTGTAGCGGTGAAATGCGTAGATATTAGGAGGAACACCAGTGGCGAAGGCGGCCTGCTGGACGACAACTGACGCTGAGGCGCGAAAGCGTGGGGAGCAA,0.309059490011933,FALSE,1,0,FALSE,1,0,0,0,Bacteria,Firmicutes,Clostridia,Oscillospirales,Oscillospiraceae,UCG-005,NA
ACGTAGGTGGCGAGCGTTATCCGGAATCATTGGGCGTAAAGAGGGAGCAGGCGGCCGCAAGGGTCTGTGGTGAAAGACCGAAGCTAAACTTCGGTAAGCCATGGAAACCGGGCGGCTAGAGTGCGGAAGAGGATCGTGGAATTCCATGTGTAGCGGTGAAATGCGTAGATATATGGAGGAACACCAGTGGCGAAGGCGACGGTCTGGGCCGCAACTGACGCTCATTCCCGAAAGCGTGGGGAGCAA,NA,NA,NA,0,NA,NA,0,0,0,Bacteria,Firmicutes,Bacilli,Erysipelotrichales,Erysipelatoclostridiaceae,Catenibacterium,mitsuokai
ACGTAGGTGGCGAGCGTTATCCGGAATGATTGGGCGTAAAGGGTGCGTAGGTGGCAGATCAAGTCTGGAGTAAAAGGTATGGGCTCAACCCGTACTGGCTCTGGAAACTGATCAGCTAGAGAACAGAAGAGGACGGCGGAACTCCATGTGTAGCGGTAAAATGCGTAGATATATGGAAGAACACCGGTGGCGAAGGCGGCCGTCTGGTCTGGATTCTGACACTGAAGCACGAAAGCGTGGGGAGCAA,0.0277933438396694,FALSE,1,0,FALSE,1,0,0,0,Bacteria,Firmicutes,Bacilli,Erysipelotrichales,Erysipelotrichaceae,Holdemanella,NA
ACGTAGGTGGCGAGCGTTATCCGGAATTATTGGGCGTAAAGAGCGCGCAGGTGGTTGATTAAGTCTGATGTGAAAGCCCACGGCTTAACCGTGGAGGGTCATTGGAAACTGGTCAACTTGAGTGCAGAAGAGGGAAGTGGAATTCCATGTGTAGCGGTGAAATGCGTAGAGATATGGAGGAACACCAGTGGCGAAGGCGGCTTCCTGGTCTGTAACTGACACTGAGGCGCGAAAGCGTGGGGAGCAA,NA,NA,NA,0,TRUE,1,0,0,0,Bacteria,Firmicutes,Bacilli,Erysipelotrichales,Erysipelotrichaceae,Turicibacter,sanguinis
ACGTAGGTGGCGAGCGTTATCCGGAATTATTGGGCGTAAAGAGGGAGCAGGCGGCGGCAGAGGTCTGTGGTGAAAGACTGAAGCTTAACTTCAGTAAGCCATAGAAACCGGGCTGCTAGAGTGCAGGAGAGGATCGTGGAATTCCATGTGTAGCGGTGAAATGCGTAGATATATGGAGGAACACCAGTGGCGAAGGCGACGGTCTGGCCTGTAACTGACGCTCATTCCCGAAAGCGTGGGGAGCAA,0.0194414357285856,FALSE,1,0,FALSE,1,0,0,0,Bacteria,Firmicutes,Bacilli,Erysipelotrichales,Erysipelatoclostridiaceae,Erysipelatoclostridium,NA
ACGTAGGTGGCGAGCGTTATCCGGAATTATTGGGTGTAAAGGGTGCGTAGGCGGGTCGTAAAGTCAGATGTGAAATGCGGAGGCTCAACCTCCGAACTGCATTTGAAACTTACGATCTTGAGTGGAGTAGAGGCAAGCGGAATTCCCGGTGTAGCGGTGAAATGCATAGATATCGGGAGGAACACCAGTGGCGAAGGCGGCTTGCTGGGCTTTTACTGACGCTGAGGCACGAAAGTGTGGGGAGCAA,NA,NA,NA,0,NA,NA,0,0,0,Bacteria,Firmicutes,Clostridia,Oscillospirales,UCG-010,NA,NA
ACGTAGGTGGCGAGCGTTATCCGGATTTACTGGGTGTAAAGGGCGCGTAGGCGGGAATGCAAGTCAGATGTGAAATCCAAGGGCTCAACCCTTGAACTGCATTTGAAACTGTATTTCTTGAGTGTCGGAGAGGTTGACGGAATTCCTAGTGTAGCGGTGAAATGCGTAGATATTAGGAGGAACACCAGTGGCGAAGGCGGTCAACTGGACGATAACTGACGCTGAGGCGCGAAAGCGTGGGGAGCAA,0.0187496912163783,FALSE,1,0,TRUE,-1,0,0,0,Bacteria,Firmicutes,Clostridia,Oscillospirales,Oscillospiraceae,NK4A214 group,NA
ACGTAGGTGGCGAGCGTTGTCCGGATTTACTGGGCGTAAAGGGAGCGTAGGCGGACTTTTAAGTGAGATGTGAAATACCCGGGCTCAACTTGGGTGCTGCATTTCAAACTGGAAGTCTAGAGTGCAGGAGAGGAGAATGGAATTCCTAGTGTAGCGGTGAAATGCGTAGAGATTAGGAAGAACACCAGTGGCGAAGGCGATTCTCTGGACTGTAACTGACGCTGAGGCTCGAAAGCGTGGGGAGCAA,-0.0688778418970536,FALSE,-1,0,TRUE,1,0,0,0,Bacteria,Firmicutes,Clostridia,Clostridiales,Clostridiaceae,Clostridium sensu stricto 1,NA
ACGTAGGTGGCGAGCGTTGTCCGGATTTACTGGGCGTAAAGGGAGCGTAGGCGGATTTTTAAGTGAGATGTGAAATACTCGGGCTTAACCTGAGTGCTGCATTTCAAACTGGAAGTCTAGAGTGCAGGAGAGGAGAAGGGAATTCCTAGTGTAGCGGTGAAATGCGTAGAGATTAGGAAGAACACCAGTGGCGAAGGCGCTTCTCTGGACTGTAACTGACGCTGAGGCTCGAAAGCGTGGGGAGCAA,-0.232718247233592,FALSE,-1,0,FALSE,1,0,0,0,Bacteria,Firmicutes,Clostridia,Clostridiales,Clostridiaceae,Clostridium sensu stricto 1,NA
ACGTAGGTTGCAAGCGTTGTCCGGATTTACTGGGTGTAAAGGGCGTGTAGGCGGAGATGCAAGTTGGGAGTGAAATCCATGGGCTCAACCCATGAACTGCTCTCAAAACTGTATCCCTTGAGTATCGGAGAGGCAAGCGGAATTCCTAGTGTAGCGGTGAAATGCGTAGATATTAGGAGGAACACCAGTGGCGAAGGCGGCTTGCTGGACGACAACTGACGCTGAGGCGCGAAAGCGTGGGGAGCAA,NA,NA,NA,0,TRUE,-1,0,0,0,Bacteria,Firmicutes,Clostridia,Oscillospirales,Oscillospiraceae,UCG-005,NA
ACGTATGGAGCAAGCGTTATCCGGATTTACTGGGTGTAAAGGGAGTGTAGGTGGCATCACAAGTCAGAAGTGAAAGCCCGGGGCTCAACCCCGGGACTGCTTTTGAAACTGTGGAGCTGGAGTGCAGGAGAGGCAAGTGGAATTCCTAGTGTAGCGGTGAAATGCGTAGATATTAGGAGGAACACCAGTGGCGAAGGCGGCTTGCTGGACTGTAACTGACACTGAGGCTCGAAAGCGTGGGGAGCAA,0.435768580302684,FALSE,1,0,FALSE,1,0,0,0,Bacteria,Firmicutes,Clostridia,Lachnospirales,Lachnospiraceae,Lachnospira,pectinoschiza
ACGTATGGAGCAAGCGTTATCCGGATTTACTGGGTGTAAAGGGAGTGTAGGTGGCCAGGCAAGTCAGAAGTGAAAGCCCGGGGCTCAACCCCGGGACTGCTTTTGAAACTGCAGGGCTAGAGTGCAGGAGGGGCAAGTGGAATTCCTAGTGTAGCGGTGAAATGCGTAGATATTAGGAGGAACACCAGTGGCGAAGGCGGCTTGCTGGACTGTAACTGACACTGAGGCTCGAAAGCGTGGGGAGCAA,0.00299036917473865,FALSE,1,0,FALSE,1,0,0,0,Bacteria,Firmicutes,Clostridia,Lachnospirales,Lachnospiraceae,Lachnospira,pectinoschiza
ACGTATGGAGCAAGCGTTATCCGGATTTACTGGGTGTAAAGGGTGCGTAGGTGGCAGTGCAAGTCAGATGTGAAAGGCCGGGGCTCAACCCCGGAGCTGCATTTGAAACTGCATAGCTAGAGTACAGGAGAGGCAGGCGGAATTCCTAGTGTAGCGGTGAAATGCGTAGATATTAGGAGGAACACCAGTGGCGAAGGCGGCCTGCTGGACTGTTACTGACACTGAGGCACGAAAGCGTGGGGAGCAA,0.0538489683745075,FALSE,1,0,FALSE,-1,0,0,0,Bacteria,Firmicutes,Clostridia,Lachnospirales,Lachnospiraceae,[Eubacterium] hallii group,NA
ACGTATGGAGCAAGCGTTATCCGGATTTATTGGGCGTAAAGCGCGCGTAGGCGGCTTGTTAAGCAAGGTCTTAAATCTTGGGGCTCAACCTCAAGCCGGATCTTGAACTGGCAGGCTCGAGTATGGTAGAGGAAAGTGGAATTCCCAGTGTAGCGGTGGAATGCGCAGATATTGGGAAGAACACCGATGGCGAAGGCAGCTTTCTGGGCCATTACTGACGCTGAGGTGCGAAAGCTAGGGGAGCAA,-0.0734500429040244,FALSE,-1,0,FALSE,1,0,0,0,Bacteria,Actinobacteriota,Coriobacteriia,Coriobacteriales,Coriobacteriales Incertae Sedis,NA,NA
ACGTATGGGGCGAGCGTTATCCGGATTCATTGGGCGTAAAGCGCGCGTAGGCGGAGCGCTAAGCGGGACCTCTAACCCGAGGGCTCAACCCCCGGCCGGGTCCCGAACTGGCGCTCTCGAGTGCGGTAGGGGAGAGCGGAATTCCCGGTGTAGCGGTGGAATGCGCAGATATCGGGAAGAACACCGACGGCGAAGGCAGCTCTCTGGGCCGAAACTGACGCTGAGGCGCGAAAGCTGGGGGAGCGA,-0.116428587192694,FALSE,-1,0,FALSE,-1,0,0,0,Bacteria,Actinobacteriota,Coriobacteriia,Coriobacteriales,Eggerthellaceae,Senegalimassilia,anaerobia
ACGTATGGTGCAAGCGTTATCCGGATTTACTGGGTGTAAAGGGAGCGCAGGCGGAAGGCTAAGTCTGATGTGAAAGCCCGGGGCTCAACCCCGGTACTGCATTGGAAACTGGTCATCTAGAGTGTCGGAGGGGTAAGTGGAATTCCTAGTGTAGCGGTGAAATGCGTAGATATTAGGAGGAACACCAGTGGCGAAGGCGGCTTACTGGACGATAACTGACGCTGAGGCTCGAAAGCGTGGGGAGCAA,0.390650827802247,FALSE,1,0,FALSE,1,0,0,0,Bacteria,Firmicutes,Clostridia,Lachnospirales,Lachnospiraceae,Roseburia,inulinivorans
ACGTATGGTGCAAGCGTTATCCGGATTTACTGGGTGTAAAGGGAGCGCAGGCGGTACGGCAAGTCTGATGTGAAAGCCCGGGGCTCAACCCCGGTACTGCATTGGAAACTGTCGGACTAGAGTGTCGGAGGGGTAAGTGGAATTCCTAGTGTAGCGGTGAAATGCGTAGATATTAGGAGGAACACCAGTGGCGAAGGCGGCTTACTGGACGATTACTGACGCTGAGGCTCGAAAGCGTGGGGAGCAA,-0.578194389714559,FALSE,-1,0,FALSE,-1,0,0,0,Bacteria,Firmicutes,Clostridia,Lachnospirales,Lachnospiraceae,Roseburia,intestinalis
ACGTATGGTGCAAGCGTTATCCGGATTTACTGGGTGTAAAGGGAGCGTAGACGGAGTGGCAAGTCTGATGTGAAAACCCGGGGCTCAACCCCGGGACTGCATTGGAAACTGTCAATCTAGAGTACCGGAGAGGTAAGCGGAATTCCTAGTGTAGCGGTGAAATGCGTAGATATTAGGAGGAACACCAGTGGCGAAGGCGGCTTACTGGACGGTAACTGACGTTGAGGCTCGAAAGCGTGGGGAGCAA,-0.373594026478608,FALSE,-1,0,FALSE,-1,0,0,0,Bacteria,Firmicutes,Clostridia,Lachnospirales,Lachnospiraceae,[Ruminococcus] torques group,NA
ACGTATGGTGCAAGCGTTATCCGGATTTACTGGGTGTAAAGGGAGCGTAGACGGAGTGGCAAGTCTGATGTGAAAACCCGGGGCTCAACCCCGGGACTGCATTGGAAACTGTCAATCTGGAGTACCGGAGAGGTAAGCGGAATTCCTAGTGTAGCGGTGAAATGCGTAGATATTAGGAGGAACACCAGTGGCGAAGGCGGCTTACTGGACGGTAACTGACGTTGAGGCTCGAAAGCGTGGGGAGCAA,-0.0892751085306126,FALSE,-1,0,FALSE,-1,0,0,0,Bacteria,Firmicutes,Clostridia,Lachnospirales,Lachnospiraceae,[Ruminococcus] torques group,NA
ACGTATGGTGCAAGCGTTATCCGGATTTACTGGGTGTAAAGGGAGCGTAGACGGATGGGCAAGTCTGATGTGAAAACCCGGGGCTCAACCCCGGGACTGCATTGGAAACTGTTCATCTAGAGTGCTGGAGAGGTAAGTGGAATTCCTAGTGTAGCGGTGAAATGCGTAGATATTAGGAGGAACACCAGTGGCGAAGGCGGCTTACTGGACAGTAACTGACGTTGAGGCTCGAAAGCGTGGGGAGCAA,0.311656353362495,FALSE,1,0,FALSE,1,0,0,0,Bacteria,Firmicutes,Clostridia,Lachnospirales,Lachnospiraceae,[Ruminococcus] torques group,NA
ACGTATGGTGCAAGCGTTATCCGGATTTACTGGGTGTAAAGGGAGCGTAGACGGTTGTGTAAGTCTGATGTGAAAGCCCGGGGCTCAACCCCGGGACTGCATTGGAAACTATGTAACTAGAGTGTCGGAGAGGTAAGCGGAATTCCTAGTGTAGCGGTGAAATGCGTAGATATTAGGAGGAACACCAGTGGCGAAGGCGGCTTACTGGACGATCACTGACGTTGAGGCTCGAAAGCGTGGGGAGCAA,NA,NA,NA,0,NA,NA,0,0,0,Bacteria,Firmicutes,Clostridia,Lachnospirales,Lachnospiraceae,NA,NA
ACGTATGGTGCAAGCGTTATCCGGATTTACTGGGTGTAAAGGGAGCGTAGGTGGCAAGGCAAGCCAGAAGTGAAAACCCGGGGCTCAACCGCGGGATTGCTTTTGGAACTGTCATGCTAGAGTGCAGGAGGGGTGAGCGGAATTCCTAGTGTAGCGGTGAAATGCGTAGATATTAGGAGGAACACCGGAGGCGAAGGCGGCTCACTGGACTGTAACTGACACTGAGGCTCGAAAGCGTGGGGAGCAA,-0.0844239961491696,FALSE,-1,0,FALSE,1,0,0,0,Bacteria,Firmicutes,Clostridia,Lachnospirales,Lachnospiraceae,Lachnospiraceae ND3007 group,NA
ACGTATGGTGCAAGCGTTATCCGGATTTACTGGGTGTAAAGGGTGAGTAGGCGGTCATGCAAGTCATATGTGAAATGTCAGGGCTTAACCTTGGCGCTGCATAAGAAACTGTATGACTAGAGTGCAGGAGAGGTAAGCGGAATTCCTAGTGTAGCGGTGAAATGCGTAGATATTAGGAAGAACACCGGTGGCGAAGGCGGCTTACTGGACTGTTACTGACGCTGAGTCACGAAAGCGTGGGGAGCAA,NA,NA,NA,0,TRUE,-1,0,0,0,Bacteria,Firmicutes,Clostridia,Lachnospirales,Lachnospiraceae,Tyzzerella,NA
