"taxon","lfc_(Intercept)","lfc_Diagnosed_CeliacTRUE","se_(Intercept)","se_Diagnosed_CeliacTRUE","W_(Intercept)","W_Diagnosed_CeliacTRUE","p_(Intercept)","p_Diagnosed_CeliacTRUE","q_(Intercept)","q_Diagnosed_CeliacTRUE","diff_(Intercept)","diff_Diagnosed_CeliacTRUE","passed_ss_(Intercept)","passed_ss_Diagnosed_CeliacTRUE","diff_robust_(Intercept)","diff_robust_Diagnosed_CeliacTRUE","sig_pq"
"AATCGGAATTACTGGGCGTAAAGCGCACGCAGGCGGTTTGTTAAGTCAGATGTGAAATCCCCGGGCTCAACCTGGGAACTGCATCTGATACTGGCAAGCTTGAGTCTCGTAGAGGGGGGTAGAATTCCAGGTGTAGCGGTGAAATGCGTAGAGATCTGGAGGAATACCGGTGGCGAAGGCGGCCCCCTGGACGAAGACTGACGCTCAGGTGCG",0.699861409823138,-1.20064162198423,0.298738350315282,0.589456064120609,2.3427236880853,-2.03686363592752,0.0576288827946532,0.0878250028353222,0.193697078282029,0.3542275114358,FALSE,FALSE,TRUE,TRUE,FALSE,FALSE,FALSE
"AATCGGAATTACTGGGCGTAAAGCGCGCGTAGGTGGTTCGTTAAGTTGGATGTGAAAGCCCCGGGCTCAACCTGGGAACTGCATCCAAAACTGGCGAGCTAGAGTACGGTAGAGGGTGGTGGAATTTCCTGTGTAGCGGTGAAATGCGTAGATATAGGAAGGAACACCAGTGGCGAAGGCGACCACCTGGACTGATACTGACACTGAGGTGCG",0.181094525669738,-0.585065093054507,0.365312967536106,0.561189920995847,0.495724328898452,-1.04254383616921,0.631968040214875,0.32435362263347,0.891173135841643,0.628566149535737,FALSE,FALSE,TRUE,TRUE,FALSE,FALSE,FALSE
"GTCCGGATTTATTGGGCGTAAAGCGAGCGCAGGCGGTTAGATAAGTCTGAAGTTAAAGGCTGTGGCTTAACCATAGTACGCTTTGGAAACTGTTTAACTTGAGTGCAAGAGGGGAGAGTGGAATTCCATGTGTAGCGGTGAAATGCGTAGATATATGGAGGAACACCGGTGGCGAAAGCGGCTCTCTGGCTTGTAACTGACGCTGAGGCTCG",-0.0146900575460991,0.0283116776566732,0.361111702700638,0.50854137057944,-0.040680092714351,0.055672319489788,0.968169066134095,0.95644939318052,1,1,FALSE,FALSE,TRUE,TRUE,FALSE,FALSE,FALSE
"AATCGGATTTACTGGGCGTAAAGCGTGCGTAGGCGGCTTTTTAAGTCGGATGTGAAATCCCCGAGCTTAACTTGGGAATTGCATTCGATACTGGGAAGCTAGAGTATGGGAGAGGATGGTAGAATTCCAGGTGTAGCGGTGAAATGCGTAGAGATCTGGAGGAATACCGATGGCGAAGGCAGCCATCTGGCCTAATACTGACGCTGAGGTACG",0.118487968792111,-0.465643046500606,0.0272557972644846,0.328813012294261,4.34725748956555,-1.41613327055285,0.143937794647822,0.391419545682079,0.386521505823488,0.696932275285028,FALSE,FALSE,TRUE,TRUE,FALSE,FALSE,FALSE
"AATCGGAATTACTGGGCGTAAAGCGCACGCAGGCGGTCTGTCAAGTCGGATGTGAAATCCCCGGGCTCAACCTGGGAACTGCATTCGAAACTGGCAGGCTAGAGTCTTGTAGAGGGGGGTAGAATTCCAGGTGTAGCGGTGAAATGCGTAGAGATCTGGAGGAATACCGGTGGCGAAGGCGGCCCCCTGGACAAAGACTGACGCTCAGGTGCG",0.0221416667613515,-0.179818230043709,0.507544014234205,0.659507601160152,0.0436251165226711,-0.272655280587196,0.966272455236302,0.792023826042037,1,0.968029120718045,FALSE,FALSE,TRUE,TRUE,FALSE,FALSE,FALSE
"GTCCGGATTTATTGGGCGTAAAGCGAGCGCAGGCGGTTTGATAAGTCTGAAGTTAAAGGCTGTGGCTCAACCATAGTTCGCTTTGGAAACTGTCAAACTTGAGTGCAGAAGGGGAGAGTGGAATTCCATGTGTAGCGGTGAAATGCGTAGATATATGGAGGAACACCGGTGGCGAAAGCGGCTCTCTGGTCTGTAACTGACGCTGAGGCTCG",0.0687216058744511,-0.20243888596332,0.283535317842194,0.480286999888484,0.242374059067658,-0.421495659908188,0.813388837590585,0.682309988163046,0.984200493484608,0.948959868594582,FALSE,FALSE,TRUE,TRUE,FALSE,FALSE,FALSE
"AATCGGAATAACTGGGCGTAAAGGGCACGCAGGCGGTGACTTAAGTGAGGTGTGAAAGCCCCGGGCTTAACCTGGGAATTGCATTTCATACTGGGTCGCTAGAGTACTTTAGGGAGGGGTAGAATTCCACGTGTAGCGGTGAAATGCGTAGAGATGTGGAGGAATACCGAAGGCGAAGGCAGCCCCTTGGGAATGTACTGACGCTCATGTGCG",-0.165750900263381,0.351116607115278,0.601753208889434,0.744521753658111,-0.275446641272229,0.471600198906361,0.787658755022912,0.645671137118317,0.97087846150726,0.936214384018239,FALSE,FALSE,TRUE,TRUE,FALSE,FALSE,FALSE
"ATCCGGATTTACTGGGTGTAAAGGGAGCGCAGGCGGTGCGGCAAGTCTGATGTGAAAGCCCGGGGCTCAACCCCGGTACTGCATTGGAAACTGTCGTACTAGAGTGTCGGAGGGGTAAGCGGAATTCCTAGTGTAGCGGTGAAATGCGTAGATATTAGGAGGAACACCAGTGGCGAAGGCGGCTTACTGGACGATAACTGACGCTGAGGCTCG",-0.00154173416871845,0.0212002208364886,0.0691693436967308,0.27736064894418,-0.0222892698747888,0.0764355755482645,0.985812559269699,0.951434034941925,1,1,FALSE,FALSE,TRUE,TRUE,FALSE,FALSE,FALSE
"ATCCGGATTTACTGGGTGTAAAGGGAGCGTAGACGGACTGGCAAGTCTGATGTGAAAGGCGGGGGCTCAACCCCTGGACTGCATTGGAAACTGTTAGTCTTGAGTGCCGGAGAGGTAAGCGGAATTCCTAGTGTAGCGGTGAAATGCGTAGATATTAGGAGGAACACCAGTGGCGAAGGCGGCTTACTGGACGGTAACTGACGTTGAGGCTCG",0.340260680145296,-0.856472485336362,0.0272557972644846,0.275787135349162,12.4839745777193,-3.10555633514964,1,1,1,1,FALSE,FALSE,TRUE,TRUE,FALSE,FALSE,FALSE
"GTCCGGATTTATTGGGCGTAAAGCGAGCGCAGGCGGTTTCTTAAGTCTGATGTGAAAGCCCCCGGCTCAACCGGGGAGGGTCATTGGAAACTGGGAGACTTGAGTGCAGAAGAGGAGAGTGGAATTCCATGTGTAGCGGTGAAATGCGTAGATATATGGAGGAACACCAGTGGCGAAGGCGGCTCTCTGGTCTGTAACTGACGCTGAGGCTCG",0.801509715116254,-1.58412302411606,0.031646539197572,0.272092517645294,25.326931014869,-5.82200142005066,0.025123030484311,0.108290549781905,0.112588395874134,0.354561697525876,FALSE,FALSE,TRUE,TRUE,FALSE,FALSE,FALSE
"GTCCGGAATTACTGGGTGTAAAGGGAGCGCAGGCGGGAAGACAAGTTGGAAGTGAAAACCATGGGCTCAACCCATGAATTGCTTTCAAAACTGTTTTTCTTGAGTAGTGCAGAGGTAGATGGAATTCCCGGTGTAGCGGTGGAATGCGTAGATATCGGGAGGAACACCAGTGGCGAAGGCGGTCTACTGGGCACCAACTGACGCTGAGGCTCG",-0.863529053083218,1.67806002883234,0.0272557972644846,0.275787135349162,-31.6823993333863,6.08462039648013,1,1,1,1,FALSE,FALSE,TRUE,TRUE,FALSE,FALSE,FALSE
"AATCGGAATTACTGGGCGTAAAGCGAGCGCAGACGGTTACTTAAGCAGGATGTGAAATCCCCGGGCTCAACCTGGGAACTGCGTTCTGAACTGGGTGACTAGAGTGTGTCAGAGGGAGGTAGAATTCCACGTGTAGCAGTGAAATGCGTAGAGATGTGGAGGAATACCGATGGCGAAGGCAGCCTCCTGGGATAACACTGACGTTCATGCTCG",0.146423671776886,-0.226938780276482,0.549368543882348,0.81857434583931,0.266530862400895,-0.277236614401584,0.794355104869577,0.786316479188138,0.97087846150726,0.968029120718045,FALSE,FALSE,TRUE,TRUE,FALSE,FALSE,FALSE
"ATCCGGATTTATTGGGTTTAAAGGGAGCGTAGGTGGACTGGTAAGTCAGTTGTGAAAGTTTGCGGCTCAACCGTAAAATTGCAGTTGATACTGTCAGTCTTGAGTACAGTAGAGGTGGGCGGAATTCGTGGTGTAGCGGTGAAATGCTTAGATATCACGAAGAACTCCGATTGCGAAGGCAGCTCACTGGACTGCAACTGACACTGATGCTCG",-0.146155876434023,0.344797035092426,0.29423122832255,0.406131303431909,-0.496738151375964,0.848979214797794,0.706496177101212,0.551882611875174,0.939407004716996,0.856125590216616,FALSE,FALSE,TRUE,TRUE,FALSE,FALSE,FALSE
"ATCCGGATTTACTGGGTGTAAAGGGAGCGCAGGCGGGACTGCAAGTTGGATGTGAAATACCGTGGCTTAACCACGGAACTGCATCCAAAACTGTAGTTCTTGAGTGAAGTAGAGGCAAGCGGAATTCCGAGTGTAGCGGTGAAATGCGTAGATATTCGGAGGAACACCAGTGGCGAAGGCGGCTTGCTGGGCTTTAACTGACGCTGAGGCTCG",-0.0354473641966648,0.0755716946369537,0.0272557972644846,0.275787135349162,-1.30054402198149,0.274021826802311,1,1,1,1,FALSE,FALSE,TRUE,TRUE,FALSE,FALSE,FALSE
"AATCGGATTTACTGGGCGTAAAGCGTGCGTAGGCGGCTTCTTAAGTCGGATGTGAAATCCCTGAGCTTAACTTAGGAATTGCATTCGATACTGGGAAGCTAGAGTATGGGAGAGGATGGTAGAATTCCAGGTGTAGCGGTGAAATGCGTAGAGATCTGGAGGAATACCGATGGCGAAGGCAGCCATCTGGCCTAATACTGACGCTGAGGTACG",-0.835878538062517,1.49580595107926,0.0272557972644846,0.275787135349162,-30.6679173590604,5.42376985491178,1,1,1,1,FALSE,FALSE,TRUE,TRUE,FALSE,FALSE,FALSE
"AATCGGAATTACTGGGCGTAAAGCGCGCGTAGGTGGTTCGTTAAGTTGGATGTGAAAGCCCCGGGCTCAACCTGGGAACTGCATCCAAAACTGGCGAGCTAGAGTATGGTAGAGGGTGGTGGAATTTCCTGTGTAGCGGTGAAATGCGTAGATATAGGAAGGAACACCAGTGGCGAAGGCGACCACCTGGACTGATACTGACACTGAGGTGCG",0.260234586999715,-0.725192030360383,0.454271378314363,0.632869139056478,0.57286150839032,-1.14587990724519,0.578260218361802,0.276161896576072,0.853286419777781,0.5690412162581,FALSE,FALSE,TRUE,TRUE,FALSE,FALSE,FALSE
"GTCCGGAATTATTGGGCGTAAAGCGCGCGCAGGTGGTTTAATAAGTCTGATGTGAAAGCCCACGGCTCAACCGTGGAGGGTCATTGGAAACTGTTAAACTTGAGTGCAGGAGAGAAAAGTGGAATTCCTAGTGTAGCGGTGAAATGCGTAGAGATTAGGAGGAACACCAGTGGCGAAGGCGGCTTTTTGGCCTGTAACTGACACTGAGGCGCG",0.121586394696175,-0.258698126585023,0.154823584530765,0.554506001338035,0.785322178560043,-0.466538010338534,0.448849202683043,0.649933952541588,0.76777902071123,0.936214384018239,FALSE,FALSE,TRUE,TRUE,FALSE,FALSE,FALSE
"GTCCGGAATTATTGGGCGTAAAGCGCGCGCAGGCGGATTGGTCAGTCTGTCTTAAAAGTTCGGGGCTTAACCCCGTGATGGGATGGAAACTGCCAATCTAGAGTATCGGAGAGGAAAGTGGAATTCCTAGTGTAGCGGTGAAATGCGTAGATATTAGGAAGAACACCAGTGGCGAAGGCGACTTTCTGGACGAAAACTGACGCTGAGGCGCG",0.603738031292062,-1.13124098891488,0.647370566880483,0.964509906488063,0.932600371687154,-1.17286611708729,0.36802439997709,0.261893043048797,0.675334221114333,0.555948389629901,FALSE,FALSE,TRUE,TRUE,FALSE,FALSE,FALSE
"ACTCGGAATTACTGGGCGTAAAGCGTGCGTAGGTGGTCGTTTAAGTCCGTTGTGAAAGCCCTGGGCTCAACCTGGGAACTGCAGTGGATACTGGGCGACTAGAGTGTGGTAGAGGGTAGCGGAATTCCTGGTGTAGCAGTGAAATGCGTAGAGATCAGGAGGAACATCCATGGCGAAGGCAGCTACCTGGACCAACACTGACACTGAGGCACG",0.276492866658055,-0.587214873646429,0.465312366921073,0.555346454460007,0.594209151344034,-1.0573847531221,0.574078080578952,0.331038187165283,0.853286419777781,0.628566149535737,FALSE,FALSE,TRUE,TRUE,FALSE,FALSE,FALSE
"ATCCGGATTTATTGGGCGTAAAGCGCGTCTAGGTGGTTATGTAAGTCTGATGTGAAAATGCAGGGCTCAACTCTGTATTGCGTTGGAAACTGCATGACTAGAGTACTGGAGAGGTAAGCGGAACTACAAGTGTAGAGGTGAAATTCGTAGATATTTGTAGGAATGCCGATGGGGAAGCCAGCTTACTGGACAGATACTGACGCTAAAGCGCG",-0.0864257782696001,0.266986807143746,0.513748155819418,0.6226206255616,-0.168225963033877,0.428811375952933,0.869759241870103,0.67715097573046,1,0.948959868594582,FALSE,FALSE,TRUE,TRUE,FALSE,FALSE,FALSE
"ATCCGGAATTATTGGGCGTAAAGCGCGCGTAGGCGGTTTTTTAAGTCTGATGTGAAAGCCCACGGCTCAACCGTGGAGGGTCATTGGAAACTGGAAAACTTGAGTGCAGAAGAGGAAAGTGGAATTCCATGTGTAGCGGTGAAATGCGCAGAGATATGGAGGAACACCAGTGGCGAAGGCGACTTTCTGGTCTGTAACTGACGCTGATGTGCG",-0.186702207708938,0.319844765593487,0.582693125236717,0.878121163638542,-0.320412580177758,0.364237623277627,0.755250512850408,0.723264346752149,0.951959337918804,0.95795527044214,FALSE,FALSE,TRUE,TRUE,FALSE,FALSE,FALSE
"GTTCGGAATTACTGGGCGTAAAGCGCGCGTAGGCGGTTACTCAAGTCAGAGGTGAAAGCCCGGGGCTCAACCCCGGAACTGCCTTTGAAACTAGGTGACTAGAATCTTGGAGAGGTCAGTGGAATTCCGAGTGTAGAGGTGAAATTCGTAGATATTCGGAAGAACACCAGTGGCGAAGGCGACTGACTGGACAAGTATTGACGCTGAGGTGCG",0.0803180297891268,-0.0691520594533432,0.371772404685674,0.467391404244233,0.216040859345206,-0.147953211859258,0.839525824427401,0.88953824996547,0.995908085840348,1,FALSE,FALSE,TRUE,TRUE,FALSE,FALSE,FALSE
"ATCCGGAATTACTGGGTGTAAAGGGTGCGTAGGTGGTATGGCAAGTCAGAAGTGAAAACCCAGGGCTTAACTCTGGGACTGCTTTTGAAACTGTCAGACTGGAGTGCAGGAGAGGTAAGCGGAATTCCTAGTGTAGCGGTGAAATGCGTAGATATTAGGAGGAACATCAGTGGCGAAGGCGGCTTACTGGACTGAAACTGACACTGAGGCACG",0.18644409510962,-0.542757266998526,0.140555547092978,0.304140707401366,1.32647980791741,-1.78455975734371,0.411241422718446,0.325162513583066,0.731767825719588,0.628566149535737,FALSE,FALSE,TRUE,TRUE,FALSE,FALSE,FALSE
"ATCCGGATTTATTGGGCGTAAAGCGAGCGCAGGCGGTTAGATAAGTCTGAAGTTAAAGGCTGTGGCTTAACCATAGTACGCTTTGGAAACTGTTTAACTTGAGTGCAGAAGGGGAGAGTGGAATTCCATGTGTAGCGGTGAAATGCGTAGATATATGGAGGAACACCGGTGGCGAAAGCGGCTCTCTGGTCTGTAACTGACGCTGAGGCTCG",0.0436615464298234,-0.13215028643448,0.202856751986436,0.351785597106106,0.215233390075884,-0.375655761695727,0.833911582872623,0.715018700876377,0.995908085840348,0.95795527044214,FALSE,FALSE,TRUE,TRUE,FALSE,FALSE,FALSE
"GTCCGGAATTACTGGGCGTAAAGGGCTCGTAGGTGGTTTGTCGCGTCGTCTGTGAAATTCTGGGGCTTAACTCCGGGCGTGCAGGCGATACGGGCATAACTTGAGTGCTGTAGGGGTAACTGGAATTCCTGGTGTAGCGGTGAAATGCGCAGATATCAGGAGGAACACCGATGGCGAAGGCAGGTTACTGGGCAGTTACTGACGCTGAGGAGCG",-2.47619334866305,2.76413551648312,0.0272557972644846,0.348238455753802,-90.8501528916797,7.93747924967054,2.9397091670771e-06,0.00417011436823537,0.000118568269738777,0.12614595963912,TRUE,FALSE,FALSE,TRUE,FALSE,FALSE,FALSE
"AATCGGAATTACTGGGCGTAAAGCGTGCGCAGGCGGTTGTGTAAGTCAGATGTGAAATCCCCGGGCTCAACCTGGGAATTGCATTTGAGACTGCACGGCTAGAGTGTGTCAGAGGGGGGTAGAATTCCACGTGTAGCAGTGAAATGCGTAGATATGTGGAGGAATACCGATGGCGAAGGCAGCCCCCTGGGATAACACTGACGCTCATGCACG",0.815866849051642,-2.18698595940616,0.62854089317898,0.817435733677125,1.29803304431828,-2.67542250638873,0.220832874775846,0.0215839531777952,0.485832324506861,0.208740726057741,FALSE,FALSE,TRUE,TRUE,FALSE,FALSE,FALSE
"GTCCGGAATTATTGGGCGTAAAGGGCTTGTAGGCGGTTGGTCGCGTCTGCCGTGAAATCCTCTGGCTTAACTGGGGGCGTGCGGTGGGTACGGGCTGACTTGAGTGCGGTAGGGGAGACTGGAACTCCTGGTGTAGCGGTGGAATGCGCAGATATCAGGAAGAACACCGGTGGCGAAGGCGGGTCTCTGGGCCGTTACTGACGCTGAGGAGCG",0.473602884969622,-0.814566540830202,0.354117661707892,0.6218218200824,1.33741672947194,-1.30996776652556,0.208083180425527,0.216903297298323,0.466260459842384,0.486024055057354,FALSE,FALSE,TRUE,TRUE,FALSE,FALSE,FALSE
"GTCCGGAATTATTGGGCGTAAAGAGCTTGTAGGCGGTTTGTCGCGTCTGCTGTGAAAGGCCGGGGCTTAACCCCGTGTATTGCAGTGGGTACGGGCAGACTAGAGTGCAGTAGGGGAGACTGGAATTCCTGGTGTAGCGGTGGAATGCGCAGATATCAGGAGGAACACCGATGGCGAAGGCAGGTCTCTGGGCTGTAACTGACGCTGAGAAGCG",0.527520789638608,-1.18783907978585,0.0851644951420405,0.332207311641802,6.1941398085997,-3.57559583476785,0.00345378923765998,0.0232590425439975,0.0261192811098036,0.208740726057741,TRUE,FALSE,FALSE,TRUE,FALSE,FALSE,FALSE
"GTCCGGATTTATTGGGCGTAAAGCGAGCGCAGGCGGTTCCTTAAGTCTGATGTGAAAGCCCCCGGCTCAACCGGGGAGGGTCATTGGAAACTGGGGAACTTGAGTGCAGAAGAGGAGAGTGGAATTCCATGTGTAGCGGTGAAATGCGTAGATATATGGAGGAACACCAGTGGCGAAGGCGACTCTCTGGTCTGTAACTGACGCTGAGGCTCG",-0.062977206399412,-0.0570485897837469,0.0943479942339269,0.354163326395263,-0.667499154706628,-0.161079890355666,0.525839734620415,0.876580827630053,0.837192209066714,1,FALSE,FALSE,TRUE,TRUE,FALSE,FALSE,FALSE
"ACTCGGAATCACTGGGCGTAAAGAGCGCGTAGGCGGGATAGTCAGTCAGGTGTGAAATCCTATGGCTTAACCATAGAACTGCATTTGAAACTACTATTCTAGAGTGTGGGAGAGGTAGGTGGAATTCTTGGTGTAGGGGTAAAATCCGTAGAGATCAAGAGGAATACTCATTGCGAAGGCGACCTGCTGGAACATTACTGACGCTGATTGCGCG",-0.19119165310663,0.252134557814525,0.572717196940065,0.745189640120671,-0.333832568898115,0.338349521034265,0.755273524299216,0.752113642082672,0.951959337918804,0.95795527044214,FALSE,FALSE,TRUE,TRUE,FALSE,FALSE,FALSE
"AATCGGAATAACTGGGCGTAAAGGGCACGCAGGCGGTGACTTAAGTGAGATGTGAAAGCCCCGAGCTTAACTTGGGAATTGCATTTCATACTGGGTCGCTAGAGTACTTTAGGGAGGGGTAGAATTCCACGTGTAGCGGTGAAATGCGTAGAGATGTGGAGGAATACCGAAGGCGAAGGCAGCCCCTTGGGAATGTACTGACGCTCATGTGCG",-0.244915558850828,0.29140132974069,0.2893586786887,0.595489541433751,-0.846408201615805,0.489347519083354,0.421919941507701,0.637730066738976,0.739888593078721,0.936214384018239,FALSE,FALSE,TRUE,TRUE,FALSE,FALSE,FALSE
"AATCGGAATTACTGGGCGTAAAGCGTGCGCAGGCGGTTTCGTAAGACAGACGTGAAATCCCCGGGCTCAACCTGGGAACTGCGTTTGTGACTGCGAGGCTAGAGTACGGCAGAGGGGGGTAGAATTCCACGTGTAGCAGTGAAATGCGTAGAGATGTGGAGGAATACCGATGGCGAAGGCAGCCCCCTGGGTTAGTACTGACGCTCATGCACG",0.174655413460287,-0.465322260460216,0.266125213800812,0.522869171363094,0.656290364095348,-0.889940134062874,0.535979838375722,0.407761717644173,0.842254031733277,0.713378014469411,FALSE,FALSE,TRUE,TRUE,FALSE,FALSE,FALSE
"AATCGGAATTACTGGGCGTAAAGCGCGCGTAGGTGGTTCGTTAAGTTGGATGTGAAATCCCCGGGCTCAACCTGGGAACTGCATCCAAAACTGGCGAGCTAGAGTATGGTAGAGGGTGGTGGAATTTCCTGTGTAGCGGTGAAATGCGTAGATATAGGAAGGAACACCAGTGGCGAAGGCGACCACCTGGACTGATACTGACACTGAGGTGCG",0.577627031864606,-1.33989964609106,0.357574665145926,0.466726091809516,1.61540256670275,-2.87084795473125,0.150257609809079,0.0239629419309835,0.386833420997841,0.208740726057741,FALSE,FALSE,TRUE,TRUE,FALSE,FALSE,FALSE
"AATCGGAATTACTGGGCGTAAAGCGCGCGTAGGTGGTTTGTTAAGTTGGATGTGAAAGCCCCGGGCTCAACCTGGGAACTGCATCCAAAACTGGCAAGCTAGAGTACGGTAGAGGGTGGTGGAATTTCCTGTGTAGCGGTGAAATGCGTAGATATAGGAAGGAACACCAGTGGCGAAGGCGACCACCTGGACTGATACTGACACTGAGGTGCG",-0.72422912819966,1.47144963017394,0.245656356580769,0.54087936516241,-2.94813917408866,2.72047655160982,0.0214635366994795,0.0297451087697802,0.101715469740538,0.211715185949612,FALSE,FALSE,TRUE,TRUE,FALSE,FALSE,FALSE
"GTCCGGAATTATTGGGCGTAAAGCGCGCGCAGGCGGCTTCCCAAGTCCCTCTTAAAAGTGCGGGGCTTAACCCCGTGATGGGAAGGAAACTGGGAAGCTGGAGTATCGGAGAGGAAAGTGGAATTCCTAGTGTAGCGGTGAAATGCGTAGAGATTAGGAAGAACACCGGTGGCGAAGGCGACTTTCTGGACGAAAACTGACGCTGAGGCGCG",-0.487250150370084,0.979177266983792,0.0272557972644846,0.275787135349162,-17.8769362584374,3.55048202572646,1,1,1,1,FALSE,FALSE,TRUE,TRUE,FALSE,FALSE,FALSE
"GTCCGGAATTATTGGGCGTAAAGCGCGCGCAGGCGGATCAGTCAGTCTGTCTTAAAAGTTCGGGGCTTAACCCCGTGATGGGATGGAAACTGCTGATCTAGAGTATCGGAGAGGAAAGTGGAATTCCTAGTGTAGCGGTGAAATGCGTAGATATTAGGAAGAACACCAGTGGCGAAGGCGACTTTCTGGACGAAAACTGACGCTGAGGCGCG",0.124067060295111,-0.347753816290566,0.25587280753784,0.418479992150848,0.484877863689221,-0.830992694544909,0.64076084973738,0.430079392590683,0.891173135841643,0.732952204274262,FALSE,FALSE,TRUE,TRUE,FALSE,FALSE,FALSE
"AATCGGAATAACTGGGCGTAAAGGGCACGCAGGCGGTTATTTAAGTGAGGTGTGAAAGCCCCGGGCTTAACCTGGGAATTGCATTTCAGACTGGGTAACTAGAGTACTTTAGGGAGGGGTAGAATTCCACGTGTAGCGGTGAAATGCGTAGAGATGTGGAGGAATACCGAAGGCGAAGGCAGCCCCTTGGGAATGTACTGACGCTCATGTGCG",0.18433198244522,-0.292743253242873,0.132795965824854,0.323301214426508,1.38808420346396,-0.905481452527668,0.202543039239212,0.391664419168446,0.462409580149898,0.696932275285028,FALSE,FALSE,TRUE,TRUE,FALSE,FALSE,FALSE
"ATCCGGATTTATTGGGTTTAAAGGGAGCGTAGGCTGGAGATTAAGTGTGTTGTGAAATGTAGACGCTCAACGTCTGAATTGCAGCGCATACTGGTTTCCTTGAGTACGCACAACGTTGGCGGAATTCGTCGTGTAGCGGTGAAATGCTTAGATATGACGAAGAACTCCGATTGCGAAGGCAGCTGACGGGAGCGCAACTGACGCTTAAGCTCG",0.56348173807312,-1.09215878485561,0.438174342476767,0.78065698781365,1.28597611372692,-1.39902518251245,0.227429296415966,0.19204899707991,0.491409729755927,0.45564565973861,FALSE,FALSE,TRUE,TRUE,FALSE,FALSE,FALSE
"AATCGGATTTACTGGGCGTAAAGCGCGCGTAGGTGGCCAATTAAGTCAAATGTGAAATCCCCGAGCTTAACTTGGGAATTGCATTCGATACTGGTTGGCTAGAGTATGGGAGAGGATGGTAGAATTCCAGGTGTAGCGGTGAAATGCGTAGAGATCTGGAGGAATACCGATGGCGAAGGCAGCCATCTGGCCTAATACTGACACTGAGGTGCG",-1.26315586636983,1.52664212863979,0.0272557972644846,0.432276450683725,-46.3444842252247,3.53163381032005,0.000465265358366101,0.0716647819488643,0.00562971083622982,0.321164393178244,TRUE,FALSE,FALSE,TRUE,FALSE,FALSE,FALSE
"AATCGGAATTACTGGGCGTAAAGCGTGCGCAGGCGGTTATGTAAGACAGATGTGAAATCCCCGGGCTCAACCTGGGAACTGCATTTGTGACTGCATGGCTAGAGTACGGTAGAGGGGGATGGAATTCCGCGTGTAGCAGTGAAATGCGTAGATATGCGGAGGAACACCGATGGCGAAGGCAATCCCCTGGACCTGTACTGACGCTCATGCACG",0.016820639678647,-0.126415884112911,0.468448835502932,0.642284389529621,0.0359071010617161,-0.196822289586537,0.971901943786117,0.847010351237137,1,1,FALSE,FALSE,TRUE,TRUE,FALSE,FALSE,FALSE
"GTCCGGAATTATTGGGCGTAAAGAGCTTGTAGGCGGTTTGTCGCGTCTGCTGTGAAAGGCCGGGGCTTAACCCCGTGTATTGCAGTGGGTACGGGCAGACTAGAGTGCAGTAGGGGAGACTGGAACTCCTGGTGTAGCGGTGGAATGCGCAGATATCAGGAAGAACACCGATGGCGAAGGCAGGTCTCTGGGCTGTAACTGACGCTGAGAAGCG",-0.0426983840039281,0.310264437561642,0.343818362894577,0.456065546249118,-0.12418878283421,0.680306679847649,0.906003973078891,0.526528522372139,1,0.846081455229345,FALSE,FALSE,TRUE,TRUE,FALSE,FALSE,FALSE
"ATCCGGAATTATTGGGCGTAAAGAGCTCGTAGGCGGTTTGTCGCGTCTGTCGTGAAAGTCCGGGGCTTAACCCCGGATCTGCGGTGGGTACGGGCAGACTAGAGTGCAGTAGGGGAGACTGGAATTCCTGGTGTAGCGGTGGAATGCGCAGATATCAGGAGGAACACCGATGGCGAAGGCAGGTCTCTGGGCTGTAACTGACGCTGAGGAGCG",-1.48362634205799,2.42968041082173,0.0448532827529431,0.338488040816023,-33.0773190053886,7.17803915601948,6.07369115646893e-05,0.00557072732333266,0.0012248610498879,0.13481160122465,TRUE,FALSE,FALSE,TRUE,FALSE,FALSE,FALSE
"AATCGGAATTACTGGGCGTAAAGCGCACGCAGGCGGTTGGATAAGTTAGATGTGAAAGCCCCGGGCTCAACCTGGGAATTGCATTTAAAACTGTCCAGCTAGAGTCTTGTAGAGGGGGGTAGAATTCCAGGTGTAGCGGTGAAATGCGTAGAGATCTGGAGGAATACCGGTGGCGAAGGCGGCCCCCTGGACAAAGACTGACGCTCAGGTGCG",2.7169412674561,-4.26897573042847,0.200450802855605,0.505477899588247,13.5541550782077,-8.44542507972336,2.79720148776423e-06,6.43888598342815e-05,0.000118568269738777,0.00779105203994807,TRUE,TRUE,FALSE,FALSE,FALSE,FALSE,TRUE
"GTCCGGAATTATTGGGCGTAAAGAGCTTGTAGGCGGTTTGTCGCGTCTGCTGTGAAAGGCCGGAGCTTAACTCCGTGTATTGCAGTGGGTACGGGCAGACTAGAGTGCAGTAGGGGAGACTGGAATTCCTGGTGTAGCGGTGGAATGCGCAGATATCAGGAGGAACACCGATGGCGAAGGCAGGTCTCTGGGCTGTAACTGACGCTGAGAAGCG",-0.200611134713478,0.995886337238403,0.382589698863416,0.472945076468102,-0.524350591010281,2.10571245328435,0.627748883304996,0.102987252635088,0.891173135841643,0.354561697525876,FALSE,FALSE,TRUE,TRUE,FALSE,FALSE,FALSE
"AATCGGAATTACTGGGCGTAAAGCGCGCGTAGGTGGTTCAGCAAGTTGGATGTGAAATCCCCGGGCTCAACCTGGGAACTGCATCCAAAACTACTGAGCTAGAGTACGGTAGAGGGTGGTGGAATTTCCTGTGTAGCGGTGAAATGCGTAGATATAGGAAGGAACACCAGTGGCGAAGGCGACCACCTGGACTGATACTGACACTGAGGTGCG",0.631540252674491,-1.85739161029013,0.412525259766519,0.50420656707318,1.53091292647614,-3.68379099279076,0.368364120607818,0.168749853839571,0.675334221114333,0.424402991797147,FALSE,FALSE,TRUE,TRUE,FALSE,FALSE,FALSE
"ACTCGGAATTACTGGGCGTAAAGCGTGCGTAGGTGGTTATTTAAGTCCGTTGTGAAAGCCCTGGGCTCAACCTGGGAACTGCAGTGGATACTGGATGACTAGAATGTGGTAGAGGGTAGCGGAATTCCTGGTGTAGCAGTGAAATGCGTAGAGATCAGGAGGAACATCCATGGCGAAGGCAGCTACCTGGACCAACATTGACACTGAGGCACG",0.420757458871303,-0.830641884935286,0.268631641127978,0.43777778856316,1.56629895534477,-1.89740527417244,0.161261056606766,0.0995852562902734,0.398216078559564,0.354561697525876,FALSE,FALSE,TRUE,TRUE,FALSE,FALSE,FALSE
"GTTCGGAATTACTGGGCGTAAAGCGCACGTAGGCGGCTATTCAAGTCAGAGGTGAAAGCCCGGGGCTCAACCCCGGAACTGCCTTTGAAACTAGATAGCTTGAATCCAGGAGAGGTGAGTGGAATTCCGAGTGTAGAGGTGAAATTCGTAGATATTCGGAAGAACACCAGTGGCGAAGGCGGCTCACTGGACTGGTATTGACGCTGAGGTGCG",-0.0345230875570735,0.0185493397943249,0.241432782037495,0.580239189242587,-0.142992543372639,0.0319684367037294,0.890325122623611,0.975389640955841,1,1,FALSE,FALSE,TRUE,TRUE,FALSE,FALSE,FALSE
"GTTCGGAATTACTGGGCGTAAAGCGCACGTAGGCGGATATTTAAGTCAGGGGTGAAATCCCGCAGCTCAACTGCGGAACTGCCTTTGATACTGGGTATCTTGAGTATGGAAGAGGTAAGTGGAATTCCGAGTGTAGAGGTGAAATTCGTAGATATTCGGAGGAACACCAGTGGCGAAGGCGGCTTACTGGTCCATTACTGACGCTGAGGTGCG",-0.0862583418406796,-0.117674886682194,0.552062250319173,0.627936036685206,-0.156247491638506,-0.187399479895093,0.890184544992671,0.868636859321002,1,1,FALSE,FALSE,TRUE,TRUE,FALSE,FALSE,FALSE
"ATCCGGATTTATTGGGTTTAAAGGGTGCGTAGGCGGCCTGTTAAGTCAGCGGTGAAATCTAGGAGCTTAACTCCTAAATTGCCATTGATACTGGCGGGCTTGAGTGTAGATGAGGTAGGCGGAATGCGTGGTGTAGCGGTGGAATGCATAGATATCACGCAGAACTCCGATTGCGAAGGCAGCTTACTAAGGTACAACTGACGCTGAAGCACG",0.1421831896641,-0.23446977567676,0.29306834150544,0.596146413928642,0.485153698054626,-0.393309043212371,0.637085118694196,0.70160709639046,0.891173135841643,0.95387032205894,FALSE,FALSE,TRUE,TRUE,FALSE,FALSE,FALSE
"ATCCGGATTTATTGGGCGTAAAGCGCGTCTAGGTGGTTATATAAGTCTGATGTGAAAATGCAGGGCTCAACTCTGTATTGCGTTGGAAACTGTATAACTAGAGTACTGGAGAGGTAAGCGGAACTACAAGTGTAGAGGTGAAATTCGTAGATATTTGTAGGAATGCCGATGGGGAAGCCAGCTTACTGGACAGATACTGACGCTGAAGCGCG",0.120195193798952,-0.290295076518353,0.187945851714627,0.383839223575327,0.639520333662134,-0.756293413201383,0.550630996757517,0.483562922193947,0.843371526679235,0.801522103910514,FALSE,FALSE,TRUE,TRUE,FALSE,FALSE,FALSE
"GTCCGGAATTATTGGGCGTAAAGAGCTTGTAGGCGGTTTGTCGCGTCTGCTGTGAAAGGCCGGGGCTTAACTCCGTGTATTGCAGTGGGTACGGGCAGACTAGAGTGCAGTAGGGGAGACTGGAATTCCTGGTGTAGCGGTGGAATGCGCAGATATCAGGAGGAACACCGATGGCGAAGGCAGGTCTCTGGGCTGTAACTGACGCTGAGAAGCG",0.862953336600932,-1.38315488990237,0.0272557972644846,0.308600145943741,31.661276616751,-4.48202927990361,0.000996079244969817,0.0463462364245976,0.00927119912625753,0.233662275307346,TRUE,FALSE,FALSE,TRUE,FALSE,FALSE,FALSE
"GTTCGGAATTACTGGGCGTAAAGCGCGCGTAGGCGGCTTTGTCAGTCAGGGGTGAAATCCCGGGGCTTAACCTCGGAACTGCCCTTGATACTGCAAGGCTTGAGTCTGTGAGAGGATGGTGGAATACCCAGTGTAGAGGTGAAATTCGTAGATATTGGGTGGAACACCAGTGGCGAAGGCGGCCATCTGGCACAGTACTGACGCTGAGGTGCG",0.288270984100974,-1.47561654867095,0.658069827730596,0.724483370585983,0.438055312602765,-2.03678456757045,0.683963562190468,0.111349954594903,0.919551011389407,0.354561697525876,FALSE,FALSE,TRUE,TRUE,FALSE,FALSE,FALSE
"ATCCGGATTTATTGGGCGTAAAGCGAGCGCAGGCGGTTAGATAAGTCTGAAGTTAAAGGCTGTGGCTTAACCATAGTACGCTTTGGAAACTGTTTAACTTGAGTGCAAGAGGGGAGAGTGGAATTCCATGTGTAGCGGTGAAATGCGTAGATATATGGAGGAACACCGGTGGCGAAAGCGGCTCTCTGGCTTGTAACTGACGCTGAGGCTCG",-0.030900978250733,-0.118922605268706,0.0272557972644846,0.387118189039881,-1.13373965732414,-0.307199735470076,0.320245427497445,0.774020586125149,0.624995108503078,0.965530834238588,FALSE,FALSE,TRUE,TRUE,FALSE,FALSE,FALSE
"GTCCGGAATTACTGGGCGTAAAGGGCTCGTAGGTGGTTTGTCGCGTCGTCTGTGAAATTCCGGGGCTTAACTCCGGGCGTGCAGGCGATACGGGCATAACTTGAGTACTGTAGGGGTAACTGGAATTCCTGGTGTAGCGGTGAAATGCGCAGATATCAGGAGGAACACCGATGGCGAAGGCAGGTTACTGGGCAGTTACTGACGCTGAGGAGCG",-2.09470201680296,2.6895125685713,0.0712725401539766,0.397207227264621,-29.3900289266748,6.77105647621949,8.54932499707306e-07,0.00106790321654051,0.000103446832464584,0.0646081446007011,TRUE,FALSE,FALSE,TRUE,FALSE,FALSE,FALSE
"ATCCGGATTTATTGGGTTTAAAGGGAGCGTAGGCGGATTATTAAGTCAGTGGTGAAAGACGGTGGCTCAACCATCGTTAGCCATTGAAACTGGTAGTCTTGAGTGCAGACAGGGATGCTGGAACTCGTGGTGTAGCGGTGAAATGCTTAGATATCACGATGAACTCCGATCGCGAAGGCAGGTGTCCGGGCTGCAACTGACGCTGAGGCTCG",-0.558540245554125,0.946192218765628,0.36977925920799,0.49510935249114,-1.51046937232346,1.91107724789456,0.181669214606976,0.104551639732587,0.431019117008707,0.354561697525876,FALSE,FALSE,TRUE,TRUE,FALSE,FALSE,FALSE
"AATCGGAATTACTGGGCGTAAAGCGAGTGTAGGTGGCTCATTAAGTCACATGTGAAATCCCCGGGCTTAACCTGGGAACTGCATGTGATACTGGTGGTGCTAGAATATGTGAGAGGGAAGTAGAATTCCAGGTGTAGCGGTGAAATGCGTAGAGATCTGGAGGAATACCGATGGCGAAGGCAGCTTCCTGGCATAATATTGACACTGAGATTCG",-0.433385446017321,0.772136839368399,0.096613848995616,0.285372644963234,-4.48574868430081,2.70571427568987,0.139637216028878,0.22537462631002,0.384002344079416,0.495824177882043,FALSE,FALSE,TRUE,TRUE,FALSE,FALSE,FALSE
"ATCCGGAATTATTGGGCGTAAAGGGTGCGTAGGCGGCCTGTTAAGTAAGTGGTTAAATTGTTGGGCTCAACCCAATCCAGCCACTTAAACTGGCAGGCTAGAGTATTGGAGAGGCAAGTGGAATTCCATGTGTAGCGGTAAAATGCGTAGATATATGGAGGAACACCAGTGGCGAAGGCGGCTTGCTAGCCAAAGACTGACGCTCATGCACG",-0.274899962634155,0.151448784676167,0.170790633830661,0.479198708707761,-1.60957282298465,0.316045894790856,0.168405407104441,0.764734896179844,0.407541085192747,0.963884608726678,FALSE,FALSE,TRUE,TRUE,FALSE,FALSE,FALSE
"AATCGGAATTACTGGGCGTAAAGCGCGCGTAGGTGGTTCAGCAAGTTGGATGTGAAAGCCCCGGGCTCAACCTGGGAACTGCATCCAAAACTACTGAGCTAGAGTACGGTAGAGGGTGGTGGAATTTCCTGTGTAGCGGTGAAATGCGTAGATATAGGAAGGAACACCAGTGGCGAAGGCGACCACCTGGACTGATACTGACACTGAGGTGCG",-0.747832700318564,1.12175710438166,0.167542653206003,0.391549978189128,-4.46353621605277,2.86491423028459,0.0111299295888219,0.0457023244388741,0.0673360740123726,0.233662275307346,FALSE,FALSE,TRUE,TRUE,FALSE,FALSE,FALSE
"ATCCGGAATTATTGGGTTTAAAGGGTGCGTAGGTGGCGTATTAAGTCAGTGGTGAAAAGCTGCAGCTCAACTGTAGTCTTGCCGTTGAAACTGATATGCTAGAGAGGAGACGAGGTATGCGGAATGTGTGGTGTAGCGGTGAAATGCATAGATATCACACAGAACGCCGATTGCGAAGGCAGCGTACCAGGCTCCGTCTGACACTGAAGCACG",0.109674877540091,-0.132411947447024,0.15130640891403,0.349553963324704,0.724852822344137,-0.378802592273929,0.543875135299794,0.741266853980722,0.843371526679235,0.95795527044214,FALSE,FALSE,TRUE,TRUE,FALSE,FALSE,FALSE
"AATCGGAATTACTGGGCGTAAAGCGCGCGTAGGTGGTTCGTTAAGTTGGATGTGAAATCCCCGGGCTCAACCTGGGAACTGCATTCAAAACTGACGAGCTAGAGTATGGTAGAGGGTGGTGGAATTTCCTGTGTAGCGGTGAAATGCGTAGATATAGGAAGGAACACCAGTGGCGAAGGCGACCACCTGGACTGATACTGACACTGAGGTGCG",-0.044160591210713,0.0313414278611331,0.119302224972626,0.342713588658239,-0.370157314508139,0.0914507883502321,0.722211169714562,0.929696427859311,0.939651091779162,1,FALSE,FALSE,TRUE,TRUE,FALSE,FALSE,FALSE
"AATCGGAATTACTGGGCGTAAAGCGCGCGTAGGTGGTTCGTTAAGTTGGATGTGAAAGCCCCGGGCTCAACCTGGGAACTGCATCCAAAACTGGCGAGCTAGAGTAGGGCAGAGGGTGGTGGAATTTCCTGTGTAGCGGTGAAATGCGTAGATATAGGAAGGAACACCAGTGGCGAAGGCGACCACCTGGGCTCATACTGACACTGAGGTGCG",-0.485055785261288,0.548161399884724,0.369500744160792,0.56063716659214,-1.31273290494433,0.977747164385746,0.246294752028997,0.373103508329,0.52283622799138,0.684023098603167,FALSE,FALSE,TRUE,TRUE,FALSE,FALSE,FALSE
"GTCCGGAATTACTGGGTGTAAAGGGAGCGCAGGCGGGAGAACAAGTTGGAAGTGAAATCCATGGGCTCAACCCATGAACTGCTTTCAAAACTGTTTTTCTTGAGTAGTGCAGAGGTAGGCGGAATTCCCGGTGTAGCGGTGGAATGCGTAGATATCGGGAGGAACACCAGTGGCGAAGGCGGCCTACTGGGCACCAACTGACGCTGAGGCTCG",-0.0969927519997017,0.258211035643,0.0272557972644846,0.275787135349162,-3.55860997418289,0.936269327124669,1,1,1,1,FALSE,FALSE,TRUE,TRUE,FALSE,FALSE,FALSE
"ATCCGGATTTATTGGGTTTAAAGGGAGCGTAGGCGGATTGTTAAGTCAGCGGTTAAAGGGTGTGGCTCAACCATGCATTGCCGTTGAAACTGGCGATCTTGAGTGCAGACAGGGATGCCGGAATTCGTGGTGTAGCGGTGAAATGCTTAGATATCACGAAGAACTCCGATCGCGAAGGCAGGTGTCCGGGCTGCAACTGACGCTGAGGCTCG",0.859238241845909,-1.54789715760981,0.202478674694558,0.533574370144519,4.24359870560236,-2.90099608268396,0.0028236173339464,0.0198613458189014,0.0227771798271676,0.208740726057741,TRUE,FALSE,FALSE,TRUE,FALSE,FALSE,FALSE
"ATCCGGATTTATTGGGCGTAAAGCGCGTCTAGGTGGTTATGTAAGTCTGATGTGAAAATGCAGGGCTCAACTCTGTATTGCGTTGGAAACTGTGTAACTAGAGTACTGGAGAGGTAAGCGGAACTACAAGTGTAGAGGTGAAATTCGTAGATATTTGTAGGAATGCCGATGGGGAAGCCAGCTTACTGGACAGATACTGACGCTAAAGCGCG",-0.422052263157018,1.50434497808937,0.104000651167316,0.288051384520209,-4.05816942893966,5.22248827442741,0.153809339468521,0.120441847714443,0.387727709910229,0.360536679437387,FALSE,FALSE,TRUE,TRUE,FALSE,FALSE,FALSE
"AATCGGAATTACTGGGCGTAAAGCGCACGCAGGCGGTCTGTCAAGTCGGATGTGAAATCCCCGGGCTCAACCTGGGAACTGCATCCGAAACTGGCAGGCTAGAGTCTTGTAGAGGGGGGTAGAATTCCAGGTGTAGCGGTGAAATGCGTAGAGATCTGGAGGAATACCGGTGGCGAAGGCGGCCCCCTGGACAAAGACTGACGCTCAGGTGCG",0.207424059327212,-0.312189953787161,0.169055821912111,0.341523952404468,1.22695602541891,-0.914108517394508,0.344671734581706,0.457155175003702,0.661988569593436,0.768274669103444,FALSE,FALSE,TRUE,TRUE,FALSE,FALSE,FALSE
"AATCGGAATTACTGGGCGTAAAGCGGGCGCAGACGGTTACTTAAGCAGGATGTGAAATCCCCGGGCTCAACCTGGGAACTGCGTTCTGAACTGGGTGACTAGAGTGTGTCAGAGGGAGGTAGAATTCCACGTGTAGCAGTGAAATGCGTAGAGATGTGGAGGAATACCGATGGCGAAGGCAGCCTCCTGGGATAACACTGACGTTCATGCCCG",0.81690862842779,-1.23684469501041,0.0641083259959982,0.404942149682197,12.7426292253955,-3.05437380618714,5.29383574821944e-05,0.0282828402961179,0.0012248610498879,0.211715185949612,TRUE,FALSE,FALSE,TRUE,FALSE,FALSE,FALSE
"GTCCGGAATTACTGGGCGTAAAGAGCTCGTAGGCGGTTTGTCACGTCGTCTGTGAAATCCTAGGGCTTAACCCTGGACGTGCAGGCGATACGGGCTGACTTGAGTACTACAGGGGAGACTGGAATTTCTGGTGTAGCGGTGGAATGCACAGATATCAGGAAGAACACCGATGGCGAAGGCAGGTCTCTGGGTAGTAACTGACGCTGAGGAGCG",-1.28932150467171,1.46832565758566,0.148166871299629,0.381263242322499,-8.70182040939769,3.85121221925625,0.00012724110987664,0.00844806691551457,0.00192452178688417,0.14603087096818,TRUE,FALSE,FALSE,TRUE,FALSE,FALSE,FALSE
"ATCCGGATTTACTGGGCGTAAAGGGTGCGTAGGTGGTCCTTCAAGTCGGTGGTTAAAGGCTACGGCTCAACCGTAGTAAGCCGCCGAAACTGGAGGACTTGAGTGCAGGAGAGGAAAGTGGAATTCCCAGTGTAGCGGTGAAATGCGTAGATATTGGGAGGAACACCAGTAGCGAAGGCGGCTTTCTGGACTGCAACTGACACTGAGGCACG",-0.263316293454552,0.300541265391524,0.326329398800254,0.452691396340265,-0.806903375615656,0.663898779215194,0.450514962566094,0.53142306278868,0.76777902071123,0.846081455229345,FALSE,FALSE,TRUE,TRUE,FALSE,FALSE,FALSE
"GTCCGGAATTATTGGGCGTAAAGGGTACGTAGGCGGTTTTTTAAGTCAGGTGTGAAAGCGTGAGGCTTAACCTCATTAAGCACTTGAAACTGGAAGACTTGAGTGAAGGAGAGGAAAGTGGAATTCCTAGTGTAGCGGTGAAATGCGTAGATATTAGGAGGAATACCGGTGGCGAAGGCGACTTTCTGGACTTTTACTGACGCTCAGGTACG",-0.334539568571896,0.338368736179484,0.093185196768619,0.356609391626033,-3.59005056782319,0.94884976146204,0.0370217907075205,0.412698024899659,0.149321222520333,0.713378014469411,FALSE,FALSE,TRUE,TRUE,FALSE,FALSE,FALSE
"ATCCGGATTTACTGGGCGTAAAGTGTCCGTAGTCTGATCTGTAAGTCTGTTTTCAAATCCTACGACTCAATCGTAGAAAGGGAATGGATACTGCAGATCTAGAAGTATCTAGGGGTTAGTGGAATTTCCGGTGGAGCGGTGAAATGCGTTGATATCGGAAGGAACGCCGAAAGCGAAAGCAGCTAACTATAGAATACTTGACGATGAGGGACG",0.888171716247545,-1.23845910612648,0.330040435195912,0.733022492484785,2.69109970031498,-1.68952401709855,0.0432417553296554,0.151914674185646,0.168782335318977,0.40848167947696,FALSE,FALSE,TRUE,TRUE,FALSE,FALSE,FALSE
"AATCGGATTTACTGGGCGTAAAGCGTGCGTAGGCGGCTAATTGAGTCGGATGTGAAATCCCCGAGCTTAACTTGGGAATTGCATTCGATACTGGTTAGCTAGAGTGTGGGAGAGGATGGTAGAATTCCAGGTGTAGCGGTGAAATGCGTAGAGATCTGGAGGAATACCGATGGCGAAGGCAGCCATCTGGCCTAACACTGACGCTGAGGTACG",-0.765130110251533,1.33256233408163,0.310068858743064,0.683326090413545,-2.46761352737313,1.95011189061312,0.0566960457950171,0.108654588759169,0.193697078282029,0.354561697525876,FALSE,FALSE,TRUE,TRUE,FALSE,FALSE,FALSE
"GTCCGGAATTATTGGGCGTAAAGGGCGCGCAGGCGGCTTCTTAAGTCTGTCTTAAAAGTGCGGGGCTTAACCCCGTGATGGGATGGAAACTGGGAAGCTCAGAGTATCGGAGAGGAAAGCGGAATTCCTAGTGTAGCGGTGAAATGCGTAGATATTAGGAGGAACACCAGTGGCGAAAGCGGCTTTCTGGACGAAAACTGACGCTGAGGCGCG",-0.451439029892786,0.658023805505414,0.460175664744027,0.646479853002246,-0.981014565696121,1.01785663149371,0.359267203425125,0.342628922952854,0.675334221114333,0.637816918112236,FALSE,FALSE,TRUE,TRUE,FALSE,FALSE,FALSE
"ATCCGGAATTATTGGGCGTAAAGAGTGCGTAGGTGGCACCTTAAGCGCAGGGTTTAAGGCAATGGCTCAACCATTGTTCGCCTTGCGAACTGGGGTGCTTGAGTGCAGGAGGGGAAAGTGGAATTCCTAGTGTAGCGGTGAAATGCGTAGATATTAGGAGGAACACCAGTGGCGAAGGCGACTTTCTGGACTGTTACTGACACTGAGGCACG",-0.193675886468939,0.0371444478541164,0.0272557972644846,0.340688959773394,-7.10586025385896,0.109027448024212,0.0192350621695522,0.923134039876973,0.101715469740538,1,FALSE,FALSE,TRUE,TRUE,FALSE,FALSE,FALSE
"AATCGGAATTACTGGGCGTAAAGCGCGCGTAGGTGGTTAGTTAAGTTGGATGTGAAATCCCCGGGCTCAACCTGGGAACTGCATTCAAAACTGACTGACTAGAGTATGGTAGAGGGTGGTGGAATTTCCTGTGTAGCGGTGAAATGCGTAGATATAGGAAGGAACACCAGTGGCGAAGGCGACCACCTGGACTGATACTGACACTGAGGTGCG",0.127635921335073,-0.217266814473032,0.240924648620144,0.36889198860222,0.529775272335508,-0.588971355263865,0.61893926529218,0.581482143379953,0.891173135841643,0.881644987437313,FALSE,FALSE,TRUE,TRUE,FALSE,FALSE,FALSE
"GTCCGGAATTATTGGGCGTAAAGCGCGCGCAGGCGGATCAGTTAGTCTGTCTTAAAAGTTCGGGGCTTAACCCCGTGATGGGATGGAAACTGCTGATCTAGAGTATCGGAGAGGAAAGTGGAATTCCTAGTGTAGCGGTGAAATGCGTAGATATTAGGAAGAACACCAGTGGCGAAGGCGACTTTCTGGACGAAAACTGACGCTGAGGCGCG",0.100833815969173,-0.144845616484391,0.217126640262327,0.347147235213328,0.464400940609352,-0.4172454848888,0.661879937116968,0.693808977087896,0.899859240350035,0.95387032205894,FALSE,FALSE,TRUE,TRUE,FALSE,FALSE,FALSE
"ATCCGGATTCATTGGGCGTAAAGCGCTCGTAGGCGGTCTGTTAGGTCGGGAGTTAAATCCGGGGGCTCAACCCCCGTTCGCTCCCGATACCGGCAGACTTGAGTTTGGTAGGGGAAGGTGGAATTCCTAGTGTAGCGGTGGAATGCGCAGATATTAGGAAGAACACCAGTGGCGAAGGCGGCCTTCTGGGCCATAACTGACGCTGAGGAGCG",0.101955239335033,-0.956134103080391,0.265583306842458,0.381860194714962,0.383891745860038,-2.50388523421273,0.738027898988733,0.12928437972511,0.950014635932306,0.360536679437387,FALSE,FALSE,TRUE,TRUE,FALSE,FALSE,FALSE
"GTCCGGAATTATTGGGCGTAAAGAGCTCGTAGGCGGCTGGTCGCGTCTGTCGTGAAAACTTCCGGCTCAACCGGGGGCTTGCGGTGGGTACGGGCCGGCTAGAGTGCGGTAGGGGTAACTGGAACTCCTGGTGTAGCGGTGGAATGCGCAGATATCAGGAAGAACACCGATGGCGAAGGCAGGTTACTGGGCCGTTACTGACGCTGAGGAGCG",1.18199979906344,-2.35296877547228,0.29226462430238,0.442061782314464,4.04427939879763,-5.32271476433238,0.00988093281906105,0.00313320264795666,0.0629259405845467,0.12614595963912,FALSE,FALSE,TRUE,TRUE,FALSE,FALSE,FALSE
"GTCCGGAATTACTGGGCGTAAAGAGCTCGTAGGTGGTTTGTCGCGTCGTTTGTGTAAGCCCGCAGCTTAACTGCGGGACTGCAGGCGATACGGGCATAACTTGAGTGCTGTAGGGGAGACTGGAATTCCTGGTGTAGCGGTGGAATGCGCAGATATCAGGAGGAACACCGATGGCGAAGGCAGGTCTCTGGGCAGTAACTGACGCTGAGGAGCG",-0.507446840594286,0.622568039866007,0.165165406787708,0.438034359335105,-3.0723554675497,1.42127672544,0.054461539583116,0.250353766891775,0.193697078282029,0.540942960605441,FALSE,FALSE,TRUE,TRUE,FALSE,FALSE,FALSE
"AATCGGAATAACTGGGCGTAAAGGGCACGCAGGCGGCTATTTAAGTGAGGTGTGAAATCCCCGGGCTTAACCTGGGAATTGCATTTCAGACTGGGTAGCTAGAGTACTTTAGGGAGGGGTAGAATTCCACGTGTAGCGGTGAAATGCGTAGAGATGTGGAGGAATACCGAAGGCGAAGGCAGCCCCTTGGGAATGTACTGACGCTCATGTGCG",0.692902803579071,-1.05611665984749,0.182466691581886,0.501298588894341,3.79742076524754,-2.10676168504054,0.00899490135753135,0.0797288970550907,0.0604657257922941,0.344542733702356,FALSE,FALSE,TRUE,TRUE,FALSE,FALSE,FALSE
"GTCCGGATTTATTGGGCGTAAAGGGAGTGTAGGCGGTCTTTTAAGTCTGATGTGAAAGCCCACGGCTCAACCGTGGAGGGTCATTGGAAACTGGGAGACTTGAGTGCAGAAGAGGAGAGCGGAATTCCATGTGTAGCGGTGAAATGCGTAGATATATGGAGGAACACCAGTGGCGAAGGCGGCTCTCTGGTCTGTAACTGACGCTGAGGCTCG",0.0848577820376143,-0.61687850702391,0.0272557972644846,0.275787135349162,3.11338469442563,-2.23679217757169,1,1,1,1,FALSE,FALSE,TRUE,TRUE,FALSE,FALSE,FALSE
"AATCGGAATTACTGGGCGTAAAGCGCGCGTAGGTGGTTCGTTAAGTTGGATGTGAAAGCCCCGGGCTCAACCTGGGAACTGCATCCAAAACTGGCGAGCTAGAGTATGGCAGAGGGTGGTGGAATTTCCTGTGTAGCGGTGAAATGCGTAGATATAGGAAGGAACACCAGTGGCGAAGGCGACCACCTGGGCTAATACTGACACTGAGGTGCG",-0.90680109234976,0.813903926381303,0.0272557972644846,0.389543520015001,-33.2700263195514,2.08937868187349,0.000902205908707302,0.171865674364134,0.00909724291279863,0.424402991797147,TRUE,FALSE,FALSE,TRUE,FALSE,FALSE,FALSE
"ATCCGGATTTATTGGGTTTAAAGGGAGCGTAGGCGGATTGTTAAGTCAGCGGTTAAAGGGTGTGGCTCAACCATACATTGCCGTTGAAACTGGCGATCTTGAGTGCAGACAGGGATGCCGGAATTCGTGGTGTAGCGGTGAAATGCTTAGATATCACGAAGAACTCCGATCGCGAAGGCAGGTGTCCGGGCTGCAACTGACGCTGAGGCTCG",1.26389710364832,-1.48007510383087,0.0272557972644846,0.359036021828997,46.3716798075552,-4.12235824219277,2.20793182898031e-05,0.0258769495112902,0.000667899378266543,0.208740726057741,TRUE,FALSE,FALSE,TRUE,FALSE,FALSE,FALSE
"ATCCGGATTTATTGGGCGTAAAGCGCGTCTAGGTGGTTATGTAAGTCTGATGTGAAAATGCAGGGCTCAACTCTGTATTGCGTTGGAAACTGTATAACTAGAGTACTGGAGAGGTAAGCGGAACTACAAGTGTAGAGGTGAAATTCGTAGATATTTGTAGGAATGCCGATGGGGAAGCCAGCTTACTGGACAGATACTGACGCTGAAGCGCG",-0.501238068118919,0.668082317456639,0.204083140219983,0.345040948932742,-2.45604839076188,1.93624066802247,0.0699882240254676,0.124915859338179,0.222857239660042,0.360536679437387,FALSE,FALSE,TRUE,TRUE,FALSE,FALSE,FALSE
"AATCGGAATAACTGGGCGTAAAGGGCACGCAGGCGGTGACTTAAGTGAGATGTGAAAGCCCCGGGCTTAACCTGGGAATTGCATTTCATACTGGGTCGCTAGAGTACTTTAGGGAGGGGTAGAATTCCACGTGTAGCGGTGAAATGCGTAGAGATGTGGAGGAATACCGAAGGCGAAGGCAGCCCCTTGGGAATGTACTGACGCTCATGTGCG",0.235226405212722,-0.264355680514548,0.261779037286684,0.450596058901536,0.898568531884076,-0.586679965996583,0.410064332383055,0.582905776818058,0.731767825719588,0.881644987437313,FALSE,FALSE,TRUE,TRUE,FALSE,FALSE,FALSE
"GTTCGGAATTACTGGGCGTAAAGCGCACGCAGGCGGTTCGGTCAGTCAGAAGTGAAAGCCCCGGGCTTAACCTGGGAACTGCTTTTGATACTGCCGAGCTTGAATCACGGAGAGGGTAGTGGAATTCCGAGTGTAGAGGTGAAATTCGTAGATATTCGGAAGAACACCAGTGGCGAAGGCGACTACCTGGCCGTCGATTGACGCTCATGTGCG",0.753414186810668,-4.09620648572697,0.567824723567748,0.641167251391149,1.32684287164678,-6.38867078260684,0.276512941742262,0.00776605893990817,0.569140335287929,0.14603087096818,FALSE,FALSE,TRUE,TRUE,FALSE,FALSE,FALSE
"GTTCGGAATTACTGGGCGTAAAGCGCACGTAGGCGGCTTTGTAAGTCAGAGGTGAAAGCCTGGAGCTCAACTCCAGAACTGCCTTTGAGACTGCATCGCTTGAATCCAGGAGAGGTCAGTGGAATTCCGAGTGTAGAGGTGAAATTCGTAGATATTCGGAAGAACACCAGTGGCGAAGGCGGCTGACTGGACTGGTATTGACGCTGAGGTGCG",1.14113558301492,-2.33683554449478,0.143977503858107,0.528377283138885,7.92579085229551,-4.42266467364483,0.00137164281491627,0.0114871275441357,0.0118549129003478,0.173742804105053,TRUE,FALSE,FALSE,TRUE,FALSE,FALSE,FALSE
"ATCCGGAATTATTGGGCATAAAGGGCATCTAGGCGGCCAGATAAGTCTGGGGTGAAAACTTGCGGCTCAACCGCAAGCCTGCCCTGGAAACTATGTGGCTAGAGTACTGGAGAGGTGGACGGAACTGCACGAGTAGAGGTGAAATTCGTAGATATGTGCAGGAATGCCGATGATGAAGATAGTTCACTGGACGGTAACTGACGCTGAAGTGCG",-0.153954298902315,0.283883622020745,0.198563930077206,0.426444639489122,-0.775338697428351,0.665698652844682,0.463522515698232,0.526923558462042,0.768304443828576,0.846081455229345,FALSE,FALSE,TRUE,TRUE,FALSE,FALSE,FALSE
"ATCCGGATTTATTGGGTTTAAAGGGTGCGTAGGCCGTTTGATAAGCGTGCTGTGAAATATAGTGGCTCAACCTCTATCGTGCAGCGCGAACTGTTGAACTTGAGTGCGTAGTAGGTAGGCGGAATTCGTGGTGTAGCGGTGAAATGCTTAGATATCACGAAGAACTCCGATTGCGAAGGCAGCTTACCGTAACGTTACTGACGCTTAAGCACG",-0.0138552175633938,-0.099019618391289,0.0497300916723466,0.287018270928861,-0.278608325411518,-0.344994129017771,0.789898515833372,0.74187098060329,0.97087846150726,0.95795527044214,FALSE,FALSE,TRUE,TRUE,FALSE,FALSE,FALSE
"ATCCGGATTTATTGGGTTTAAAGGGAGCGTAGGCCGGAGATTAAGTGTGTTGTGAAATGTAGACGCTCAACGTCTGACTTGCAGCGCATACTGGTTTCCTTGAGTACGCACAACGTTGGCGGAATTCGTCGTGTAGCGGTGAAATGCTTAGATATGACGAAGAACTCCGATTGCGAAGGCAGCTGACGGGAGCGCAACTGACGCTTAAGCTCG",0.259310209133236,-0.560015516393062,0.0410274487858987,0.266585520866628,6.32040784418362,-2.1006974218725,0.00800606937967652,0.126481202510876,0.0569843761729917,0.360536679437387,FALSE,FALSE,TRUE,TRUE,FALSE,FALSE,FALSE
"GTCCGGAATTATTGGGCGTAAAGAGCTTGTAGGCGGTTGGTCGCGTCTGCTGTGAAAGGCTGGGGCTTAACCCTGGTTTTGCAGTGGGTACGGGCTAACTAGAGTGCAGTAGGGGAGACTGGAATTCCTGGTGTAGCGGTGGAATGCGCAGATATCAGGAGGAACACCGATGGCGAAGGCAGGTCTCTGGGCTGTAACTGACGCTGAGAAGCG",0.168690620324066,-0.589270818875884,0.0785768794263058,0.279746212775792,2.1468225966173,-2.10644788727906,0.277514708942048,0.282169198144512,0.569140335287929,0.5690412162581,FALSE,FALSE,TRUE,TRUE,FALSE,FALSE,FALSE
"ACTCGGAATCACTGGGCGTAAAGGACGCGTAGGCGGATTATCAAGTCTCTTGTGAAATCCTATGGCTTAACCATAGAACTGCTTGGGAAACTGATAATCTAGAGTGAGGGAGAGGCAGATGGAATTGGTGGTGTAGGGGTAAAATCCGTAGAGATCACCAGGAATACCCATTGCGAAGGCGATCTGCTGGAACTCAACTGACGCTAATGCGTG",-0.0979283609755369,-0.0321101077594377,0.208628236082215,0.39464136057714,-0.469391693159625,-0.0813652874916064,0.6585462158237,0.938308047441076,0.899859240350035,1,FALSE,FALSE,TRUE,TRUE,FALSE,FALSE,FALSE
"GTCCGGAATTATTGGGCGTAAAGCGCGCGCAGGCGGCCTATCCAGTCTGTCTTAAAAGTTCGGGGCTCAACCCCGTGATGGGATGGAAACTAGTAGGCTAGAGTATCGGAGAGGAAAGCGGAATTCCTAGTGTAGCGGTGAAATGCGTAGATATTAGGAAGAACACCAGTGGCGAAGGCGGCTTTCTGGACGAAAACTGACGCTGAGGCGCG",-0.62397905388206,1.06933657292981,0.209286576107872,0.376658967241705,-2.98145760462174,2.83900468575227,0.0307482495100348,0.0362888285713776,0.128294420369455,0.229977671082051,FALSE,FALSE,TRUE,TRUE,FALSE,FALSE,FALSE
"ATCCGGATTTATTGGGTTTAAAGGGAGCGTAGGCTGGAGATTAAGTGTGTTGTGAAATGTAGACGCTCAACGTCTGACTTGCAGCGCATACTGGTTTCCTTGAGTACGCACAACGTTGGCGGAATTCGTCGTGTAGCGGTGAAATGCTTAGATATGACGAAGAACTCCGATTGCGAAGGCAGCTGACGGGAGCGCAACTGACGCTGAAGCTCG",0.343264015995053,-0.66819108128981,0.314832286664797,0.418953657747401,1.09030754002853,-1.59490451732177,0.317416824670553,0.16184433309487,0.624995108503078,0.41666307030807,FALSE,FALSE,TRUE,TRUE,FALSE,FALSE,FALSE
"AATCGGAATTACTGGGCGTAAAGCGCGCGTAGGTGGTTCGTTAAGTTGGATGTGAAATCCCCGGGCTCAACCTGGGAGCTGCATCCAAAACTGGCGAGCTAGAGTATGGTAGAGGGTGGTGGAATTTCCTGTGTAGCGGTGAAATGCGTAGATATAGGAAGGAACACCAGTGGCGAAGGCGACCACCTGGACTGATACTGACACTGAGGTGCG",0.678625642149536,-2.16994803093598,0.217987911835827,0.34758977507601,3.11313428544896,-6.24284195489199,0.0895401772046948,0.024711602938185,0.264252718091904,0.208740726057741,FALSE,FALSE,TRUE,TRUE,FALSE,FALSE,FALSE
"ATCCGGATTTATTGGGCGTAAAGCGCGTCTAGGTGGTTATGTAAGTCTGATGTGAAAATGCAGGGCTCAACTCTGTATTGCGTTGGAAACTGTGTAACTAGAGTACTGGAGAGGTAAGCGGAACTACAAGTGTAGAGGTGAAATTCGTAGATATTTGTAGGAATGCCGATGGGGAAGCCAGCTTACTGGACAGATACTGACGCTGAAGCGCG",0.341044799902122,-0.919475589643192,0.189767582664266,0.330316250923903,1.79717101895898,-2.78362202002292,0.132238342448912,0.0387357923113056,0.37466496193563,0.229977671082051,FALSE,FALSE,TRUE,TRUE,FALSE,FALSE,FALSE
"AATCGGAATTACTGGGCGTAAAGCGTGCGCAGGCGGTTCGGAAAGAAAGATGTGAAATCCCAGAGCTTAACTTTGGAACTGCATTTTTAACTACCGAGCTAGAGTGTGTCAGAGGGAGGTGGAATTCCGCGTGTAGCAGTGAAATGCGTAGATATGCGGAGGAACACCGATGGCGAAGGCAGCCTCCTGGGATAACACTGACGCTCATGCACG",0.0896248712058872,-0.555301513037,0.112496640053862,0.456616695373261,0.796689315902912,-1.21612179025357,0.461767808576463,0.278214148412185,0.768304443828576,0.5690412162581,FALSE,FALSE,TRUE,TRUE,FALSE,FALSE,FALSE
"AATCGGAATAACTGGGCGTAAAGGGCACGCAGGCGGACTTTTAAGTGAGGTGTGAAAGCCCCGGGCTTAACCTGGGAATTGCATTTCAGACTGGGAGTCTAGAGTACTTTAGGGAGGGGTAGAATTCCACGTGTAGCGGTGAAATGCGTAGAGATGTGGAGGAATACCGAAGGCGAAGGCAGCCCCTTGGGAATGTACTGACGCTCATGTGCG",-0.746695159523767,1.05209825627078,0.0480021825615386,0.335984798943209,-15.5554418503056,3.13138647813831,0.00057729769435802,0.0520095728703689,0.00635027463793822,0.242044550665947,TRUE,FALSE,FALSE,TRUE,FALSE,FALSE,FALSE
"ATCCGGATTTATTGGGTTTAAAGGGTCCGTAGGCGGACTTATAAGTCAGTGGTGAAAGCCTGTCGCTTAACGATAGAACTGCCATTGATACTGTAAGTCTTGAGTATATTTGAGGTAGCTGGAATAAGTAGTGTAGCGGTGAAATGCATAGATATTACTTAGAACACCAATTGCGAAGGCAGGTTACCAAGATATAACTGACGCTGAGGGACG",0.512939767069927,-2.17709444959233,0.221865821551532,0.350252564612442,2.31193684310131,-6.21578446399475,0.146942060065128,0.0249192193058816,0.386521505823488,0.208740726057741,FALSE,FALSE,TRUE,TRUE,FALSE,FALSE,FALSE
"AATCGGAATTACTGGGCGTAAAGCGCGCGTAGGTGGTTCGTTAAGTTGGATGTGAAAGCTCCGGGCTCAACCTGGGAACTGCATCCAAAACTGGCGAGCTAGAGTACGGTAGAGGGTGGTGGAATTTCCTGTGTAGCGGTGAAATGCGTAGATATAGGAAGGAACACCAGTGGCGAAGGCGACCACCTGGACTGATACTGACACTGAGGTGCG",-0.329026185403283,0.648702692693244,0.0446292900400579,0.292421227543217,-7.37242705649047,2.21838441122532,0.017905691632697,0.156771682051222,0.101715469740538,0.412377685395605,FALSE,FALSE,TRUE,TRUE,FALSE,FALSE,FALSE
"ATCCGGATTTATTGGGCGTAAAGCGCGTCTAGGTGGTTATGTAAGTCTGATGTGAAAATGCAGGGCTCAACTCTGTATTGCGTTGGAAACTGTATAACTAGAGTACTGGAGAGGTAAGCGGAACTACAAGTGTAGAGGTGAAATTCGTAGATATTTGTAGGAATGCCGATGGGGAAGCCAGCTTACTGGACAGATACTGACGCTAAAGCGCG",-0.135614972132462,0.130622182847871,0.215457290082832,0.376617604113241,-0.629428561365108,0.346829732389769,0.56322889598288,0.746197105792231,0.851883705174106,0.95795527044214,FALSE,FALSE,TRUE,TRUE,FALSE,FALSE,FALSE
"ATCCGGATTTACTGGGTGTAAAGGGAGCGCAGACGGCAATGCAAGTCTGAAGTGAAAGGCGTGGGCTCAACCCATGAACTGCTTTGGAAACTGTATAGCTTGAGTGTCGGAGGGGTAAGCGGAATTCCTAGTGTAGCGGTGAAATGCGTAGATATTAGGAGGAACACCGGAGGCGAAGGCGGCTTACTGGACGACAACTGACGTTGAGGCTCG",-0.4116410202285,0.878112013888503,0.125214293877206,0.321411386710841,-3.28749224615031,2.7320501083507,0.0217736757153403,0.0411796618296036,0.101715469740538,0.229977671082051,FALSE,FALSE,TRUE,TRUE,FALSE,FALSE,FALSE
"GCTCGGAATTACTGGGCGTAAAGGGAGCGTAGGCGGACATTTAAGTCAGGGGTGAAATCCCGGGGCTCAACCTCGGAATTGCCTTTGATACTGGGTGTCTTGAGTATGAGAGAGGTGTGTGGAACTCCGAGTGTAGAGGTGAAATTCGTAGATATTCGGAAGAACACCAGTGGCGAAGGCGACACACTGGCTCATTACTGACGCTGAGGCTCG",0.800222468972165,-1.15157025774148,0.0272557972644846,0.332475002146293,29.3597160709324,-3.46362959713517,8.67769511579928e-05,0.0405332086956785,0.00150000158430245,0.229977671082051,TRUE,FALSE,FALSE,TRUE,FALSE,FALSE,FALSE
"ATCCGGATTTATTGGGTTTAAAGGGAGTGTAGGCGGTCTGTTAAGCGTGTTGTGAAATTTAGGTGCTCAACATTTAACTTGCAGCGCGAACTGGCGGACTTGAGTGCACGCAACGTATGCGGAATTCATGGTGTAGCGGTGAAATGCTTAGATATCATGACGAACTCCGATTGCGAAGGCAGCGTACGGGAGTGTTACTGACGCTTAAGCTCG",-0.659580602439752,2.02635788912936,0.0802990123337442,0.280224860551018,-8.21405622896528,7.23118528864589,0.077124171722595,0.0874832308232887,0.23330061946085,0.3542275114358,FALSE,FALSE,TRUE,TRUE,FALSE,FALSE,FALSE
"ATCCGGAATAACTGGGCGTAAAGGGTGCGCAGGTGGTTTAACAAGTTAGTGGTGAAAGGCATAGGCTCAACCAATGTAAGCCATTAAAACTGTTTAACTTGAGTGCAGGAGAGGAAAGTGGAATTCCTAGTGTAGCGGTGAAATGCGTAGATATTAGGAGGAATACCAGTGGCGAAGGCGACTTTCTGGACTGCAACTGACACTGAGGCACG",-0.52643541430206,1.62692232471629,0.0620830719420922,0.275827796777921,-8.47953230782606,5.89832621556334,0.0747320516411951,0.106915628702426,0.231860980732939,0.354561697525876,FALSE,FALSE,TRUE,TRUE,FALSE,FALSE,FALSE
"AATCGGAATTACTGGGCGTAAAGCGCGCGTAGGTGGTTTGTTAAGTTGGATGTGAAAGCCCCGGGCTCAACCTGGGAACTGCATCCAAAACTGGCAGGCTAGAGTACGGTAGAGGGTGGTGGAATTTCCTGTGTAGCGGTGAAATGCGTAGATATAGGAAGGAACACCAGTGGCGAAGGCGACCACCTGGACTGATACTGACACTGAGGTGCG",-1.32583802244115,1.56522269881734,0.0272557972644846,0.33052158136608,-48.644257571169,4.73561421420082,0.000422339444019495,0.0418141220149184,0.00562971083622982,0.229977671082051,TRUE,FALSE,FALSE,TRUE,FALSE,FALSE,FALSE
"ACTCGGAATCACTGGGCGTAAAGGACGCGTAGGCGGATTATCAAGTCTCTTGTGAAATCTAGTGGCTTAACCACTAAACTGCTTGGGAAACTGATAATCTAGAGTAAGGGAGAGGCAGATGGAATTCTTGGTGTAGGGGTAAAATCCGTAGAGATCAAGAAGAATACTTATTGCGAAGGCGATCTGCTAGAACTTAACTGACGCTAATGCGTG",-1.59662323766164,3.65971326854426,0.0272557972644846,0.275787135349162,-58.579216090006,13.2700652041323,1,1,1,1,FALSE,FALSE,TRUE,TRUE,FALSE,FALSE,FALSE
"ACTCGGAATCACTGGGCGTAAAGGACGCGTAGGCGGATTATCAAGTCTCTTGTGAAATCTAACGGCTTAACCGTTAAACTGCTTGGGAAACTGATAATCTAGAGTAAGGGAGAGGCAGATGGAATTCTTGGTGTAGGGGTAAAATCCGTAGAGATCAAGAAGAATACCCATTGCGAAAGCGATCTGCTGGAACTTAACTGACGCTAATGCGTG",-0.284595158233349,1.4195079371182,0.19580748594384,0.332877276991911,-1.45344370702443,4.2643581741168,0.283286914368299,0.0508344200875628,0.571295277309403,0.242044550665947,FALSE,FALSE,TRUE,TRUE,FALSE,FALSE,FALSE
"AATCGGAATTACTGGGCGTAAAGCGTGCGCAGGCGGTTATGCAAGACAGAGGTGAAATCCCCGGGCTCAACCTGGGAACTGCCTTTGTGACTGCATAGCTAGAGTACGGTAGAGGGGGATGGAATTCCGCGTGTAGCAGTGAAATGCGTAGATATGCGGAGGAACACCGATGGCGAAGGCAATCCCCTGGACCTGTACTGACGCTCATGCACG",0.423053558435797,-0.891522933998639,0.138551866376272,0.303147122256198,3.05339487298489,-2.94089195821291,0.20148716417807,0.208663583755594,0.462409580149898,0.476382898762772,FALSE,FALSE,TRUE,TRUE,FALSE,FALSE,FALSE
"ATCCGGATTTATTGGGTTTAAAGGGAGCGTAGGCCGTGGATTAAGCGTGTTGTGAAATGTAGACGCTCAACGTCTGAATTGCAGCGCGAACTGGTTCACTTGAGTATGCACAACGTAGGCGGAATTCGTCGTGTAGCGGTGAAATGCTTAGATATGACGAAGAACTCCGATTGCGAAGGCAGCTTACGGGAGCACAACTGACGCTGAAGCTCG",-0.00177337233377374,-0.0506162540188616,0.247438761192726,0.371695827934168,-0.00716691404865418,-0.136176546021997,0.994514029025949,0.896135845855913,1,1,FALSE,FALSE,TRUE,TRUE,FALSE,FALSE,FALSE
"GTCCGGATTTATTGGGCGTAAAGCGAGCGCAGGCGGTTAGATAAGTCTGAAGTTAAAGGCTGTGGCTTAACCATAGTATGCTTTGGAAACTGTTTAACTTGAGTGCAGAAGGGGAGAGTGGAATTCCATGTGTAGCGGTGAAATGCGTAGATATATGGAGGAACACCGGTGGCGAAAGCGGCTCTCTGGTCTGTAACTGACGCTGAGGCTCG",-0.182977471243137,0.0348803468061944,0.0272557972644846,0.289899349154278,-6.71334136615275,0.120318817230706,0.0214760373010171,0.915227998215479,0.101715469740538,1,FALSE,FALSE,TRUE,TRUE,FALSE,FALSE,FALSE
"ATCCGGATTTATTGGGTTTAAAGGGAGCGTAGGCCGGAGATTAAGTGTGTTGTGAAATGTAGACGCTCAACGTCTGACTTGCAGCGCATACTGGTTTCCTTGAGTACGCACAACGTTGGCGGAATTCGTCGTGTAGCGGTGAAATGCTTAGATATGACGAAGAACTCCGATTGCGAAGGCAGCTGACGGGAGCGCAACTGACGCTGAAGCTCG",0.0942464488056099,-0.585707407514624,0.236420606038388,0.358433478019445,0.398638893558656,-1.63407561913859,0.716837263838411,0.20075334342021,0.939651091779162,0.467137587573951,FALSE,FALSE,TRUE,TRUE,FALSE,FALSE,FALSE
"ATCCGGATTTATTGGGTTTAAAGGGAGTGTAGGCGGTTTGTTAAGCGTGTTGTGAAATTTAGGTGCTCAACATTTAACTTGCAGCGCGAACTGTCAGACTTGAGTACACGCAACGTATGCGGAATTCATGGTGTAGCGGTGAAATGCTTAGATATCATGAAGAACTCCGATTGCGAAGGCAGCATACGGGAGTGTAACTGACGCTTAAGCTCG",-0.221266874024562,0.307475546923425,0.309485060407054,0.476809129036987,-0.714951712801705,0.644860864020022,0.506622819825664,0.547434411702017,0.817351482652071,0.856125590216616,FALSE,FALSE,TRUE,TRUE,FALSE,FALSE,FALSE
"GTCCGGAATTATTGGGCGTAAAGCGCGCGCAGGCGGTTTCTTAAGTCCATCTTAAAAGCGTGGGGCTCAACCCCATGAGGGGATGGAAACTGGGAAGCTGGAGTATCGGAGAGGAAAGTGGAATTCCTAGTGTAGCGGTGAAATGCGTAGAGATTAGGAAGAACACCGGTGGCGAAGGCGACTTTCTAGACGAAAACTGACGCTGAGGCGCG",-0.612490494583226,0.891848926199007,0.134287708781736,0.316502640020701,-4.56103168443165,2.81782460374004,0.0448600726524066,0.106246399019773,0.169627149716913,0.354561697525876,FALSE,FALSE,TRUE,TRUE,FALSE,FALSE,FALSE
"AATCGGAATTACTGGGCGTAAAGAGTGCGCAGGCGGTTTTGCAAGACCGATGTGAAATCCCCGGGCTTAACCTGGGAACTGCATTGGTGACTGCAAGGCTAGAGTGTGTCAGAGGGAGGTGGAATTCCGCATGTAGCAGTGAAATGCGTAGATATGCGGAGGAACACCGATGGCGAAGGCAGCCTCCTGGGATAACACTGACGCTCATGCACG",0.205849916099065,-0.677891917532056,0.282491285418316,0.44052274037283,0.728694748208749,-1.53883524141871,0.49887292891727,0.184462502526447,0.815724654040401,0.446399256114001,FALSE,FALSE,TRUE,TRUE,FALSE,FALSE,FALSE
"ATCCGGATTTATTGGGTTTAAAGGGTCCGTAGGTGGGCTGATAAGTCAGCGGTGAAATCCTGCAGCTTAACTGTAGAACTGCCGTTGATACTGTTAGTCTTGAGTGTATTTGAAGTGGCTGGAATAAGTAGTGTAGCGGTGAAATGCATAGATATTACTTAGAACACCAATTGCGAAGGCAGGTCACTAAGATACAACTGACGCTGAGGGACG",-0.192164739852692,0.211923075389534,0.0781503228007552,0.430445594858404,-2.45891165853041,0.492334171660524,0.133145399696133,0.671220960996272,0.37466496193563,0.948959868594582,FALSE,FALSE,TRUE,TRUE,FALSE,FALSE,FALSE
"GCTCGGAATCACTGGGCGTAAAGGGCGCGTAGGCGGCTGATTTAGTCGAGGGTGAAAGCCCGTGGCTCAACCACGGAATGGCCTTCGATACTGATTGGCTTGAGACCGGAAGAGGACAGCGGAACTGCGAGTGTAGAGGTGAAATTCGTAGATATTCGCAAGAACACCAGTGGCGAAGGCGGCTGTCTGGTCCGGTTCTGACGCTGAGGCGCG",-1.27057662664406,2.90619752022514,0.0272557972644846,0.275787135349162,-46.6167477808353,10.5378284470946,1,1,1,1,FALSE,FALSE,TRUE,TRUE,FALSE,FALSE,FALSE
"ATCCGGATTTATTGGGTTTAAAGGGAGTGTAGGCGGTTTGTTAAGCGTGTTGTGAAATTTAGATGCTCAACATTTAACTTGCAGCGCGAACTGTCAGACTTGAGTACACGCAACGTATGCGGAATTCATGGTGTAGCGGTGAAATGCTTAGATATCATGAAGAACTCCGATTGCGAAGGCAGCATACGGGAGTGTAACTGACGCTTAAGCTCG",-0.438516341863678,0.36656703834521,0.168025820134546,0.332759020085662,-2.60981521478388,1.10159910391263,0.059431524527221,0.332464740250307,0.194357147778209,0.628566149535737,FALSE,FALSE,TRUE,TRUE,FALSE,FALSE,FALSE
"ATCCGGAATTATTGGGCATAAAGGGCATCTAGGCGGCCAGATAAGTCCGAGGTGAAAACTGCCGGCTCAACCAGCAGCTTGCCTTGGAAACTACCTGGCTAGAGTATTGGAGAGGTGGACGGAACTACACGAGTAGAGGTGAAATTCGTAGATATGTGTAGGAATGCCGATGATGAAGATAGTTCACTGGACGATAACTGACGCTGAAGTGCG",-0.162510865328015,0.161969742970125,0.0387263553060149,0.27426028187706,-4.19638935923243,0.590569446883051,0.052366329497029,0.61465429801421,0.19200987482244,0.918187284687893,FALSE,FALSE,TRUE,TRUE,FALSE,FALSE,FALSE
"GTCCGGAATCATTGGGCGTAAAGAGCGTGTAGGCGGCCCGGTAAGTCCGCTGTGAAAACCCGGGGCTCAACCCCGGGCGTGCAGTGGAAACTGCCGGGCTAGAGGGCGGCAGAGGCGAGTGGAATTCCCGGTGTAGCGGTGAAATGCGCAGATATCGGGAGGAACACCGGTAGCGAAGGCGGCTCGCTGGGCCGTTCCTGACGCTGAGACGCG",0.563426930435604,-0.89788820070873,0.137040562259143,0.435012944974198,4.11138805290484,-2.06404938308672,0.0260593311564291,0.130986513815196,0.112613538211712,0.360536679437387,FALSE,FALSE,TRUE,TRUE,FALSE,FALSE,FALSE
"ATCCGGATTTATTGGGCGTAAAGCGCGTCTAGGTGGTTATGTAAGTCTGATGTGAAAATGCAGGGCTCAACTCTGTATTGCGTTGGAAACTGTATGACTAGAGTACTGGAGAGGTAAGCGGAACTACAAGTGTAGAGGTGAAATTCGTAGATATTTGTAGGAATGCCGATGGGGAAGCCAGCTTACTGGACAGATACTGACGCTAAAGCGCG",-0.359689325582722,1.04508150283282,0.0272557972644846,0.275787135349162,-13.196800742696,3.78944979253543,1,1,1,1,FALSE,FALSE,TRUE,TRUE,FALSE,FALSE,FALSE
"GTCCGGAATTACTGGGCGTAAAGAGCTCGTAGGTGGTTTGTCGCGTCGTCTGTGAAATTCCGGGGCTTAACTCCGGGCGTGCAGGCGATACGGGCATAACTTGAGTACTGTAGGGGAGACTGGAATTCCTGGTGTAGCGGTGAAATGCGCAGATATCAGGAGGAACACCGGTGGCGAAGGCGGGTCTCTGGGCAGTAACTGACGCTGAGGAGCG",0.793584817473749,-1.74261351707633,0.0272557972644846,0.364031322066673,29.1161843395358,-4.78698785363632,0.0218562166384628,0.131104247068141,0.101715469740538,0.360536679437387,FALSE,FALSE,TRUE,TRUE,FALSE,FALSE,FALSE
