"taxon","lfc_(Intercept)","lfc_Diagnosed_CeliacTRUE","se_(Intercept)","se_Diagnosed_CeliacTRUE","W_(Intercept)","W_Diagnosed_CeliacTRUE","p_(Intercept)","p_Diagnosed_CeliacTRUE","q_(Intercept)","q_Diagnosed_CeliacTRUE","diff_(Intercept)","diff_Diagnosed_CeliacTRUE","passed_ss_(Intercept)","passed_ss_Diagnosed_CeliacTRUE","diff_robust_(Intercept)","diff_robust_Diagnosed_CeliacTRUE","sig_pq_comb"
"AATCGGAATTACTGGGCGTAAAGCGCACGCAGGCGGTTTGTTAAGTCAGATGTGAAATCCCCGGGCTCAACCTGGGAACTGCATCTGATACTGGCAAGCTTGAGTCTCGTAGAGGGGGGTAGAATTCCAGGTGTAGCGGTGAAATGCGTAGAGATCTGGAGGAATACCGGTGGCGAAGGCGGCCCCCTGGACGAAGACTGACGCTCAGGTGCG",0.0162646590170356,0.78907678811483,0.19851458056164,0.290768707287669,0.0819318106056462,2.71376103527593,0.934884917523185,0.00798757472155665,0.941659445911034,0.0201867797508432,FALSE,TRUE,TRUE,FALSE,FALSE,FALSE,TRUE
"GTTCGGAATCACTGGGCGTAAAGCGTGCGTAGGCTGTTTCGTAAGTCGTGTGTGAAAGGCGCGGGCTCAACCCGCGGACGGCACATGATACTGCGAGACTAGAGTAATGGAGGGGGAACCGGAATTCTCGGTGTAGCAGTGAAATGCGTAGATATCGAGAGGAACACTCGTGGCGAAGGCGGGTTCCTGGACATTAACTGACGCTGAGGCACG",-0.151767864707377,-0.336102001091121,0.158762721210698,0.191087196579939,-0.955941442361409,-1.75889335919226,0.344572051839304,0.0858798787685805,0.377130040989474,0.139351115468729,FALSE,FALSE,TRUE,TRUE,FALSE,FALSE,FALSE
"AATCGGAATTACTGGGCGTAAAGCGCGCGTAGGTGGTTCGTTAAGTTGGATGTGAAAGCCCCGGGCTCAACCTGGGAACTGCATCCAAAACTGGCGAGCTAGAGTACGGTAGAGGGTGGTGGAATTTCCTGTGTAGCGGTGAAATGCGTAGATATAGGAAGGAACACCAGTGGCGAAGGCGACCACCTGGACTGATACTGACACTGAGGTGCG",0.753890216343307,-1.12436442225699,0.252508753701513,0.290854987117847,2.98560032193764,-3.86572165531213,0.00416494944226713,0.000286310259395416,0.00546158464599181,0.00121722119510496,TRUE,TRUE,FALSE,FALSE,FALSE,FALSE,TRUE
"ATCCGGAATTATTGGGCGTAAAGGGCTCGTAGGCGGTTCGTCGCGTCCGGTGTGAAAGTCCATCGCTTAACGGTGGATCCGCGCCGGGTACGGGCGGGCTTGAGTGCGGTAGGGGAGACTGGAATTCCCGGTGTAACGGTGGAATGTGTAGATATCGGGAAGAACACCAATGGCGAAGGCAGGTCTCTGGGCCGTCACTGACGCTGAGGAGCG",-0.250099237520199,0.555482542600759,0.108974713240781,0.154256190722847,-2.2950208363256,3.60103889508589,0.0316398769783692,0.00158750048069253,0.0375892555554985,0.00535296080544366,TRUE,TRUE,FALSE,FALSE,FALSE,FALSE,TRUE
"GCTCGGAATCACTGGGCGTAAAGGGTGCGTAGGCGGGTCTTTAAGTCAGGGGTGAAATCCTGGAGCTCAACTCCAGAACTGCCTTTGATACTGAGGATCTTGAGTTCGGGAGAGGTGAGTGGAACTGCGAGTGTAGAGGTGAAATTCGTAGATATTCGCAAGAACACCAGTGGCGAAGGCGGCTCACTGGCCCGATACTGACGCTGAGGCACG",0.931715896285291,0.362046293331619,0.161662657915879,0.240353733465433,5.7633340209593,1.50630609357141,7.50890858426007e-07,0.139134846733641,1.89770598765845e-06,0.207705222611198,TRUE,FALSE,FALSE,FALSE,FALSE,FALSE,FALSE
"ATCCGGAATTATTGGGCGTAAAGGGCTCGTAGGCGGTTCGTCGCGTCCGGTGTGAAAGTCCATCGCTTAACGGTGGATCTGCGCCGGGTACGGGCGGGCTGGAGTGCGGTAGGGGAGACTGGAATTCCCGGTGTAACGGTGGAATGTGTAGATATCGGGAAGAACACCAATGGCGAAGGCAGGTCTCTGGGCCGTTACTGACGCTGAGGAGCG",-0.414583427648184,0.951587494008312,0.114679754784601,0.149322601533863,-3.61514051391969,6.37269565513507,0.00232368622671501,9.24445287897719e-06,0.00310569601455179,8.03111843861143e-05,TRUE,TRUE,FALSE,FALSE,FALSE,FALSE,TRUE
"GTCCGGAATTATTGGGCGTAAAGCGCGCGCAGGCGGTCCTTTAAGTCTGATGTGAAAGCCCACGGCTCAACCGTGGAGGGTCATTGGAAACTGGGGGACTTGAGTGCAGAAGAGGAAAGTGGAATTCCACGTGTAGCGGTGAAATGCGTAGAGATGTGGAGGAACACCAGTGGCGAAGGCGACTTTCTGGTCTGTAACTGACGCTGAGGCGCG",0.0777016410804359,-1.95863121440794,0.224487289050463,0.234317810176785,0.346129357297237,-8.35886616100678,0.734783180752474,1.37865333564074e-06,0.745509942515284,2.39541017067579e-05,FALSE,TRUE,TRUE,FALSE,FALSE,FALSE,TRUE
"GTCCGGATTTATTGGGCGTAAAGCGAGCGCAGGCGGTTAGATAAGTCTGAAGTTAAAGGCTGTGGCTTAACCATAGTACGCTTTGGAAACTGTTTAACTTGAGTGCAAGAGGGGAGAGTGGAATTCCATGTGTAGCGGTGAAATGCGTAGATATATGGAGGAACACCGGTGGCGAAAGCGGCTCTCTGGCTTGTAACTGACGCTGAGGCTCG",0.466131206759612,0.220668255256998,0.17352576748732,0.243882320811797,2.68623624899785,0.904814479878952,0.00876488502512897,0.368247081855449,0.01117723870177,0.496954799785509,TRUE,FALSE,FALSE,TRUE,FALSE,FALSE,FALSE
"AATCGGATTTACTGGGCGTAAAGCGTGCGTAGGCGGCTTTTTAAGTCGGATGTGAAATCCCCGAGCTTAACTTGGGAATTGCATTCGATACTGGGAAGCTAGAGTATGGGAGAGGATGGTAGAATTCCAGGTGTAGCGGTGAAATGCGTAGAGATCTGGAGGAATACCGATGGCGAAGGCAGCCATCTGGCCTAATACTGACGCTGAGGTACG",0.123023890696419,0.120278871956423,0.13232165151394,0.227905605662824,0.929733639875698,0.527757409066849,0.357469862179939,0.600260524592214,0.388189928461027,0.678343194457868,FALSE,FALSE,TRUE,TRUE,FALSE,FALSE,FALSE
"ATCCGGATTTATTGGGTTTAAAGGGAGCGTAGGCCGGAGATTAAGCGTGTTGTGAAATGTAGATGCTCAACATCTGCACTGCAGCGCGAACTGGTTTCCTTGAGTACGCACAAAGTGGGCGGAATTCGTGGTGTAGCGGTGAAATGCTTAGATATCACGAAGAACTCCGATTGCGAAGGCAGCTCACTGGAGCGCAACTGACGCTGAAGCTCG",-0.632533082567067,0.452652263480421,0.126725367058676,0.150535736001597,-4.99136910981837,3.00694224177851,2.03764391350286e-05,0.00510340837155649,3.80374627075356e-05,0.014187475272927,TRUE,TRUE,FALSE,FALSE,FALSE,FALSE,TRUE
"ATCCGGATTTATTGGGTTTAAAGGGAGCGTAGGCCGGAGATTAAGCGTGTTGTGAAATGTAGACGCTCAACGTCTGCACTGCAGCGCGAACTGGTTTCCTTGAGTACGCACAAAGTGGGCGGAATTCGTGGTGTAGCGGTGAAATGCTTAGATATCACGAAGAACTCCGATTGCGAAGGCAGCTCACTGGAGCGCAACTGACGCTGAAGCTCG",-0.830857348611934,-0.0463997194472065,0.0737319756799457,0.117563432939357,-11.2686163764078,-0.394678160437361,1.37931557349357e-09,0.697717843514971,7.98853602981691e-09,0.746021386527546,TRUE,FALSE,FALSE,TRUE,FALSE,FALSE,FALSE
"AATCGGAATTACTGGGCGTAAAGCGCACGCAGGCGGTCTGTCAAGTCGGATGTGAAATCCCCGGGCTCAACCTGGGAACTGCATTCGAAACTGGCAGGCTAGAGTCTTGTAGAGGGGGGTAGAATTCCAGGTGTAGCGGTGAAATGCGTAGAGATCTGGAGGAATACCGGTGGCGAAGGCGGCCCCCTGGACAAAGACTGACGCTCAGGTGCG",0.858269877750917,-0.752416618532113,0.125558091659914,0.158917585778292,6.83563971389134,-4.73463408626039,5.70048544489082e-07,9.01928075441864e-05,1.49503297516948e-06,0.000447742866022925,TRUE,TRUE,FALSE,FALSE,FALSE,FALSE,TRUE
"ATCCGGAATTATTGGGCGTAAAGGGCTCGTAGGCGGTTCGTCGCGTCCGGTGTGAAAGTCCATCGCTTAACGGTGGATCCGCGCCGGGTACGGGCGGGCTTGAGTGCGGTAGGGGAGACTGGAATTCCCGGTGTAACGGTGGAATGTGTAGATATCGGGAAGAACACCAATGGCGAAGGCAGGTCTCTGGGCCGTTACTGACGCTGAGGAGCG",-0.564684060012619,0.716714052273406,0.124074385456184,0.155916910099657,-4.55117353945737,4.5967692139057,0.000327075219011131,0.000297737558514883,0.000505149504917191,0.00121722119510496,TRUE,TRUE,FALSE,FALSE,FALSE,FALSE,TRUE
"ATCCGGATTTACTGGGTGTAAAGGGAGCGTAGACGGTGTGGCAAGTCTGATGTGAAAGGCATGGGCTCAACCTGTGGACTGCATTGGAAACTGTCATACTTGAGTGCCGGAGGGGTAAGCGGAATTCCTAGTGTAGCGGTGAAATGCGTAGATATTAGGAGGAACACCAGTGGCGAAGGCGGCTTACTGGACGGTAACTGACGTTGAGGCTCG",-0.164641441571735,-0.433924112087683,0.112850495706851,0.164083897599977,-1.45893414592896,-2.64452587020789,0.153760695725327,0.0122907082605553,0.17376208703919,0.0277858675831847,FALSE,TRUE,TRUE,FALSE,FALSE,FALSE,TRUE
"ATCCGGAATCATTGGGCGTAAAGAGGGAGCAGGCGGCCGCAAGGGTCTGTGGTGAAAGACCGAAGCTAAACTTCGGTAAGCCATGGAAACCGGGCGGCTAGAGTGCGGAAGAGGATCGTGGAATTCCATGTGTAGCGGTGAAATGCGTAGATATATGGAGGAACACCAGTGGCGAAGGCGACGGTCTGGGCCGCAACTGACGCTCATTCCCG",-1.15804759031081,0.42865966929297,0.0932167911657123,0.127464740858057,-12.423165138265,3.3629666243963,2.03756575107282e-11,0.00280864641725487,3.14690710443469e-10,0.00830642238294525,TRUE,TRUE,FALSE,FALSE,FALSE,FALSE,TRUE
"ATCCGGATTTACTGGGTGTAAAGGGAGCGTAGACGGATGGACAAGTCTGATGTGAAAGGCTGGGGCTCAACCCCGGGACTGCATTGGAAACTGCCCGTCTTGAGTGCCGGAGAGGTAAGCGGAATTCCTAGTGTAGCGGTGAAATGCGTAGATATTAGGAGGAACACCAGTGGCGAAGGCGGCTTACTGGACGGTAACTGACGTTGAGGCTCG",-0.580517428497566,-0.27128797273003,0.0955497314181079,0.129258144770847,-6.07555269786504,-2.09880757000635,1.73414149298107e-06,0.045322224102984,4.01742779207282e-06,0.0862984815111613,TRUE,FALSE,FALSE,TRUE,FALSE,FALSE,FALSE
"GTCCGGATTTATTGGGCGTAAAGCGAGCGCAGGCGGTTTGATAAGTCTGAAGTTAAAGGCTGTGGCTCAACCATAGTTCGCTTTGGAAACTGTCAAACTTGAGTGCAGAAGGGGAGAGTGGAATTCCATGTGTAGCGGTGAAATGCGTAGATATATGGAGGAACACCGGTGGCGAAAGCGGCTCTCTGGTCTGTAACTGACGCTGAGGCTCG",0.677535752118637,-0.341020001326634,0.13482606612629,0.191088837232397,5.02525788658699,-1.78461497942915,2.74925054497426e-06,0.0778916947164338,5.97102852736597e-06,0.132035921531516,TRUE,FALSE,FALSE,TRUE,FALSE,FALSE,FALSE
"AATCGGAATAACTGGGCGTAAAGGGCACGCAGGCGGTGACTTAAGTGAGGTGTGAAAGCCCCGGGCTTAACCTGGGAATTGCATTTCATACTGGGTCGCTAGAGTACTTTAGGGAGGGGTAGAATTCCACGTGTAGCGGTGAAATGCGTAGAGATGTGGAGGAATACCGAAGGCGAAGGCAGCCCCTTGGGAATGTACTGACGCTCATGTGCG",0.597115039126853,-0.180488813423833,0.192841086571713,0.249632541843634,3.09640984575556,-0.723017969095106,0.00367065283334602,0.474095821860727,0.00485924517938187,0.578064203847729,TRUE,FALSE,FALSE,TRUE,FALSE,FALSE,FALSE
"ATCCGGAATTACTGGGCGTAAAGGGTGCGTAGGTGGTTTCTTAAGTCAGAGGTGAAAGGCTACGGCTCAACCGTAGTAAGCCTTTGAAACTGGGAAACTTGAGTGCAGGAGAGGAGAGTGGAATTCCTAGTGTAGCGGTGAAATGCGTAGATATTAGGAGGAACACCAGTTGCGAAGGCGGCTCTCTGGACTGTAACTGACACTGAGGCACG",-0.548888645051229,0.0267869516436843,0.113283312324384,0.145964448992523,-4.8452736222922,0.183516957920736,3.11407345771712e-05,0.85555032034785,5.62150922886597e-05,0.874422753884935,TRUE,FALSE,FALSE,TRUE,FALSE,FALSE,FALSE
"ATCCGGATTTACTGGGTGTAAAGGGAGCGCAGGCGGTGCGGCAAGTCTGATGTGAAAGCCCGGGGCTCAACCCCGGTACTGCATTGGAAACTGTCGTACTAGAGTGTCGGAGGGGTAAGCGGAATTCCTAGTGTAGCGGTGAAATGCGTAGATATTAGGAGGAACACCAGTGGCGAAGGCGGCTTACTGGACGATAACTGACGCTGAGGCTCG",-0.57862038463657,0.209809696275123,0.10911910910763,0.136390384838403,-5.30264945680455,1.53830269284531,4.06208127353979e-05,0.140462524643544,7.21759203052581e-05,0.207705222611198,TRUE,FALSE,FALSE,TRUE,FALSE,FALSE,FALSE
"ATCCGGATTTACTGGGTGTAAAGGGAGCGTAGACGGAGTGGCAAGTCTGATGTGAAAACCCGGGGCTCAACCCCGGGACTGCATTGGAAACTGTCAATCTAGAGTACCGGAGAGGTAAGCGGAATTCCTAGTGTAGCGGTGAAATGCGTAGATATTAGGAGGAACACCAGTGGCGAAGGCGGCTTACTGGACGGTAACTGACGTTGAGGCTCG",-0.272724951357773,-0.226976417496427,0.107178832285522,0.139546768468532,-2.5445784913129,-1.62652578764381,0.0156509767159695,0.113072048791164,0.0192520864028297,0.174633497577464,TRUE,FALSE,FALSE,TRUE,FALSE,FALSE,FALSE
"ATCCGGATTTACTGGGTGTAAAGGGAGCGTAGACGGACTGGCAAGTCTGATGTGAAAGGCGGGGGCTCAACCCCTGGACTGCATTGGAAACTGTTAGTCTTGAGTGCCGGAGAGGTAAGCGGAATTCCTAGTGTAGCGGTGAAATGCGTAGATATTAGGAGGAACACCAGTGGCGAAGGCGGCTTACTGGACGGTAACTGACGTTGAGGCTCG",-0.186260138342772,-0.333428801481145,0.111971258472521,0.161016193438532,-1.66346382887607,-2.07077806499277,0.105411805469902,0.0460399222764021,0.121092900498483,0.0864803945462148,FALSE,FALSE,TRUE,TRUE,FALSE,FALSE,FALSE
"AATCGGAATTACTGGGCGTAAAGCGTGCGCAGGCGGTTTTGTAAGACAGTGGTGAAATCCCCGGGCTCAACCTGGGAACTGCCATTGTGACTGCAAGGCTAGAGTGCGGCAGAGGGGGATGGAATTCCGCGTGTAGCAGTGAAATGCGTAGATATGCGGAGGAACACCGATGGCGAAGGCAATCCCCTGGGCCTGCACTGACGCTCATGCACG",-0.230844217915641,-0.826570557950417,0.189993783238512,0.218866439681928,-1.21500932283583,-3.77659799808344,0.241988884212946,0.00165234462267319,0.269091639244796,0.00535296080544366,FALSE,TRUE,TRUE,FALSE,FALSE,FALSE,TRUE
"GTCCGGATTTATTGGGCGTAAAGCGAGCGCAGGCGGTTTCTTAAGTCTGATGTGAAAGCCCCCGGCTCAACCGGGGAGGGTCATTGGAAACTGGGAGACTTGAGTGCAGAAGAGGAGAGTGGAATTCCATGTGTAGCGGTGAAATGCGTAGATATATGGAGGAACACCAGTGGCGAAGGCGGCTCTCTGGTCTGTAACTGACGCTGAGGCTCG",0.597856409343796,-1.12787785830965,0.144882062819619,0.162617871441969,4.12650398336845,-6.93575588161684,0.00140424576546475,1.56980477975594e-05,0.00195190161399601,0.000114843612834776,TRUE,TRUE,FALSE,FALSE,FALSE,FALSE,TRUE
"GTCCGGAATTACTGGGTGTAAAGGGAGCGCAGGCGGGAAGACAAGTTGGAAGTGAAAACCATGGGCTCAACCCATGAATTGCTTTCAAAACTGTTTTTCTTGAGTAGTGCAGAGGTAGATGGAATTCCCGGTGTAGCGGTGGAATGCGTAGATATCGGGAGGAACACCAGTGGCGAAGGCGGTCTACTGGGCACCAACTGACGCTGAGGCTCG",-0.359695835034517,0.0432899360996581,0.141703388636481,0.168738763272771,-2.53837144260018,0.256550037821947,0.015605292402692,0.798986657209263,0.0192520864028297,0.835031168060809,TRUE,FALSE,FALSE,TRUE,FALSE,FALSE,FALSE
"AATCGGAATTACTGGGCGTAAAGCGAGCGCAGACGGTTACTTAAGCAGGATGTGAAATCCCCGGGCTCAACCTGGGAACTGCGTTCTGAACTGGGTGACTAGAGTGTGTCAGAGGGAGGTAGAATTCCACGTGTAGCAGTGAAATGCGTAGAGATGTGGAGGAATACCGATGGCGAAGGCAGCCTCCTGGGATAACACTGACGTTCATGCTCG",0.43168370662719,0.0406607513436639,0.165761818193629,0.211247131350821,2.60424090017482,0.192479543195017,0.0135557033387974,0.848511682653673,0.0169751600368724,0.873652769547115,TRUE,FALSE,FALSE,TRUE,FALSE,FALSE,FALSE
"GTCCGGATTTACTGGGTGTAAAGGGTGCGTAGGCGGCTTTGCAAGTCAGATGTGAAATCTATGGGCTCAACCCATAAACTGCATTTGAAACTGTAGAGCTTGAGTGAAGTAGAGGCAGGCGGAATTCCCCGTGTAGCGGTGAAATGCGTAGAGATGGGGAGGAACACCAGTGGCGAAGGCGGCCTGCTGGGCTTTAACTGACGCTGAGGCACG",-0.292460610342832,0.0905826688824912,0.140242835184318,0.162860792786595,-2.08538717830723,0.556196904930864,0.044184579500361,0.581517178633926,0.0520479368690693,0.673590731917632,FALSE,FALSE,TRUE,TRUE,FALSE,FALSE,FALSE
"ATCCGGATTTATTGGGTTTAAAGGGAGCGTAGGTGGACTGGTAAGTCAGTTGTGAAAGTTTGCGGCTCAACCGTAAAATTGCAGTTGATACTGTCAGTCTTGAGTACAGTAGAGGTGGGCGGAATTCGTGGTGTAGCGGTGAAATGCTTAGATATCACGAAGAACTCCGATTGCGAAGGCAGCTCACTGGACTGCAACTGACACTGATGCTCG",-0.200983295770658,-0.267078527992374,0.161635991858111,0.198854924716825,-1.24343157399676,-1.343082291639,0.220772101903181,0.18663324923734,0.247478404552759,0.270229392124899,FALSE,FALSE,TRUE,TRUE,FALSE,FALSE,FALSE
"GTCCGGATTTACTGGGCGTAAAGGGAGCGTAGGCGGATTTTTAAGTGAGATGTGAAATACTCGGGCTTAACCTGAGTGCTGCATTTCAAACTGGAAGTCTAGAGTGCAGGAGAGGAGAAGGGAATTCCTAGTGTAGCGGTGAAATGCGTAGAGATTAGGAAGAACACCAGTGGCGAAGGCGCTTCTCTGGACTGTAACTGACGCTGAGGCTCG",-0.54315997550325,-0.0945529404516196,0.0981616178928481,0.132522556819237,-5.53332338201837,-0.713485633850179,5.16947685295894e-06,0.481059361179106,1.10547274240199e-05,0.581454358294745,TRUE,FALSE,FALSE,TRUE,FALSE,FALSE,FALSE
"AATCGGAATTACTGGGCGTAAAGCGCGCGTAGGTGGCTTGATAAGCCGGTTGTGAAAGCCCCGGGCTCAACCTGGGAACGGCATCCGGAACTGTCAGGCTAGAGTGCAGGAGAGGAAGGTAGAATTCCCGGTGTAGCGGTGAAATGCGTAGAGATCGGGAGGAATACCAGTGGCGAAGGCGGCCTTCTGGACTGACACTGACACTGAGGTGCG",0.193747514916215,-0.121950030603267,0.11878395530022,0.16503340243888,1.63109162703439,-0.738941503968759,0.109282704602835,0.463467629524916,0.124510622457328,0.570785180714235,FALSE,FALSE,TRUE,TRUE,FALSE,FALSE,FALSE
"ATCCGGATTTACTGGGTGTAAAGGGAGCGCAGGCGGGACTGCAAGTTGGATGTGAAATACCGTGGCTTAACCACGGAACTGCATCCAAAACTGTAGTTCTTGAGTGAAGTAGAGGCAAGCGGAATTCCGAGTGTAGCGGTGAAATGCGTAGATATTCGGAGGAACACCAGTGGCGAAGGCGGCTTGCTGGGCTTTAACTGACGCTGAGGCTCG",-0.543790092179909,-0.304220067477052,0.117261967794792,0.158281992531077,-4.6373952476351,-1.92201312740817,7.47082948934866e-05,0.0648339489692101,0.000125113891448128,0.116786706959609,TRUE,FALSE,FALSE,TRUE,FALSE,FALSE,FALSE
"GTCCGGATTTACTGGGTGTAAAGGGCGTGTAGCCGGGAGGGCAAGTCAGATGTGAAATCCACGGGCTCAACTCGTGAACTGCATTTGAAACTACTCTTCTTGAGTATCGGAGAGGCAATCGGAATTCCTAGTGTAGCGGTGAAATGCGTAGATATTAGGAGGAACACCAGTGGCGAAGGCGGATTGCTGGACGACAACTGACGGTGAGGCGCG",-0.866721792274561,0.0588429636198494,0.085003864774334,0.12225093748566,-10.196263364913,0.481329344625695,5.29101671431993e-10,0.63483019605379,3.67725661645235e-09,0.697065173297225,TRUE,FALSE,FALSE,TRUE,FALSE,FALSE,FALSE
"AATCGGATTTACTGGGCGTAAAGCGTGCGTAGGCGGCTTCTTAAGTCGGATGTGAAATCCCTGAGCTTAACTTAGGAATTGCATTCGATACTGGGAAGCTAGAGTATGGGAGAGGATGGTAGAATTCCAGGTGTAGCGGTGAAATGCGTAGAGATCTGGAGGAATACCGATGGCGAAGGCAGCCATCTGGCCTAATACTGACGCTGAGGTACG",0.118349960232663,-1.14179226350533,0.181945928526277,0.19774620942267,0.650467758148106,-5.77402857348744,0.523178693850836,1.45523793078977e-05,0.543125049844559,0.000112376706877654,FALSE,TRUE,TRUE,FALSE,FALSE,FALSE,TRUE
"AATCGGAATTACTGGGCGTAAAGCGCGCGTAGGTGGTTCGTTAAGTTGGATGTGAAAGCCCCGGGCTCAACCTGGGAACTGCATCCAAAACTGGCGAGCTAGAGTATGGTAGAGGGTGGTGGAATTTCCTGTGTAGCGGTGAAATGCGTAGATATAGGAAGGAACACCAGTGGCGAAGGCGACCACCTGGACTGATACTGACACTGAGGTGCG",0.888324377801049,-1.23190841733605,0.130300150612359,0.154863109375161,6.81752379890796,-7.95482166350999,1.85597967416979e-05,3.98414905751146e-06,3.58307187096667e-05,3.95569084995781e-05,TRUE,TRUE,FALSE,FALSE,FALSE,FALSE,TRUE
"GTCCGGAATTACTGGGTGTAAAGGGAGCGCAGGCGGACCGGCAAGTTGGAAGTGAAAACTATGGGCTCAACCCATAAATTGCTTTCAAAACTGCTGGCCTTGAGTAGTGCAGAGGTAGGTGGAATTCCCGGTGTAGCGGTGGAATGCGTAGATATCGGGAGGAACACCAGTGGCGAAGGCGACCTACTGGGCACCAACTGACGCTGAGGCTCG",-0.551638267984814,0.577490874295596,0.125976552072653,0.150844316003077,-4.37889638118269,3.8283900222254,0.00036197523593977,0.00123099214402255,0.000552907228523384,0.00438738225690089,TRUE,TRUE,FALSE,FALSE,FALSE,FALSE,TRUE
"ATCCGGATTTACTGGGTGTAAAGGGAGCGTAGACGGCGCAGCAAGTCTGATGTGAAAGGCAGGGGCTTAACCCCTGGACTGCATTGGAAACTGCTGTGCTTGAGTGCCGGAGGGGTAAGCGGAATTCCTAGTGTAGCGGTGAAATGCGTAGATATTAGGAGGAACACCAGTGGCGAAGGCGGCTTACTGGACGGTAACTGACGTTGAGGCTCG",-0.652669890976692,0.122713427388744,0.133492219154376,0.154638139900403,-4.88919800053604,0.793552143525388,4.10208467921971e-05,0.434375151713816,7.21759203052581e-05,0.559056908224263,TRUE,FALSE,FALSE,TRUE,FALSE,FALSE,FALSE
"ATCCGGATTTACTGGGTGTAAAGGGTGCGTAGGTGGCAGTGCAAGTCAGATGTGAAAGGCCGGGGCTCAACCCCGGAGCTGCATTTGAAACTGCTCGGCTAGAGTACAGGAGAGGCAGGCGGAATTCCTAGTGTAGCGGTGAAATGCGTAGATATTAGGAGGAACACCAGTGGCGAAGGCGGCCTGCTGGACTGTTACTGACACTGAGGCACG",-0.841990501885642,0.302303402127058,0.0998881834098227,0.125060678296576,-8.4293304086942,2.41725381826379,6.54604319090922e-09,0.0229513675630884,3.03300001178794e-08,0.0462353636415839,TRUE,TRUE,FALSE,FALSE,FALSE,FALSE,TRUE
"GTCCGGAATTATTGGGCGTAAAGGGCGCGCAGGCGGCGTCGTAAGTCGGTCTTAAAAGTGCGGGGCTTAACCCCGTGAGGGGACCGAAACTGCGATGCTAGAGTATCGGAGAGGAAAGCGGAATTCCTAGTGTAGCGGTGAAATGCGTAGATATTAGGAGGAACACCAGTGGCGAAAGCGGCTTTCTGGACGACAACTGACGCTGAGGCGCG",-0.562361712277261,-0.239679320910902,0.115617170488912,0.153481623484935,-4.86399822707297,-1.56161575222344,5.86953296197144e-05,0.131469453789968,0.000100983586364756,0.198633196487016,TRUE,FALSE,FALSE,TRUE,FALSE,FALSE,FALSE
"GTCCGGATTTATTGGGCGTAAAGGGAACGCAGGCGGTCTTTTAAGTCTGATGTGAAAGCCTTCGGCTTAACCGAAGTAGTGCATTGGAAACTGGAAGACTTGAGTGCAGAAGAGGAGAGTGGAACTCCATGTGTAGCGGTGAAATGCGTAGATATATGGAAGAACACCAGTGGCGAAAGCGGCTCTCTGGTCTGTAACTGACGCTGAGGTTCG",-1.39966912682444,0.497642957734251,0.0847339035179675,0.118123143855111,-16.5184072574638,4.21291663507243,1.37961457126096e-08,0.00179161882151853,5.18287636230469e-08,0.00565988673161534,TRUE,TRUE,FALSE,FALSE,FALSE,FALSE,TRUE
"GTCCGGAATTATTGGGCGTAAAGCGCGCGCAGGTGGTTTAATAAGTCTGATGTGAAAGCCCACGGCTCAACCGTGGAGGGTCATTGGAAACTGTTAAACTTGAGTGCAGGAGAGAAAAGTGGAATTCCTAGTGTAGCGGTGAAATGCGTAGAGATTAGGAGGAACACCAGTGGCGAAGGCGGCTTTTTGGCCTGTAACTGACACTGAGGCGCG",0.532187418551735,0.122461495356352,0.150839722424395,0.231133447133135,3.52816492895949,0.529830264184191,0.000794446329984591,0.598121930249507,0.00113843340069957,0.678343194457868,TRUE,FALSE,FALSE,TRUE,FALSE,FALSE,FALSE
"GTCCGGAATTATTGGGCGTAAAGCGCGCGCAGGCGGATTGGTCAGTCTGTCTTAAAAGTTCGGGGCTTAACCCCGTGATGGGATGGAAACTGCCAATCTAGAGTATCGGAGAGGAAAGTGGAATTCCTAGTGTAGCGGTGAAATGCGTAGATATTAGGAAGAACACCAGTGGCGAAGGCGACTTTCTGGACGAAAACTGACGCTGAGGCGCG",0.89375739310652,-0.390521443350775,0.173818270597875,0.213670814728141,5.14190706208445,-1.82767798142037,7.99583879304548e-06,0.0752560873960445,1.63444351799018e-05,0.129143162321607,TRUE,FALSE,FALSE,TRUE,FALSE,FALSE,FALSE
"ACTCGGAATTACTGGGCGTAAAGCGTGCGTAGGTGGTCGTTTAAGTCCGTTGTGAAAGCCCTGGGCTCAACCTGGGAACTGCAGTGGATACTGGGCGACTAGAGTGTGGTAGAGGGTAGCGGAATTCCTGGTGTAGCAGTGAAATGCGTAGAGATCAGGAGGAACATCCATGGCGAAGGCAGCTACCTGGACCAACACTGACACTGAGGCACG",0.985227161538881,-2.24887911781481,0.151933834645873,0.171128844544135,6.48458036904846,-13.1414381006634,2.05238108134185e-05,6.97625504106221e-09,3.80374627075356e-05,2.65144943828013e-07,TRUE,TRUE,FALSE,FALSE,FALSE,FALSE,TRUE
"ATCCGGAATGATTGGGCGTAAAGGGTGCGTAGGCGGCCCGTTAAGTCTGGAGTCAAAGCCGGCAGCTCAACTGTCGTACGCTTTGGAAACTGGCGGGCTGGAGTGCAGAAGAGGGCGATGGAACTCCATGTGTAGCGGTAAAATGCGTAGATATATGGAAGAACACCAGTGGCGAAGGCGGTCGCCTGGTCTGCAACTGACGCTGAAGCACG",-0.545614316810109,-0.0586783577405888,0.102001672820034,0.130143174088874,-5.34907224289117,-0.45087541587481,8.69278757028911e-06,0.655321448949106,1.72991033762292e-05,0.711638135968169,TRUE,FALSE,FALSE,TRUE,FALSE,FALSE,FALSE
"ATCCGGAATTATTGGGCGTAAAGAGCGCGCAGGTGGTTGATTAAGTCTGATGTGAAAGCCCACGGCTTAACCGTGGAGGGTCATTGGAAACTGGTCAACTTGAGTGCAGAAGAGGGAAGTGGAATTCCATGTGTAGCGGTGAAATGCGTAGAGATATGGAGGAACACCAGTGGCGAAGGCGGCTTCCTGGTCTGTAACTGACACTGAGGCGCG",-0.812344088014041,-0.318855912956632,0.0896253283458981,0.127393416307214,-9.06377809717915,-2.50292300967658,3.23295666760266e-09,0.0195266751847506,1.66437398813618e-08,0.0405105649355273,TRUE,TRUE,FALSE,FALSE,FALSE,FALSE,TRUE
"ATCCGGATTTACTGGGCGTAAAGGGTGCGTAGGCGGTCTTTTAAGTCAGGAGTGAAAGGCTACGGCTCAACCGTAGTAAGCTCTTGAAACTGGAGGACTTGAGTGCAGGAGAGGAGAGTGGAATTCCTAGTGTAGCGGTGAAATGCGTAGATATTAGGAGGAACACCAGTAGCGAAGGCGGCTCTCTGGACTGTAACTGACGCTGAGGCACG",-0.833076447745627,-0.107887569321902,0.0870981188795973,0.125113521098659,-9.5648041365538,-0.862317424803558,7.80985976623153e-10,0.396709501063959,5.16938336907706e-09,0.525167815694193,TRUE,FALSE,FALSE,TRUE,FALSE,FALSE,FALSE
"ATCCGGATTTACTGGGTGTAAAGGGAGCGTAGACGGCTGTGCAAGTCTGAAGTGAAAGGCATGGGCTCAACCTGTGGACTGCTTTGGAAACTGTGCAGCTAGAGTGTCGGAGAGGTAAGTGGAATTCCTAGTGTAGCGGTGAAATGCGTAGATATTAGGAGGAACACCAGTGGCGAAGGCGGCTTACTGGACGATGACTGACGTTGAGGCTCG",-0.80572283980509,-0.209572252731911,0.0842095154593221,0.117133906987528,-9.56807357708048,-1.78916812494118,1.15603443350325e-09,0.0862172369087099,6.98646896769353e-09,0.139351115468729,TRUE,FALSE,FALSE,TRUE,FALSE,FALSE,FALSE
"ATCCGGATTTATTGGGCGTAAAGCGCGTCTAGGTGGTTATGTAAGTCTGATGTGAAAATGCAGGGCTCAACTCTGTATTGCGTTGGAAACTGCATGACTAGAGTACTGGAGAGGTAAGCGGAACTACAAGTGTAGAGGTGAAATTCGTAGATATTTGTAGGAATGCCGATGGGGAAGCCAGCTTACTGGACAGATACTGACGCTAAAGCGCG",0.596870025008443,0.23139578723418,0.144039050272172,0.173292728864146,4.14380700150837,1.33528849566207,0.000285432519658413,0.192536749609265,0.000445787867781117,0.273087838731509,TRUE,FALSE,FALSE,TRUE,FALSE,FALSE,FALSE
"ATCCGGAATTATTGGGCGTAAAGCGCGCGTAGGCGGTTTTTTAAGTCTGATGTGAAAGCCCACGGCTCAACCGTGGAGGGTCATTGGAAACTGGAAAACTTGAGTGCAGAAGAGGAAAGTGGAATTCCATGTGTAGCGGTGAAATGCGCAGAGATATGGAGGAACACCAGTGGCGAAGGCGACTTTCTGGTCTGTAACTGACGCTGATGTGCG",0.432580471360879,0.319784102909558,0.19360388368363,0.249515684508724,2.23435843915075,1.28161924385309,0.0289592111597938,0.204600072188948,0.0347011237173391,0.287266768022866,TRUE,FALSE,FALSE,TRUE,FALSE,FALSE,FALSE
"GTCCGGAATTATTGGGCGTAAAGAGCTCGTAGGCGGTTTGTCGCGTCTGGTGTGAAAACTCGAGGCTCAACCTCGAGCTTGCATCGGGTACGGGCAGACTAGAGTGCGGTAGGGGAGACTGGAATTCCTGGTGTAGCGGTGGAATGCGCAGATATCAGGAGGAACACCGATGGCGAAGGCAGGTCTCTGGGCCGCAACTGACGCTGAGGAGCG",4.13050702506721,-3.35350035636702,0.0702841969674164,0.19933236307161,58.7686450623047,-16.8236622728557,3.66821182713435e-18,1.10538593735284e-10,5.09881443971674e-16,1.53648645292044e-08,TRUE,TRUE,FALSE,FALSE,FALSE,FALSE,TRUE
"ATCCGGAATTACTGGGTGTAAAGGGTGCGTAGGTGGTATGGCAAGTCAGAAGTGAAAACCCAGGGCTTAACTCTGGGACTGCTTTTGAAACTGTCAGACTGGAGTGCAGGAGAGGTAAGCGGAATTCCTAGTGTAGCGGTGAAATGCGTAGATATTAGGAGGAACATCAGTGGCGAAGGCGGCTTACTGGACTGAAACTGACACTGAGGCACG",-0.241687289436638,-0.408095974261926,0.120597781758565,0.154255352386614,-2.00407740434639,-2.64558712516572,0.0533262774164672,0.012393696332068,0.06228867698226,0.0277858675831847,FALSE,TRUE,TRUE,FALSE,FALSE,FALSE,TRUE
"ATCCGGATTTATTGGGCGTAAAGCGAGCGCAGGCGGTTAGATAAGTCTGAAGTTAAAGGCTGTGGCTTAACCATAGTACGCTTTGGAAACTGTTTAACTTGAGTGCAGAAGGGGAGAGTGGAATTCCATGTGTAGCGGTGAAATGCGTAGATATATGGAGGAACACCGGTGGCGAAAGCGGCTCTCTGGTCTGTAACTGACGCTGAGGCTCG",0.575298009389042,0.392189914054247,0.132449789445503,0.173045578135238,4.34351773451291,2.26639662382903,5.94970211373266e-05,0.0273100611025306,0.000100983586364756,0.0527235901840521,TRUE,FALSE,FALSE,TRUE,FALSE,FALSE,FALSE
"GTCCGGATTTACTGGGCGTAAAGGGAGCGTAGGCGGACTTTTAAGTGAGATGTGAAATACCCGGGCTCAACTTGGGTGCTGCATTTCAAACTGGAAGTCTAGAGTGCAGGAGAGGAGAATGGAATTCCTAGTGTAGCGGTGAAATGCGTAGAGATTAGGAAGAACACCAGTGGCGAAGGCGATTCTCTGGACTGTAACTGACGCTGAGGCTCG",-0.808216674879466,0.07697540781649,0.101777042690368,0.130877955698036,-7.94105088451304,0.588146471313238,3.59650733908729e-08,0.561928272691368,1.13616936393894e-07,0.661932456814408,TRUE,FALSE,FALSE,TRUE,FALSE,FALSE,FALSE
"ATCCGGAATTATTGGGCGTAAAGAGGGAGCAGGCGGCACTAAGGGTCTGTGGTGAAAGATCGAAGCTTAACTTCGGTAAGCCATGGAAACCGTAGAGCTAGAGTGTGTGAGAGGATCGTGGAATTCCATGTGTAGCGGTGAAATGCGTAGATATATGGAGGAACACCAGTGGCGAAGGCGACGATCTGGCGCATAACTGACGCTCAGTCCCG",-0.282694984387443,-0.355688072576636,0.0995594000438574,0.145647243095958,-2.83946050561686,-2.44212018721354,0.00767852787546306,0.0201253265187116,0.00997491004382584,0.0411385350897192,TRUE,TRUE,FALSE,FALSE,FALSE,FALSE,TRUE
"ATCCGGATTTATTGGGCGTAAAGCGAGCGCAGGCGGTTTTTTAAGTCTGATGTGAAAGCCCTCGGCTTAACCGAGGAAGCGCATCGGAAACTGGGAAACTTGAGTGCAGAAGAGGACAGTGGAACTCCATGTGTAGCGGTGAAATGCGTAGATATATGGAAGAACACCAGTGGCGAAGGCGGCTGTCTGGTCTGTAACTGACGCTGAGGCTCG",-0.615094093580107,-0.116455084958677,0.0912146519569622,0.128276111728049,-6.74336940813332,-0.907847013679109,8.89848465728805e-07,0.373796795271244,2.20873101314828e-06,0.499593793679836,TRUE,FALSE,FALSE,TRUE,FALSE,FALSE,FALSE
"AATCGGAATTACTGGGCGTAAAGCGTGCGCAGGCGGTTGTGTAAGTCAGATGTGAAATCCCCGGGCTCAACCTGGGAATTGCATTTGAGACTGCACGGCTAGAGTGTGTCAGAGGGGGGTAGAATTCCACGTGTAGCAGTGAAATGCGTAGATATGTGGAGGAATACCGATGGCGAAGGCAGCCCCCTGGGATAACACTGACGCTCATGCACG",1.60806260857553,-2.19400908048511,0.138054342961183,0.168159755428664,11.6480407213823,-13.0471709767432,1.36931353551695e-08,3.17305328366908e-09,5.18287636230469e-08,2.20527203215001e-07,TRUE,TRUE,FALSE,FALSE,FALSE,FALSE,TRUE
"GTCCGGAATTATTGGGCGTAAAGGGCTTGTAGGCGGTTGGTCGCGTCTGCCGTGAAATCCTCTGGCTTAACTGGGGGCGTGCGGTGGGTACGGGCTGACTTGAGTGCGGTAGGGGAGACTGGAACTCCTGGTGTAGCGGTGGAATGCGCAGATATCAGGAAGAACACCGGTGGCGAAGGCGGGTCTCTGGGCCGTTACTGACGCTGAGGAGCG",0.82764680529763,-0.987249553653141,0.140861315580408,0.183687576548321,5.87561462057468,-5.37461254704635,4.15001085049444e-07,2.34602314043118e-06,1.10932982349755e-06,2.50844012707642e-05,TRUE,TRUE,FALSE,FALSE,FALSE,FALSE,TRUE
"GTCCGGAATTATTGGGCGTAAAGAGCTTGTAGGCGGTTTGTCGCGTCTGCTGTGAAAGGCCGGGGCTTAACCCCGTGTATTGCAGTGGGTACGGGCAGACTAGAGTGCAGTAGGGGAGACTGGAATTCCTGGTGTAGCGGTGGAATGCGCAGATATCAGGAGGAACACCGATGGCGAAGGCAGGTCTCTGGGCTGTAACTGACGCTGAGAAGCG",0.517163374383632,0.243542373350787,0.11614903966661,0.170511760651535,4.45258416141949,1.42830249608706,9.16283301609562e-05,0.162601629402361,0.000151623070147297,0.237911857757139,TRUE,FALSE,FALSE,TRUE,FALSE,FALSE,FALSE
"GTCCGGAATTATTGGGCGTAAAGCGCGCGCAGGCGGCTTCTTAAGTCCATCTTAAAAGTGCGGGGCTTAACCCCGTGATGGGATGGAAACTGAGAGGCTGGAGTATCGGAGAGGAAAGTGGAATTCCTAGTGTAGCGGTGAAATGCGTAGAGATTAGGAAGAACACCGGTGGCGAAGGCGACTTTCTGGACGACAACTGACGCTGAGGCGCG",-1.08058234881919,0.187502598011926,0.0815116254222082,0.116474974587575,-13.2567881357054,1.60981016459417,2.57855774758067e-09,0.129749054958653,1.43367810765485e-08,0.198188116914866,TRUE,FALSE,FALSE,TRUE,FALSE,FALSE,FALSE
"GTCCGGATTTATTGGGCGTAAAGCGAGCGCAGGCGGTTCCTTAAGTCTGATGTGAAAGCCCCCGGCTCAACCGGGGAGGGTCATTGGAAACTGGGGAACTTGAGTGCAGAAGAGGAGAGTGGAATTCCATGTGTAGCGGTGAAATGCGTAGATATATGGAGGAACACCAGTGGCGAAGGCGACTCTCTGGTCTGTAACTGACGCTGAGGCTCG",0.52791136257916,0.334069716418811,0.130434176948095,0.174863514524611,4.04733923984691,1.91045980819396,0.000176128406385674,0.0617041024147346,0.000284672656832659,0.112853555732212,TRUE,FALSE,FALSE,TRUE,FALSE,FALSE,FALSE
"ATCCGGATTTACTGGGTGTAAAGGGCGTGTAGGCGGGGAAGCAAGTCAGATGTGAAAACCAGTGGCTCAACCACTGGCCTGCATTTGAAACTGTTTTTCTTGAGTGATGGAGAGGCAGGCGGAATTCCGTGTGTAGCGGTGAAATGCGTAGATATACGGAGGAACACCAGTGGCGAAGGCGGCCTGCTGGACATTAACTGACGCTGAGGCGCG",-0.798507278997296,-0.0601097101511776,0.0954050876236218,0.124416834123519,-8.36965091576091,-0.483131648338693,7.50511460081585e-09,0.633045803087067,3.36519654681743e-08,0.697065173297225,TRUE,FALSE,FALSE,TRUE,FALSE,FALSE,FALSE
"ACTCGGAATCACTGGGCGTAAAGAGCGCGTAGGCGGGATAGTCAGTCAGGTGTGAAATCCTATGGCTTAACCATAGAACTGCATTTGAAACTACTATTCTAGAGTGTGGGAGAGGTAGGTGGAATTCTTGGTGTAGGGGTAAAATCCGTAGAGATCAAGAGGAATACTCATTGCGAAGGCGACCTGCTGGAACATTACTGACGCTGATTGCGCG",-0.576459838124555,0.483698970145972,0.147092535211939,0.172938672402063,-3.91902850334288,2.79693930471159,0.000577226366241847,0.00957822401358767,0.000844573314817018,0.0233574234717313,TRUE,TRUE,FALSE,FALSE,FALSE,FALSE,TRUE
"AATCGGAATAACTGGGCGTAAAGGGCACGCAGGCGGTGACTTAAGTGAGATGTGAAAGCCCCGAGCTTAACTTGGGAATTGCATTTCATACTGGGTCGCTAGAGTACTTTAGGGAGGGGTAGAATTCCACGTGTAGCGGTGAAATGCGTAGAGATGTGGAGGAATACCGAAGGCGAAGGCAGCCCCTTGGGAATGTACTGACGCTCATGTGCG",0.562139066981761,-0.671258213783638,0.0854135316060381,0.1432663306555,6.58138185380948,-4.68538707393682,8.71177867867658e-06,0.0002930500190008,1.72991033762292e-05,0.00121722119510496,TRUE,TRUE,FALSE,FALSE,FALSE,FALSE,TRUE
"ATCCGGATTTACTGGGTGTAAAGGGAGCGTAGACGGCTGTGTAAGTCTGAAGTGAAAGCCCGGGGCTCAACCCCGGGACTGCTTTGGAAACTATGCAGCTAGAGTGTCGGAGAGGTAAGTGGAATTCCCAGTGTAGCGGTGAAATGCGTAGATATTGGGAGGAACACCAGTGGCGAAGGCGGCTTACTGGACGATGACTGACGTTGAGGCTCG",-0.862431435101675,-0.206267770190673,0.0766899674277638,0.114022837361902,-11.2456878523781,-1.80900401150334,1.36865186899874e-10,0.0841379259639287,1.46340469069865e-09,0.139228234630787,TRUE,FALSE,FALSE,TRUE,FALSE,FALSE,FALSE
"GTCCGGATTTACTGGGTGTAAAGGGCGTGCAGCCGGGTCTGCAAGTCAGATGTGAAATCCATGGGCTCAACCCATGAACTGCATTTGAAACTGTAGATCTTGAGTGTCGGAGGGGCAATCGGAATTCCTAGTGTAGCGGTGAAATGCGTAGATATTAGGAGGAACACCAGTGGCGAAGGCGGATTGCTGGACGATAACTGACGGTGAGGCGCG",-1.29648344564592,0.769533661399507,0.0980983325946875,0.130765070741271,-13.216161899536,5.88485638433288,5.01997836990664e-10,2.30457328112661e-05,3.67725661645235e-09,0.000160167843038299,TRUE,TRUE,FALSE,FALSE,FALSE,FALSE,TRUE
"ATCCGGATTTATTGGGTGTAAAGGGTGCGTAGACGGGAAGACAAGTTGGTTGTGAAAGCCCTCGGCTCAACTGAGGAACTGCAACCAAAACTATCATTCTTGAGTGCGGGAGAGGAAAGTGGAATTCCTAGTGTAGCGGTGAAATGCGTAGATATTAGGAGGAACACCAGTGGCGAAGGCGACTTTCTGGACCGTAACTGACGTTGAGGCACG",-0.782016056432069,0.210173267113304,0.089098745233765,0.12088893537118,-8.77695925324564,1.73856496020899,1.0105724915657e-07,0.100187641142981,2.98871438994964e-07,0.158250933169027,TRUE,FALSE,FALSE,TRUE,FALSE,FALSE,FALSE
"GTCCGGAATTACTGGGTGTAAAGGGAGCGCAGGCGGGAAGACAAGTTGGAAGTGAAATCTATGGGCTCAACCCATAAACTGCTTTCAAAACTGTTTTTCTTGAGTAGTGCAGAGGTAGGCGGAATTCCCGGTGTAGCGGTGGAATGCGTAGATATCGGGAGGAACACCAGTGGCGAAGGCGGCCTACTGGGCACCAACTGACGCTGAGGCTCG",-0.429341531090248,0.254277416411988,0.105989045653972,0.131870704997933,-4.05081042518244,1.92823278237553,0.000624709247760851,0.0681446059135041,0.000904526931653732,0.119900002809836,TRUE,FALSE,FALSE,TRUE,FALSE,FALSE,FALSE
"ATCCGGAATTATTGGGCGTAAAGCGCGCGTAGGCGGTTTTTTAAGTCTGATGTGAAAGCCCACGGCTCAACCGTGGAGGGTCATTGGAAACTGGAAAACTTGAGTGCAGAAGAGGAAAGTGGAATTCCATGTGTAGCGGTGAAATGCGCAGAGATATGGAGGAACACCAGTGGCGAAGGCGACTTTCTGGTCTGCAACTGACGCTGATGTGCG",1.8528937128935,-0.861411080367552,0.107190252909723,0.177086622602443,17.2860279978445,-4.86434868827675,8.92449023338557e-16,4.80730361183945e-05,6.20252071220297e-14,0.000271984175046178,TRUE,TRUE,FALSE,FALSE,FALSE,FALSE,TRUE
"AATCGGAATTACTGGGCGTAAAGCGCGCGTAGGTGGTTTGTTAAGTTGGATGTGAAAGCCCCGGGCTCAACCTGGGAACTGCATCCAAAACTGGCAAGCTAGAGTACGGTAGAGGGTGGTGGAATTTCCTGTGTAGCGGTGAAATGCGTAGATATAGGAAGGAACACCAGTGGCGAAGGCGACCACCTGGACTGATACTGACACTGAGGTGCG",0.298291500408379,-0.0381845945427264,0.11212063073754,0.157001906560602,2.66045150162097,-0.243211024497893,0.0196177046438231,0.81163745813641,0.0237118343086209,0.841922437917619,TRUE,FALSE,FALSE,TRUE,FALSE,FALSE,FALSE
"GTCCGGAATTATTGGGCGTAAAGCGCGCGCAGGCGGCTTCCCAAGTCCCTCTTAAAAGTGCGGGGCTTAACCCCGTGATGGGAAGGAAACTGGGAAGCTGGAGTATCGGAGAGGAAAGTGGAATTCCTAGTGTAGCGGTGAAATGCGTAGAGATTAGGAAGAACACCGGTGGCGAAGGCGACTTTCTGGACGAAAACTGACGCTGAGGCGCG",-0.532705232737779,-0.327745627388022,0.111371636234951,0.136277352774499,-4.78313196022348,-2.40498968255092,5.9573050948993e-05,0.0235871319176923,0.000100983586364756,0.0468373048079889,TRUE,TRUE,FALSE,FALSE,FALSE,FALSE,TRUE
"ATCCGGATTTATTGGGTTTAAAGGGAGCGTAGGCCGTGGATTAAGTGTGTTGTGAAATGTAGGCGCTCAACGTCTGACTTGCAGCGCATACTGGTCCACTTGAGTGCGCGCAACGCGGGCGGAATTTGTCGTGTAGCGGTGAAATGCTTAGATATGACGAAGAACCCCGATTGCGAAGGCAGCTCGCGGGAGCGCAACTGACGCTGAAGCTCG",-0.85408565433976,0.393538446679539,0.0812579102745521,0.115575832810606,-10.5108001356914,3.405023672418,4.12669642227413e-09,0.00315619524086789,1.97796828515898e-08,0.00913981538501327,TRUE,TRUE,FALSE,FALSE,FALSE,FALSE,TRUE
"GTCCGGAATTATTGGGCGTAAAGCGCGCGCAGGCGGATCAGTCAGTCTGTCTTAAAAGTTCGGGGCTTAACCCCGTGATGGGATGGAAACTGCTGATCTAGAGTATCGGAGAGGAAAGTGGAATTCCTAGTGTAGCGGTGAAATGCGTAGATATTAGGAAGAACACCAGTGGCGAAGGCGACTTTCTGGACGAAAACTGACGCTGAGGCGCG",0.402838971399042,-0.344303312932778,0.0945567171536496,0.130195475025367,4.26028931127601,-2.64451059351866,0.000528276435047883,0.0170337981982036,0.00078957445668447,0.0364261223007738,TRUE,TRUE,FALSE,FALSE,FALSE,FALSE,TRUE
"ATCCGGATTTATTGGGTTTAAAGGGAGCGCAGGCCGGGTATTAAGCGTGTTGTGAAATGTAGGCGCCCAACGTCTGCACCGCAGCGCGAACTGGTGCCCTTGAGTACGCACGACGTTGGCGGAATTCGCCGTGTAGCGGTGAAATGCTTAGATATGGCGAAGAACTCCGATTGCGAAGGCAGCTGACGGGAGCGCTACTGACGCTCATGCTCG",-1.10039942039644,0.39892295687294,0.0980055997974865,0.125402518710504,-11.2279239417976,3.18113990831289,2.76385688390877e-09,0.00546480763070793,1.47760041101277e-08,0.0148942796209491,TRUE,TRUE,FALSE,FALSE,FALSE,FALSE,TRUE
"GTCCGGAATTATTGGGCGTAAAGGGAGCGCAGGCGGGAGATCAAGTCTATCTTAAAAGTGCGGGGCTCAACCCCGTGAGGGGATGGAAACTGGTCTTCTTGAGTGCAGGAGAGGAAAGCGGAATTCCTAGTGTAGCGGTGAAATGCGTAGATATTAGGAGGAACACCAGTGGCGAAGGCGGCTTTCTGGACTGTAACTGACGCTGAGGCTCG",-0.936820267685547,-0.141096444579257,0.0816924064183358,0.117866470657209,-11.4676542013981,-1.19708721057414,1.67090948904234e-08,0.251150105584719,5.95529279427911e-08,0.349098646762759,TRUE,FALSE,FALSE,TRUE,FALSE,FALSE,FALSE
"GTCCGGATTTACTGGGTGTAAAGGGTGCGTAGGCGGATTGGCAAGTCAGAAGTGAAATCCATGGGCTTAACCCATGAACTGCTTTTGAAACTGTTAGTCTTGAGTGAAGTAGAGGTAGGCGGAATTCCCGGTGTAGCGGTGAAATGCGTAGAGATCGGGAGGAACACCAGTGGCGAAGGCGGCCTACTGGGCTTTAACTGACGCTGAGGCACG",-1.0458369362016,0.00554725353394161,0.0816738783631696,0.114933619247063,-12.8050357979965,0.0482648468766755,4.28022374463398e-11,0.961983900276814,5.94951100504123e-10,0.968954798104907,TRUE,FALSE,FALSE,TRUE,FALSE,FALSE,FALSE
"AATCGGAATAACTGGGCGTAAAGGGCACGCAGGCGGTTATTTAAGTGAGGTGTGAAAGCCCCGGGCTTAACCTGGGAATTGCATTTCAGACTGGGTAACTAGAGTACTTTAGGGAGGGGTAGAATTCCACGTGTAGCGGTGAAATGCGTAGAGATGTGGAGGAATACCGAAGGCGAAGGCAGCCCCTTGGGAATGTACTGACGCTCATGTGCG",0.50579389523491,-0.472923000496166,0.0868006591321932,0.133130278308557,5.82707435970746,-3.55233239579107,2.02013027631005e-05,0.00244962336618068,3.80374627075356e-05,0.00740212278041554,TRUE,TRUE,FALSE,FALSE,FALSE,FALSE,TRUE
"ATCCGGATTTATTGGGTTTAAAGGGAGCGTAGGCTGGAGATTAAGTGTGTTGTGAAATGTAGACGCTCAACGTCTGAATTGCAGCGCATACTGGTTTCCTTGAGTACGCACAACGTTGGCGGAATTCGTCGTGTAGCGGTGAAATGCTTAGATATGACGAAGAACTCCGATTGCGAAGGCAGCTGACGGGAGCGCAACTGACGCTTAAGCTCG",0.779280060893188,-0.839141696208307,0.135887776731193,0.189613328704357,5.73473258330455,-4.42554171661996,9.07971798251159e-06,0.00021335065437352,1.77757859094241e-05,0.000988524698597311,TRUE,TRUE,FALSE,FALSE,FALSE,FALSE,TRUE
"AATCGGATTTACTGGGCGTAAAGCGCGCGTAGGTGGCCAATTAAGTCAAATGTGAAATCCCCGAGCTTAACTTGGGAATTGCATTCGATACTGGTTGGCTAGAGTATGGGAGAGGATGGTAGAATTCCAGGTGTAGCGGTGAAATGCGTAGAGATCTGGAGGAATACCGATGGCGAAGGCAGCCATCTGGCCTAATACTGACACTGAGGTGCG",0.0659247449681148,0.112109604090086,0.101710310761786,0.136919363810464,0.648161867507379,0.818800211818676,0.523588177547992,0.42168176546809,0.543125049844559,0.547792200000603,FALSE,FALSE,TRUE,TRUE,FALSE,FALSE,FALSE
"ATCCGGATTTATTGGGCGTAAAGGGCTCGTAGGCGGTTCGTCGCGTCCGGTGTGAAAGTCCATCGCCTAACGGTGGATCTGCGCCGGGTACGGGCGGGCTGGAGTGCGGTAGGGGAGACTGGAATTCCCGGTGTAACGGTGGAATGTGTAGATATCGGGAAGAACACCAATGGCGAAGGCAGGTCTCTGGGCCGTCACTGACGCTGAGGAGCG",-0.61425003308865,0.0148224564430978,0.0905215529830985,0.123832558164843,-6.78567714368906,0.119697571161911,1.34269907272852e-06,0.905916950448609,3.21784777774594e-06,0.919142015418662,TRUE,FALSE,FALSE,TRUE,FALSE,FALSE,FALSE
"ATCCGGATTTACTGGGTGTAAAGGGAGCGTAGACGGCATGGCAAGCCAGATGTGAAAGCCCGGGGCTCAACCCCGGGACTGCATTTGGAACTGTCAGGCTAGAGTGTCGGAGAGGAAAGCGGAATTCCTAGTGTAGCGGTGAAATGCGTAGATATTAGGAGGAACACCAGTGGCGAAGGCGGCTTTCTGGACGATGACTGACGTTGAGGCTCG",-0.636655743538225,0.106704302057239,0.0959990793994165,0.135237759220796,-6.63189425899947,0.78901264463446,1.85574970584721e-06,0.439358360922632,4.2286755592256e-06,0.560282680442622,TRUE,FALSE,FALSE,TRUE,FALSE,FALSE,FALSE
"AATCGGAATAACTGGGCGTAAAGGGCATGCAGGCGGTTCATCAAGTAGGATGTGAAATCCCCGGGCTCAACCTGGGAACAGCATACTAAACTGGTGGACTAGAGTATTGCAGGGGGAGACGGAATTCCAGGTGTAGCGGTGGAATGCGTAGATATCTGGAAGAACACCAAAGGCGAAGGCAGTCTCCTGGGCAAATACTGACGCTCATATGCG",-1.09898505126859,0.437555218595131,0.121818635248719,0.142463011334351,-9.02148549788608,3.07136016918959,1.90252776509414e-07,0.00775788742317485,5.39696651730788e-07,0.0199693768855797,TRUE,TRUE,FALSE,FALSE,FALSE,FALSE,TRUE
"ATCCGGATTTATTGGGTTTAAAGGGAGCGTAGGCCGTCTGTTAAGCGTGTTGTGAAATGTCGGGGCTCAACCTGGGCATTGCAGCGCGAACTGGCAGACTTGAGTGCGCAGGAAGTAGGCGGAATTCGTCGTGTAGCGGTGAAATGCTTAGATATGACGAAGAACTCCGATTGCGAAGGCAGCCTGCTGTAGCGTAACTGACGCTGAAGCTCG",-1.06864278820621,0.473446613734296,0.0827919353643778,0.117243378038764,-12.9075710514917,4.03815227481556,8.6748384783513e-09,0.00140735689338727,3.76813296403384e-08,0.00489056520452076,TRUE,TRUE,FALSE,FALSE,FALSE,FALSE,TRUE
"GTCCGGAATTACTGGGTGTAAAGGGAGCGCAGGCGGATTGGCAAGTTGGGAGTGAAATCTATGGGCTCAACCCATAAATTGCTTTCAAAACTGTCAGTCTTGAGTGGTGTAGAGGTAGGCGGAATTCCCGGTGTAGCGGTGGAATGCGTAGATATCGGGAGGAACACCAGTGGCGAAGGCGGCCTACTGGGCACTAACTGACGCTGAGGCTCG",-0.932879526647922,-0.229689835252645,0.0803745131726785,0.121218474784569,-11.6066585018525,-1.89484181896244,7.51934007286599e-11,0.0713316255426181,9.50171154662157e-10,0.123938699380299,TRUE,FALSE,FALSE,TRUE,FALSE,FALSE,FALSE
"GTCCGGATTTATTGGGCGTAAAGGGCTCGTAGGTGGTTGATCGCGTCGGAAGTGTAATCTTGGGGCTTAACCCTGAGCGTGCTTTCGATACGGGTTGACTTGAGGAAGGTAGGGGAGAATGGAATTCCTGGTGGAGCGGTGGAATGCGCAGATATCAGGAGGAACACCAGTGGCGAAGGCGGTTCTCTGGGCCTTTCCTGACGCTGAGGAGCG",0.283182146116211,-0.0616855719011162,0.116113538589344,0.18255955537563,2.43883830909448,-0.337892868845969,0.0181173861125855,0.736778668825036,0.0220904971021876,0.77585026489909,TRUE,FALSE,FALSE,TRUE,FALSE,FALSE,FALSE
"GTTCGGAATCACTGGGCGTAAAGCGTGCGTAGGCTGTTTCGTAAGTCGTGTGTGAAAGGCGCGGGCTCAACCCGCGGACGGCACATGATACTGCGAGACTAGAGTAATGGAGGGGGAACCGGAATTCTCGGTGTAGCAGTGAAATGCGTAGATATTAGGAGGAACACCAGTGGCGAAGGCGGCTTACTGGACGGTAACTGACGTTGAGGCTCG",-1.20661802991128,-0.100525001638922,0.0849619883543306,0.118977313832554,-14.2018572456087,-0.844908986434166,2.02363362062285e-08,0.416160430221813,6.54389249128553e-08,0.545719809441812,TRUE,FALSE,FALSE,TRUE,FALSE,FALSE,FALSE
"AATCGGAATTACTGGGCGTAAAGCGTGCGCAGGCGGTTTGTTAAGCGAGATGTGAAAGCCCCGGGCTCAACCTGGGAACCGCATTTCGAACTGGCAAACTAGAGTCTTGTAGAGGGGGGTAGAATTCCAGGTGTAGCGGTGAAATGCGTAGAGATCTGGAGGAATACCGGTGGCGAAGGCGGCCCCCTGGACAAAGACTGACGCTCAGGCACG",-1.1337484848926,0.0509303657583215,0.0800385818502486,0.117421677067743,-14.1650246504096,0.433739042314468,1.50075758551146e-11,0.669362826524136,2.60756630482616e-10,0.721251417727558,TRUE,FALSE,FALSE,TRUE,FALSE,FALSE,FALSE
"ATCCGGATTTATTGGGTTTAAAGGGAGCGTAGATGGATGTTTAAGTCAGTTGTGAAAGTTTGCGGCTCAACCGTAAAATTGCAGTTGATACTGGATATCTTGAGTGCAGTTGAGGCAGGCGGAATTCGTGGTGTAGCGGTGAAATGCTTAGATATCACGAAGAACTCCGATTGCGAAGGCAGCCTGCTAAGCTGCAACTGACATTGAGGCTCG",-0.582203829869064,-0.452045405739615,0.0700513609644181,0.133931102066197,-8.31109948263231,-3.37520858684629,1.16388941248149e-08,0.00241106464693284,4.90244328287657e-08,0.00740212278041554,TRUE,TRUE,FALSE,FALSE,FALSE,FALSE,TRUE
"AATCGGAATTACTGGGCGTAAAGCGTGCGCAGGCGGTTATGTAAGACAGATGTGAAATCCCCGGGCTCAACCTGGGAACTGCATTTGTGACTGCATGGCTAGAGTACGGTAGAGGGGGATGGAATTCCGCGTGTAGCAGTGAAATGCGTAGATATGCGGAGGAACACCGATGGCGAAGGCAATCCCCTGGACCTGTACTGACGCTCATGCACG",0.364368968349206,-0.328869381902339,0.129133584110794,0.155442440376694,2.82164373317932,-2.11569878281226,0.0128842769101516,0.051509278431426,0.0162810408228279,0.0954638626929094,TRUE,FALSE,FALSE,TRUE,FALSE,FALSE,FALSE
"GTCCGGAATTATTGGGCGTAAAGAGCTTGTAGGCGGTTTGTCGCGTCTGCTGTGAAAGGCCGGGGCTTAACCCCGTGTATTGCAGTGGGTACGGGCAGACTAGAGTGCAGTAGGGGAGACTGGAACTCCTGGTGTAGCGGTGGAATGCGCAGATATCAGGAAGAACACCGATGGCGAAGGCAGGTCTCTGGGCTGTAACTGACGCTGAGAAGCG",0.900751287908563,0.111198614656524,0.0999685091468177,0.149779774435698,9.01035031527463,0.742414088120175,9.11617793775775e-10,0.464019607343227,5.75976696976513e-09,0.570785180714235,TRUE,FALSE,FALSE,TRUE,FALSE,FALSE,FALSE
"ATCCGGAATTATTGGGCGTAAAGCGCGCGTAGGCGGTTTTTTAAGTCTGATGTGAAAGCCCACGGCTCAACCGTGGAGGGTCATTGGAAACTGGAAAACTTGAGTGCAGAAGAGGAAAGTGGAATTCCATGTGTAGCGGTGAAATGCGCAGAGATATGGAGGAACACCAGTGGCGAAGGCGGCTTTCTGGTCTGCAACTGACGCTGATGTGCG",1.57987004205561,-0.497578828613016,0.0864569441577685,0.169709091932726,18.2734892777684,-2.9319515115328,3.83105202685828e-12,0.00977051686750205,1.0650324634666e-10,0.0234155490445308,TRUE,TRUE,FALSE,FALSE,FALSE,FALSE,TRUE
"ATCCGGATTTACTGGGTGTAAAGGGAGCGTAGACGGTATGGCAAGTCTGATGTGAAAGGCCAGGGCTCAACCCTGGGACTGCATTGGAAACTGTCGAACTAGAGTGTCGGAGAGGCAAGTGGAATTCCTAGTGTAGCGGTGAAATGCGTAGATATTAGGAGGAACACCAGTGGCGAAGGCGGCTTGCTGGACGATGACTGACGTTGAGGCTCG",-0.916592750755311,-0.781245223936352,0.0785147561314173,0.118116025390134,-11.674146312333,-6.61421870026458,1.33070984028009e-08,1.16204808617279e-05,5.18287636230469e-08,9.50145199870695e-05,TRUE,TRUE,FALSE,FALSE,FALSE,FALSE,TRUE
"ATCCGGATTTATTGGGTTTAAAGGGTGCGTAGGCGGCACGCCAAGTCAGCGGTGAAATTTCCGGGCTCAACCCGGACTGTGCCGTTGAAACTGGCGAGCTAGAGTGCACAAGAGGCAGGCGGAATGCGTGGTGTAGCGGTGAAATGCATAGATATCACGCAGAACCCCGATTGCGAAGGCAGCCTGCTAGGGTGCGACAGACGCTGAGGCACG",-0.713157403280076,-0.363824424301049,0.0938684464461317,0.128717849234017,-7.59741351093241,-2.82652659647533,5.94451321724384e-08,0.00912289587560077,1.83619408265977e-07,0.0226443308340805,TRUE,TRUE,FALSE,FALSE,FALSE,FALSE,TRUE
"ATCCGGATTTATTGGGTTTAAAGGGAGCGTAGGCCGTGAGGTAAGCGTGTTGTGAAATGTAGGCGCCCAACGTCTGCACTGCAGCGCGAACTGCCCCACTTGAGTGCGCGCAACGCCGGCGGAACTCGTCGTGTAGCGGTGAAATGCTTAGATATGACGAAGAACCCCGATTGCGAAGGCAGCTGGCGGGAGCGTAACTGACGCTGAAGCTCG",-0.661645749597038,-0.477846114946665,0.071000545231807,0.11495421187411,-9.3188826569832,-4.1568386852147,7.26240071082209e-08,0.000742622634907637,2.19450804087885e-07,0.00278985260140977,TRUE,TRUE,FALSE,FALSE,FALSE,FALSE,TRUE
"ATCCGGAATTATTGGGCGTAAAGAGCTCGTAGGCGGTTTGTCGCGTCTGTCGTGAAAGTCCGGGGCTTAACCCCGGATCTGCGGTGGGTACGGGCAGACTAGAGTGCAGTAGGGGAGACTGGAATTCCTGGTGTAGCGGTGGAATGCGCAGATATCAGGAGGAACACCGATGGCGAAGGCAGGTCTCTGGGCTGTAACTGACGCTGAGGAGCG",-0.0550523060905854,0.287991813781902,0.116829358729635,0.158753243310833,-0.47121979174761,1.81408459931759,0.640783202549398,0.0793546241565827,0.659769371513825,0.132895093467048,FALSE,FALSE,TRUE,TRUE,FALSE,FALSE,FALSE
"GTCCGGAATTATTGGGCGTAAAGAGCTTGTAGGCGGTTTGTCGCGTCTGCTGTGAAAGGCCGGAGCTTAACTCCGTGTATTGCAGTGGGTACGGGCAGACTAGAGTGCAGTAGGGGAGACTGGAATTCCTGGTGTAGCGGTGGAATGCGCAGATATCAGGAGGAACACCGATGGCGAAGGCAGGTCTCTGGGCTGTAACTGACGCTGAGAAGCG",1.039988290053,-0.369729279156292,0.10512086340793,0.137249149694732,9.89326244417575,-2.6938547887447,2.03751983595376e-07,0.0184083790812281,5.66430514395144e-07,0.0387691620044046,TRUE,TRUE,FALSE,FALSE,FALSE,FALSE,TRUE
"AATCGGAATTACTGGGCGTAAAGCGCGCGTAGGTGGTTCAGCAAGTTGGATGTGAAATCCCCGGGCTCAACCTGGGAACTGCATCCAAAACTACTGAGCTAGAGTACGGTAGAGGGTGGTGGAATTTCCTGTGTAGCGGTGAAATGCGTAGATATAGGAAGGAACACCAGTGGCGAAGGCGACCACCTGGACTGATACTGACACTGAGGTGCG",1.86425183447024,-1.53395190116006,0.126015305645888,0.152296765297765,14.7938524206648,-10.0721239755876,9.4012949601628e-11,2.48524769983487e-08,1.08898333288552e-09,6.90898860554094e-07,TRUE,TRUE,FALSE,FALSE,FALSE,FALSE,TRUE
"ATCCGGAATCATTGGGCGTAAAGGGTGCGTAGGTGGCGTACTAAGTCTGTAGTAAAAGGCAATGGCTCAACCATTGTAAGCTATGGAAACTGGTATGCTGGAGTGCAGAAGAGGGCGATGGAATTCCATGTGTAGCGGTAAAATGCGTAGATATATGGAGGAACACCAGTGGCGAAGGCGGTCGCCTGGTCTGTAACTGACACTGAGGCACG",-1.0290216661448,-0.0460701489621096,0.0922653499904559,0.124993459031058,-11.1528506232431,-0.368580478684588,2.77468808512913e-10,0.716130099230134,2.26871555195852e-09,0.759863235060982,TRUE,FALSE,FALSE,TRUE,FALSE,FALSE,FALSE
"ATCCGGATTCATTGGGTTTAAAGGGTGCGTAGGCTGTGCGTCAAGTCGGGGGTGAAATTCCGGTGCTCAACACCGGGGCTGCCCTTGATACTGTCGCGCTGGAGTGCGGATGCCGCCGGAGGAATGAGTGGTGTAGCGGTGAAATGCTTAGATATCACTCAGAACACCGATTGCGAAGGCATCTGGCGAATCCGTAACTGACGCTGAGGCACG",-0.879093549256673,0.0832012588482318,0.0851450265708233,0.118198212447725,-10.3246611653289,0.703913004479904,1.75785682786776e-08,0.491605294423298,5.95956339203949e-08,0.589078757972745,TRUE,FALSE,FALSE,TRUE,FALSE,FALSE,FALSE
"GTCCGGATTTATTGGGCGTAAAGCGAGCGCAGGCGGTCAATTAAGTCTGATGTGAAAGCCCCCGGCTCAACCGGGGAGGGTCATTGGAAACTGGTTGACTTGAGTGCAGAAGAGGAGAGTGGAATTCCATGTGTAGCGGTGAAATGCGTAGATATATGGAGGAACACCAGTGGCGAAGGCGACTCTCTGGTCTGTAACTGACGCTGAGGCTCG",0.624649579283496,0.338489827087343,0.0967825454256114,0.144097024401678,6.45415530803136,2.34904106099918,6.45253199135005e-07,0.026391740978473,1.66092953110677e-06,0.0516683379719401,TRUE,FALSE,FALSE,TRUE,FALSE,FALSE,FALSE
"ACTCGGAATTACTGGGCGTAAAGCGTGCGTAGGTGGTTATTTAAGTCCGTTGTGAAAGCCCTGGGCTCAACCTGGGAACTGCAGTGGATACTGGATGACTAGAATGTGGTAGAGGGTAGCGGAATTCCTGGTGTAGCAGTGAAATGCGTAGAGATCAGGAGGAACATCCATGGCGAAGGCAGCTACCTGGACCAACATTGACACTGAGGCACG",0.592105026740746,-1.33909188724268,0.152332142416225,0.173202594165922,3.88693428287055,-7.73136160974517,0.00164348880247938,2.03344028354143e-06,0.00223965630926112,2.50844012707642e-05,TRUE,TRUE,FALSE,FALSE,FALSE,FALSE,TRUE
"GTTCGGAATTACTGGGCGTAAAGCGCACGTAGGCGGATATTTAAGTCAGGGGTGAAATCCCGCAGCTCAACTGCGGAACTGCCTTTGATACTGGGTATCTTGAGTATGGAAGAGGTAAGTGGAATTCCGAGTGTAGAGGTGAAATTCGTAGATATTCGGAGGAACACCAGTGGCGAAGGCGGCTTACTGGTCCATTACTGACGCTGAGGTGCG",-0.609826703652193,0.134341210041758,0.16059829696515,0.175776616786581,-3.79721774873196,0.76427236169227,0.00112983477512947,0.453628272754676,0.00158633367417168,0.570697085002439,TRUE,FALSE,FALSE,TRUE,FALSE,FALSE,FALSE
"ATCCGGATTTATTGGGTTTAAAGGGTGCGTAGGCGGCCTGTTAAGTCAGCGGTGAAATCTAGGAGCTTAACTCCTAAATTGCCATTGATACTGGCGGGCTTGAGTGTAGATGAGGTAGGCGGAATGCGTGGTGTAGCGGTGGAATGCATAGATATCACGCAGAACTCCGATTGCGAAGGCAGCTTACTAAGGTACAACTGACGCTGAAGCACG",0.545155494103168,-0.490494843472155,0.126039426406669,0.181641459941344,4.32527749169703,-2.7003462955569,0.000164381137508743,0.0114405674415193,0.000268811507220179,0.0269532012605285,TRUE,TRUE,FALSE,FALSE,FALSE,FALSE,TRUE
"ATCCGGATTTATTGGGCGTAAAGCGCGTCTAGGTGGTTATATAAGTCTGATGTGAAAATGCAGGGCTCAACTCTGTATTGCGTTGGAAACTGTATAACTAGAGTACTGGAGAGGTAAGCGGAACTACAAGTGTAGAGGTGAAATTCGTAGATATTTGTAGGAATGCCGATGGGGAAGCCAGCTTACTGGACAGATACTGACGCTGAAGCGCG",0.670877721890013,-0.25489932755047,0.10661255329749,0.142804174202347,6.29267099548783,-1.784957120296,2.77669703672607e-05,0.0976079216385999,5.07843273822268e-05,0.155948288595004,TRUE,FALSE,FALSE,TRUE,FALSE,FALSE,FALSE
"ATCCGGATTTATTGGGCGTAAAGCGAGCGCAGGCGGTTAGATAAGTCTGAAGTTAAAGGCTGTGGCTTAACCATAGTACGCTTTGGAAACTGTTTAACTTGAGTGCAAGAGGGGAGAGTGGAATTCCATGTGTAGCGGTGAAATGCGTAGATATATGGAGGAACACCGGTGGCGAAAGCGGCTCTCTGGCTTGTAACTGACGCTGAGGCTCG",1.42875055432951,-0.586227635409872,0.116059167531585,0.192968097296859,12.3105359509035,-3.0379510583453,1.11498529602689e-13,0.00471384307181029,5.16609853825791e-12,0.0133719221832986,TRUE,TRUE,FALSE,FALSE,FALSE,FALSE,TRUE
"GTCCGGAATTACTGGGCGTAAAGGGCTCGTAGGTGGTTTGTCGCGTCGTCTGTGAAATTCCGGGGCTTAACTCCGGGCGTGCAGGCGATACGGGCATAACTTGAGTACTGTAGGGGTAACTGGAATTCCTGGTGTAGCGGTGAAATGCGCAGATATCAGGAGGAACACCGATGGCGAAGGCAGGTTACTGGGCAGTTACTGACGCTGAGGAGCG",-0.0848111676442268,0.65879066104848,0.11467574993447,0.147973209901647,-0.739573690973819,4.45209414248941,0.465940787000949,0.000132677501645642,0.494395186207114,0.000635936990646352,FALSE,TRUE,TRUE,FALSE,FALSE,FALSE,TRUE
"ATCCGGAGTGACTGGGCGTAAAGAGTTGCGTAGGCGGTTTGTTAAGTGAATAGTGAAATCTGGTGGCTCAACCATACAGGCTATTATTCAAACTGGCAAACTCGAGAGTGGTAGAGGTCACTGGAATTTCTTGTGTAGGAGTGAAATCCGTAGATATAAGAAGGAACACCGATGGCGTAGGCAGGTGACTGGACCATTTCTGACGCTAAGGCACG",-0.99938374469051,0.114888134512772,0.0824146776526743,0.116710526518684,-12.1262834868114,0.984385367282013,3.74596184734483e-09,0.340538798979872,1.85960248850333e-08,0.464067579001983,TRUE,FALSE,FALSE,TRUE,FALSE,FALSE,FALSE
"ATCCGGAATTATTGGGCGTAAAGGGCTTGTAGGTGGCTGGTTGCGTCTGTCGTGAAAGCTCATGGCTTAACTGTGGGTTTGCGGTGGGTACGGGCTGGCTTGAGTGCAGTAGGGGAGACTGGAATTCCTGGTGTAGCGGTGGAATGCGCAGATATCAGGAGGAATACCGGTGGCGAAGGCGGGTCTCTGGGCTGTTACTGACGCTGAGGAGCG",-1.00941818042453,-0.201036980912758,0.0861980140541223,0.120637331704358,-11.7104575030085,-1.66645745618307,2.09073774517792e-10,0.111207695547317,1.81632841612332e-09,0.173683929000866,TRUE,FALSE,FALSE,TRUE,FALSE,FALSE,FALSE
"ATCCGGATTTACTGGGTGTAAAGGGAGCGTAGACGGCTTTGCAAGTCTGACGTGAAACTCCGGGGCTCAACTCCGGAACTGCGTTGGAAACTGTAAGGCTTGAGTGCCGGAGAGGTAAGCGGAATTCCTAGTGTAGCGGTGAAATGCGTAGATATTAGGAGGAACACCAGTGGCGAAGGCGGCTTACTGGACGGCAACTGACGTTGAGGCTCG",-0.934001001351606,-0.32506336470145,0.0854819626537223,0.120900217281664,-10.9262933647785,-2.68869131925663,1.53915827984938e-08,0.0168361267960509,5.63007897102799e-08,0.0364261223007738,TRUE,TRUE,FALSE,FALSE,FALSE,FALSE,TRUE
"ATCCGGATTTATTGGGTTTAAAGGGAGCGTAGGCGGATTATTAAGTCAGTGGTGAAAGACGGTGGCTCAACCATCGTTAGCCATTGAAACTGGTAGTCTTGAGTGCAGACAGGGATGCTGGAACTCGTGGTGTAGCGGTGAAATGCTTAGATATCACGATGAACTCCGATCGCGAAGGCAGGTGTCCGGGCTGCAACTGACGCTGAGGCTCG",-0.418626656660532,0.882559214651176,0.103816199801972,0.150336557823786,-4.03238278283212,5.87055622016869,0.00142270274156717,5.49592519298993e-05,0.00195797704037462,0.000293820616086769,TRUE,TRUE,FALSE,FALSE,FALSE,FALSE,TRUE
"AATCGGAATTACTGGGCGTAAAGCGAGTGTAGGTGGCTCATTAAGTCACATGTGAAATCCCCGGGCTTAACCTGGGAACTGCATGTGATACTGGTGGTGCTAGAATATGTGAGAGGGAAGTAGAATTCCAGGTGTAGCGGTGAAATGCGTAGAGATCTGGAGGAATACCGATGGCGAAGGCAGCTTCCTGGCATAATATTGACACTGAGATTCG",-0.0602700198112666,-0.0895460174529262,0.142105076031537,0.167583692994649,-0.42412292012631,-0.534336103070514,0.673867635348662,0.59622161744394,0.688732362599,0.678343194457868,FALSE,FALSE,TRUE,TRUE,FALSE,FALSE,FALSE
"ATCCGGAATTATTGGGCGTAAAGGGTGCGTAGGCGGCCTGTTAAGTAAGTGGTTAAATTGTTGGGCTCAACCCAATCCAGCCACTTAAACTGGCAGGCTAGAGTATTGGAGAGGCAAGTGGAATTCCATGTGTAGCGGTAAAATGCGTAGATATATGGAGGAACACCAGTGGCGAAGGCGGCTTGCTAGCCAAAGACTGACGCTCATGCACG",0.100950629521183,0.523585731154877,0.140206504809055,0.19533767350811,0.720013879945625,2.68041346941269,0.477089091153363,0.0118283975864048,0.502389270229678,0.0274024544085046,FALSE,TRUE,TRUE,FALSE,FALSE,FALSE,TRUE
"AATCGGAATTACTGGGCGTAAAGCGCGCGTAGGTGGTTCGTTAAGTTGGATGTGAAATCCCCGGGCTCAACCTGGGAACTGCATTCAAAACTGACGAGCTAGAGTATGGTAGAGGGTGGTGGAATTTCCTGTGTAGCGGTGAAATGCGTAGATATAGGAAGGAACACCAGTGGCGAAGGCGACCACCTGGACTGATACTGACACTGAGGTGCG",0.630445454909685,-0.0646479678020355,0.0868518580020447,0.124163587696218,7.2588597344094,-0.520667685281494,6.37449134437992e-06,0.611352061117373,1.32246909980419e-05,0.685305939478345,TRUE,FALSE,FALSE,TRUE,FALSE,FALSE,FALSE
"ATCCGGATTTATTGGGTTTAAAGGGAGCGTAGGCGGATTGTTAAGTCAGCGGTTAAAGGGTGTGGCTCAACCATGCATTGCCGTTGAAACTGGCGATCTTGAGTGCAGACAGGGATGCCGGAATTCGTGGTGTAGCGGTGAAATGCTTAGATATCACGAAGAACTCCGATCGCGAAGGCAGGTGTCCGGGCTGCAACTGACGCTGAGGCTCG",0.606305968196821,-0.772693055246547,0.139897624609687,0.169851210465366,4.33392611124319,-4.54923490465267,0.000971961044426726,0.000667062093204571,0.00137859780791138,0.00257560085987321,TRUE,TRUE,FALSE,FALSE,FALSE,FALSE,TRUE
"ATCCGGATTTATTGGGTTTAAAGGGAGCGCAGGCGGCGGCGTAAGTCAGTTGTGAAATCGTGCGGCTTAACCGTGCAATTGCAGTTGATACTGCGTCGCTTGAGTGCACACAGGGATGTTGGAATTCATGGTGTAGCGGTGAAATGCTTAGATATCATGAAGAACTCCGATCGCGAAGGCATATGTCCGGAGTGCAACTGACGCTGAGGCTCG",-0.961635306491735,0.0926075401417034,0.0898302499661906,0.120945265733902,-10.7050276143467,0.765697934348703,2.02436961960631e-08,0.455736521117056,6.54389249128553e-08,0.570697085002439,TRUE,FALSE,FALSE,TRUE,FALSE,FALSE,FALSE
"AATCGGAATTACTGGGCGTAAAGCGGGCGCAGACGGTTACTTAAGCAGGATGTGAAATCCCCGGGCTCAACCTGGGAACTGCGTTCTGAACTGGGTGACTAGAGTGTGTCAGAGGGAGGTAGAATTCCACGTGTAGCAGTGAAATGCGTAGAGATGTGGAGGAATACCGATGGCGAAGGCAGCCTCCTGGGATAACACTGACGTTCATGCCCG",0.915119250849915,-0.636744051523543,0.0889239931016087,0.13593665969846,10.2910274148874,-4.68412312716815,2.62453466241538e-07,0.000528511611540158,7.15314349168113e-07,0.00209894611440234,TRUE,TRUE,FALSE,FALSE,FALSE,FALSE,TRUE
"GTCCGGAATTACTGGGCGTAAAGAGCTCGTAGGCGGTTTGTCACGTCGTCTGTGAAATCCTAGGGCTTAACCCTGGACGTGCAGGCGATACGGGCTGACTTGAGTACTACAGGGGAGACTGGAATTTCTGGTGTAGCGGTGGAATGCACAGATATCAGGAAGAACACCGATGGCGAAGGCAGGTCTCTGGGTAGTAACTGACGCTGAGGAGCG",-1.05414159444541,1.07178584926116,0.0911087764182876,0.161733557593012,-11.5701432494907,6.62686127240342,8.82006320735598e-13,2.08993755999037e-07,3.0649719645562e-11,4.84168868064435e-06,TRUE,TRUE,FALSE,FALSE,FALSE,FALSE,TRUE
"ATCCGGATTTACTGGGTGTAAAGGGCGCGTAGGCGGGGATACAAGTCAGATGTGAAATCTATGGGCTTAACCCATAAACTGCATTTGAAACTGTATCTCTTGAGTGTCGGAGAGGTAGACGGAATTCCTAGTGTAGCGGTGAAATGCGTAGATATTAGGAGGAACACCAGTGGCGAAGGCGGTCTACTGGACGATAACTGACGCTGAGGCGCG",-1.09360682497932,-0.00215135487241765,0.0737528033679026,0.114501004663958,-14.8280034797329,-0.0187889606622364,1.28668233233434e-08,0.985345936180137,5.18287636230469e-08,0.985345936180137,TRUE,FALSE,FALSE,TRUE,FALSE,FALSE,FALSE
"ATCCGGATTTACTGGGCGTAAAGGGTGCGTAGGTGGTCCTTCAAGTCGGTGGTTAAAGGCTACGGCTCAACCGTAGTAAGCCGCCGAAACTGGAGGACTTGAGTGCAGGAGAGGAAAGTGGAATTCCCAGTGTAGCGGTGAAATGCGTAGATATTGGGAGGAACACCAGTAGCGAAGGCGGCTTTCTGGACTGCAACTGACACTGAGGCACG",0.819737729101783,-1.04932156539293,0.13810545996303,0.16400176737385,5.93559247636715,-6.39823327635826,5.66415863957112e-06,1.94344206111133e-06,1.19290613772786e-05,2.50844012707642e-05,TRUE,TRUE,FALSE,FALSE,FALSE,FALSE,TRUE
"GTCCGGAATTATTGGGCGTAAAGGGTACGTAGGCGGTTTTTTAAGTCAGGTGTGAAAGCGTGAGGCTTAACCTCATTAAGCACTTGAAACTGGAAGACTTGAGTGAAGGAGAGGAAAGTGGAATTCCTAGTGTAGCGGTGAAATGCGTAGATATTAGGAGGAATACCGGTGGCGAAGGCGACTTTCTGGACTTTTACTGACGCTCAGGTACG",0.494164763299312,-0.983990749385972,0.116506418648555,0.149638957884954,4.24152393517453,-6.57576585198145,0.000550080630542281,4.7149475024945e-06,0.000813417102610395,4.36918468564491e-05,TRUE,TRUE,FALSE,FALSE,FALSE,FALSE,TRUE
"GTTCGGAATTACTGGGCGTAAAGCGCACGCAGGCGGTTCGTTAAGTCTGCTGTCAAAGGCTGAGGCTCAACCTCAGTTCTACAACAGATACTGGCGGACTAGAGTATGTGAGAGGGAAGTGGAATTCCCGGTGTAGCGGTGAAATGCGTAGATATCGGGAGGAACACCAGTGGCGAAGGCGGCTTCCTGGCACACTACTGACGCTCATGTGCG",-1.01909416875747,-0.0724708471456201,0.0890420363556435,0.121732392515764,-11.4450905489975,-0.595329194209632,1.7346497731165e-10,0.557985151095121,1.67953081324522e-09,0.661932456814408,TRUE,FALSE,FALSE,TRUE,FALSE,FALSE,FALSE
"GTCCGGAATTATTGGGCGTAAAGGGCGCGCAGGCGGCTTCTTAAGTCTGTCTTAAAAGTGCGGGGCTTAACCCCGTGATGGGATGGAAACTGGGAAGCTCAGAGTATCGGAGAGGAAAGCGGAATTCCTAGTGTAGCGGTGAAATGCGTAGATATTAGGAGGAACACCAGTGGCGAAAGCGGCTTTCTGGACGAAAACTGACGCTGAGGCGCG",0.807934352963784,-0.470224481794135,0.106832800083751,0.149210414310383,7.5626057945725,-3.15141864572528,1.70891972451347e-06,0.00658721849952552,4.01742779207282e-06,0.017438849970806,TRUE,TRUE,FALSE,FALSE,FALSE,FALSE,TRUE
"ATCCGGATTTACTGGGTGTAAAGGGAGCGTAGACGGGATAGCAAGTCTGAAGTGAAAGCCCGGGGCTCAACCCCGGGACTGCTTTGGAAACTGTTGACCTGGAGTGCTGGAGAGGCAAGTGGAATTCCTAGTGTAGCGGTGAAATGCGTAGATATTAGGAGGAACACCAGTGGCGAAGGCGGCTTGCTGGACAGTGACTGACGTTGAGGCTCG",-1.04350316009476,0.057270572755034,0.0856955345724555,0.118486957712107,-12.176867386392,0.483349170751659,1.75304730441146e-08,0.636886884955019,5.95956339203949e-08,0.697065173297225,TRUE,FALSE,FALSE,TRUE,FALSE,FALSE,FALSE
"GTCCGGAATTATTGGGCGTAAAGAGCTTGTAGGCGGTTTGTCGCGTCTGCTGTGAAAATCCGGGGCTCAACCCCGGACTTGCAGTGGGTACGGGCAGACTAGAGTGTGGTAGGGGAGACTGGAATTCCTGGTGTAGCGGTGAAATGCGCAGATATCAGGAGGAACACCGATGGCGAAGGCAGGTCTCTGGGCCACTACTGACGCTGAGAAGCG",0.424783599350705,0.973944440798783,0.122531837326879,0.153471477101014,3.46672023057574,6.34609413550989,0.00219218506202546,2.18967421317578e-06,0.00295838566622853,2.50844012707642e-05,TRUE,TRUE,FALSE,FALSE,FALSE,FALSE,TRUE
"ATCCGGAATTATTGGGCGTAAAGAGTGCGTAGGTGGCACCTTAAGCGCAGGGTTTAAGGCAATGGCTCAACCATTGTTCGCCTTGCGAACTGGGGTGCTTGAGTGCAGGAGGGGAAAGTGGAATTCCTAGTGTAGCGGTGAAATGCGTAGATATTAGGAGGAACACCAGTGGCGAAGGCGACTTTCTGGACTGTTACTGACACTGAGGCACG",0.94222889088073,-1.45978637877441,0.0991527533551282,0.135660001475661,9.50280107205916,-10.7606248186302,2.53161867678146e-06,8.0864737724886e-07,5.58563485829561e-06,1.60574264910845e-05,TRUE,TRUE,FALSE,FALSE,FALSE,FALSE,TRUE
"GTCCGGAATTACTGGGCGTAAAGAGCTCGTAGGTGGTTTGTCGCGTCGTTTGTGTAAGTCCACGGCTTAACTGTGGGATGGCAGGCGATACGGGCATAACTTGAGTGCTGTAGGGGAGACTGGAATTCCTGGTGTAGCGGTGAAATGCGCAGATATCAGGAGGAACACCGATGGCGAAGGCAGGTCTCTGGGCAGTAACTGACGCTGAGGAGCG",0.0825861823293592,0.0805437480694658,0.0973837187405361,0.138695178757535,0.84804917492828,0.58072493067889,0.406445951420127,0.567912614736479,0.434584517287675,0.663360113011518,FALSE,FALSE,TRUE,TRUE,FALSE,FALSE,FALSE
"ATCCGGATTCATTGGGCGTAAAGCGCTCGTAGGCGGTCTGTTAGGTCGGGAGTTAAATCCGGGGGCTCAACCCCCGTTCGCTCCCGATACCGGCAGACTTGAGTTTGGTAGGGGAAGGTGGAATTCCTAGTGTAGCGGTGGAATGCGCAGATATTAGGAAGAACACCAGTGGCGAAGGCGGCCTTCTGGGCCATAACTGACGCTGAGGAGCG",1.57412575010268,-0.826287026498301,0.0996458167245717,0.150865421887717,15.7972085717725,-5.47698084928483,5.40289370105308e-12,3.34650805626331e-05,1.2516703740773e-10,0.000221506961819333,TRUE,TRUE,FALSE,FALSE,FALSE,FALSE,TRUE
"GTCCGGAATTATTGGGCGTAAAGAGCTCGTAGGCGGCTGGTCGCGTCTGTCGTGAAAACTTCCGGCTCAACCGGGGGCTTGCGGTGGGTACGGGCCGGCTAGAGTGCGGTAGGGGTAACTGGAACTCCTGGTGTAGCGGTGGAATGCGCAGATATCAGGAAGAACACCGATGGCGAAGGCAGGTTACTGGGCCGTTACTGACGCTGAGGAGCG",1.62232920889242,-1.43863208321857,0.114438708813575,0.15166357782674,14.1764025976146,-9.48567944811413,6.78600012483876e-12,7.63007032598597e-09,1.34750573907513e-10,2.65144943828013e-07,TRUE,TRUE,FALSE,FALSE,FALSE,FALSE,TRUE
"GTCCGGAATTACTGGGCGTAAAGAGCTCGTAGGTGGTTTGTCGCGTCGTTTGTGTAAGCCCGCAGCTTAACTGCGGGACTGCAGGCGATACGGGCATAACTTGAGTGCTGTAGGGGAGACTGGAATTCCTGGTGTAGCGGTGGAATGCGCAGATATCAGGAGGAACACCGATGGCGAAGGCAGGTCTCTGGGCAGTAACTGACGCTGAGGAGCG",0.726218165860739,0.267196207018938,0.0915525384472533,0.132866968509338,7.93225592842672,2.01100551940537,2.45406156015536e-06,0.0655349866392048,5.50184769131605e-06,0.116786706959609,TRUE,FALSE,FALSE,TRUE,FALSE,FALSE,FALSE
"GTCCGGAATTATTGGGCGTAAAGCGCGCGCAGGCGGTCTCTTAAGTCTGATGTGAAATCTCGCGGCTCAACCGCGAGCGGCCATTGGAAACTGGGAGGCTTGAGTGCAGAAGAGGAGAGTGGAATTCCATGTGTAGCGGTGAAATGCGTAGATATATGGAGGAACACCAGTGGCGAAGGCGACTCTCTGGTCTGTAACTGACGCTGAGGCGCG",0.468157013892135,0.990442839769645,0.0928770402796352,0.128718566408347,5.04061081708249,7.69463852345562,0.000180423287677578,2.14784030498284e-06,0.000288262494105556,2.50844012707642e-05,TRUE,TRUE,FALSE,FALSE,FALSE,FALSE,TRUE
"GTCCGGATTTATTGGGCGTAAAGGGAGTGTAGGCGGTCTTTTAAGTCTGATGTGAAAGCCCACGGCTCAACCGTGGAGGGTCATTGGAAACTGGGAGACTTGAGTGCAGAAGAGGAGAGCGGAATTCCATGTGTAGCGGTGAAATGCGTAGATATATGGAGGAACACCAGTGGCGAAGGCGGCTCTCTGGTCTGTAACTGACGCTGAGGCTCG",1.33851556031321,-0.72728579349484,0.0955950106571601,0.137354630630136,14.0019395480129,-5.29494921400392,5.11048941825202e-10,8.99080568421299e-05,3.67725661645235e-09,0.000447742866022925,TRUE,TRUE,FALSE,FALSE,FALSE,FALSE,TRUE
"ATCCGGATTTATTGGGCGTAAAGCGCGTCTAGGTGGTTATGTAAGTCTGATGTGAAAATGCAGGGCTCAACTCTGTATTGCGTTGGAAACTGTATAACTAGAGTACTGGAGAGGTAAGCGGAACTACAAGTGTAGAGGTGAAATTCGTAGATATTTGTAGGAATGCCGATGGGGAAGCCAGCTTACTGGACAGATACTGACGCTGAAGCGCG",0.300509018024772,0.143028007939001,0.0967809564932491,0.128762136716584,3.10504286084147,1.11079243934742,0.0083651720146973,0.286780707041265,0.0107662862041012,0.394678398799364,TRUE,FALSE,FALSE,TRUE,FALSE,FALSE,FALSE
"ATCCGGAATTATTGGGCATAAAGGGCATCTAGGCGGCCAGATAAGTCTGGGGTGAAAACTTGCGGCTCAACCGCAAGCCTGCCCTGGAAACTATGTGGCTAGAGTACTGGAGAGGTGGACGGAACTGCACGAGTAGAGGTGAAATTCGTAGATATGTGCAGGAATGCCGATGATGAAGATAGTTCACTGGACGGTAACTGACGCTGAAGTGCG",-0.238508400304316,1.05406227337949,0.133334026592262,0.15559222918425,-1.78880370150134,6.77451746083854,0.10392908715557,4.89180170946364e-05,0.120384525955202,0.000271984175046178,FALSE,TRUE,TRUE,FALSE,FALSE,FALSE,TRUE
"ATCCGGATTTATTGGGTTTAAAGGGTGCGTAGGCCGTTTGATAAGCGTGCTGTGAAATATAGTGGCTCAACCTCTATCGTGCAGCGCGAACTGTTGAACTTGAGTGCGTAGTAGGTAGGCGGAATTCGTGGTGTAGCGGTGAAATGCTTAGATATCACGAAGAACTCCGATTGCGAAGGCAGCTTACCGTAACGTTACTGACGCTTAAGCACG",-0.52079741901739,0.907117534041653,0.105425699324424,0.136377199012562,-4.93994749244918,6.6515336919194,0.000442626186299112,3.60370058227005e-05,0.000668750433647571,0.000227688354970699,TRUE,TRUE,FALSE,FALSE,FALSE,FALSE,TRUE
"GTCCGGAATTATTGGGCGTAAAGAGCTTGTAGGCGGTTGGTCGCGTCTGCTGTGAAAGGCTGGGGCTTAACCCTGGTTTTGCAGTGGGTACGGGCTAACTAGAGTGCAGTAGGGGAGACTGGAATTCCTGGTGTAGCGGTGGAATGCGCAGATATCAGGAGGAACACCGATGGCGAAGGCAGGTCTCTGGGCTGTAACTGACGCTGAGAAGCG",0.513375927303448,0.371227179625322,0.0976261664396286,0.127357237935375,5.25858943381656,2.91484948671465,0.000201540383002171,0.0129637642049935,0.00031834219587843,0.0286025908649856,TRUE,TRUE,FALSE,FALSE,FALSE,FALSE,TRUE
"GTCCGGAATTATTGGGCGTAAAGCGCGCGCAGGCGGCCTATCCAGTCTGTCTTAAAAGTTCGGGGCTCAACCCCGTGATGGGATGGAAACTAGTAGGCTAGAGTATCGGAGAGGAAAGCGGAATTCCTAGTGTAGCGGTGAAATGCGTAGATATTAGGAAGAACACCAGTGGCGAAGGCGGCTTTCTGGACGAAAACTGACGCTGAGGCGCG",-0.00435913901823537,0.886973185496821,0.0846088069615776,0.135383804210209,-0.0515211025279548,6.55154573821566,0.959833980042261,4.12678888678341e-05,0.959833980042261,0.000249401589244736,FALSE,TRUE,TRUE,FALSE,FALSE,FALSE,TRUE
"GTCCGGAATTATTGGGCGTAAAGCGCGCGCAGGCGGTCTCTTAAGTCTGATGTGAAAGCCCACGGCTCAACCGTGGAGGGTCATTGGAAACTGGGAGACTTGAGTACAGAAGAGGAGAGTGGAATTCCACGTGTAGCGGTGAAATGCGTAGATATGTGGAGGAACACCAGTGGCGAAGGCGACTCTCTGGTCTGTAACTGACGCTGAGGCGCG",1.70861881057237,-0.729186025512916,0.0664275097894614,0.132213884160165,25.7215544582019,-5.51520008768197,1.81244332364593e-10,0.000256270333963492,1.67953081324522e-09,0.00114908311035243,TRUE,TRUE,FALSE,FALSE,FALSE,FALSE,TRUE
"ATCCGGATTTATTGGGCGTAAAGCGCGTCTAGGTGGTTATGTAAGTCTGATGTGAAAATGCAGGGCTCAACTCTGTATTGCGTTGGAAACTGTGTAACTAGAGTACTGGAGAGGTAAGCGGAACTACAAGTGTAGAGGTGAAATTCGTAGATATTTGTAGGAATGCCGATGGGGAAGCCAGCTTACTGGACAGATACTGACGCTGAAGCGCG",1.0169282094804,-0.528651763649131,0.08676361837158,0.122003150736536,11.7206754232544,-4.33309927208965,1.48135918083496e-07,0.00118839900244869,4.28976929450123e-07,0.00434703845632548,TRUE,TRUE,FALSE,FALSE,FALSE,FALSE,TRUE
"ATCCGGATTTATTGGGTTTAAAGGGTCCGTAGGCGGACTTATAAGTCAGTGGTGAAAGCCTGTCGCTTAACGATAGAACTGCCATTGATACTGTAAGTCTTGAGTATATTTGAGGTAGCTGGAATAAGTAGTGTAGCGGTGAAATGCATAGATATTACTTAGAACACCAATTGCGAAGGCAGGTTACCAAGATATAACTGACGCTGAGGGACG",-0.123031146966427,0.215665405593354,0.129953269954844,0.153953840911108,-0.946733752903463,1.40084459287949,0.364108080733205,0.18883437432259,0.392333513348182,0.270597711658144,FALSE,FALSE,TRUE,TRUE,FALSE,FALSE,FALSE
"ATCCGGATTTACTGGGTGTAAAGGGAGCGCAGACGGCAATGCAAGTCTGAAGTGAAAGGCGTGGGCTCAACCCATGAACTGCTTTGGAAACTGTATAGCTTGAGTGTCGGAGGGGTAAGCGGAATTCCTAGTGTAGCGGTGAAATGCGTAGATATTAGGAGGAACACCGGAGGCGAAGGCGGCTTACTGGACGACAACTGACGTTGAGGCTCG",0.862871906213062,-0.437555433480525,0.0831441580336316,0.128285288274378,10.3780220597583,-3.4107997835627,1.13013044086529e-06,0.00664934567232172,2.75593212772412e-06,0.017438849970806,TRUE,TRUE,FALSE,FALSE,FALSE,FALSE,TRUE
"GCTCGGAATTACTGGGCGTAAAGGGAGCGTAGGCGGACATTTAAGTCAGGGGTGAAATCCCGGGGCTCAACCTCGGAATTGCCTTTGATACTGGGTGTCTTGAGTATGAGAGAGGTGTGTGGAACTCCGAGTGTAGAGGTGAAATTCGTAGATATTCGGAAGAACACCAGTGGCGAAGGCGACACACTGGCTCATTACTGACGCTGAGGCTCG",0.107013510985858,-0.544864992146703,0.108259119932212,0.137878194274537,0.988494189245821,-3.95178508837875,0.340952825784384,0.00165595190384228,0.376130498285948,0.00535296080544366,FALSE,TRUE,TRUE,FALSE,FALSE,FALSE,TRUE
